task_train_scripts/PPU_train_multitask_astribot.sh: line 75: PYTHONPATH: unbound variable
task_train_scripts/PPU_train_multitask_astribot.sh: line 75: PYTHONPATH: unbound variable
[INFO] dataset_yaml : configs/data/astribot_posttrain32.yaml
[INFO] dataset_dirs : ['/data/share/1919650160032350208/foundation_model/datasets/astribot_lerobotv3//oven_new_2_fx_20260513_compressed', '/data/share/1919650160032350208/foundation_model/datasets/astribot_lerobotv3//oven_new_2_fx_20260514_compressed', '/data/share/1919650160032350208/foundation_model/datasets/astribot_lerobotv3//oven_new_2_fx_20260515_compressed', '/data/share/1919650160032350208/foundation_model/datasets/astribot_lerobotv3//oven_new_2_fx_20260518_compressed', '/data/share/1919650160032350208/foundation_model/datasets/astribot_lerobotv3//fridge_chicken_golden_zjm_20260324_compressed', '/data/share/1919650160032350208/foundation_model/datasets/astribot_lerobotv3//fridge_chicken_golden_zjm_20260325_compressed', '/data/share/1919650160032350208/foundation_model/datasets/astribot_lerobotv3//fridge_chicken_golden_zjm_20260327_compressed', '/data/share/1919650160032350208/foundation_model/datasets/astribot_lerobotv3//fridge_fruits_fx_20260508_compressed', '/data/share/1919650160032350208/foundation_model/datasets/astribot_lerobotv3//fridge_fruits_fx_20260509_compressed', '/data/share/1919650160032350208/foundation_model/datasets/astribot_lerobotv3//fridge_fruits_fx_20260511_compressed', '/data/share/1919650160032350208/foundation_model/datasets/astribot_lerobotv3//fridge_fruits_fx_20260602_compressed', '/data/share/1919650160032350208/foundation_model/datasets/astribot_lerobotv3//fridge_fruits_fx_20260603_compressed', '/data/share/1919650160032350208/foundation_model/datasets/astribot_lerobotv3//fridge_meat_fx_20260428_compressed', '/data/share/1919650160032350208/foundation_model/datasets/astribot_lerobotv3//fridge_meat_fx_20260429_compressed', '/data/share/1919650160032350208/foundation_model/datasets/astribot_lerobotv3//fridge_meat_fx_20260430_compressed', '/data/share/1919650160032350208/foundation_model/datasets/astribot_lerobotv3//fridge_salmon_golden_zjm_20260310_compressed', '/data/share/1919650160032350208/foundation_model/datasets/astribot_lerobotv3//fridge_salmon_golden_zjm_20260311_compressed', '/data/share/1919650160032350208/foundation_model/datasets/astribot_lerobotv3//fridge_salmon_golden_zjm_20260312_compressed', '/data/share/1919650160032350208/foundation_model/datasets/astribot_lerobotv3//fridge_salmon_golden_zjm_20260313_compressed', '/data/share/1919650160032350208/foundation_model/datasets/astribot_lerobotv3//fridge_salmon_zjm_20260306_compressed', '/data/share/1919650160032350208/foundation_model/datasets/astribot_lerobotv3//fridge_salmon_zjm_20260309_compressed', '/data/share/1919650160032350208/foundation_model/datasets/astribot_lerobotv3//fridge_shrimp_fx_20260423_compressed', '/data/share/1919650160032350208/foundation_model/datasets/astribot_lerobotv3//fridge_shrimp_fx_20260424_1_compressed', '/data/share/1919650160032350208/foundation_model/datasets/astribot_lerobotv3//fridge_shrimp_fx_20260424_2_compressed', '/data/share/1919650160032350208/foundation_model/datasets/astribot_lerobotv3//fridge_shrimp_fx_20260427_compressed', '/data/share/1919650160032350208/foundation_model/datasets/astribot_lerobotv3//fridge_shrimp_fx_20260428_compressed', '/data/share/1919650160032350208/foundation_model/datasets/astribot_lerobotv3//fridge_tray_middle_fx_20260610_compressed', '/data/share/1919650160032350208/foundation_model/datasets/astribot_lerobotv3//fridge_tray_middle_fx_20260611_compressed', '/data/share/1919650160032350208/foundation_model/datasets/astribot_lerobotv3//fridge_tray_middle_fx_20260615_compressed', '/data/share/1919650160032350208/foundation_model/datasets/astribot_lerobotv3//fridge_chicken_fx_20260506_compressed', '/data/share/1919650160032350208/foundation_model/datasets/astribot_lerobotv3//fridge_chicken_golden_zjm_20260323_compressed', '/data/share/1919650160032350208/foundation_model/datasets/astribot_lerobotv3//dishwasher_2_fx_20260407_compressed', '/data/share/1919650160032350208/foundation_model/datasets/astribot_lerobotv3//dishwasher_2_fx_20260409_compressed', '/data/share/1919650160032350208/foundation_model/datasets/astribot_lerobotv3//dishwasher_2_fx_20260410_compressed', '/data/share/1919650160032350208/foundation_model/datasets/astribot_lerobotv3//dishwasher_2_fx_20260529_compressed', '/data/share/1919650160032350208/foundation_model/datasets/astribot_lerobotv3//dishwasher_2_fx_20260605_compressed', '/data/share/1919650160032350208/foundation_model/datasets/astribot_lerobotv3//dishwasher_2_hcc_20260410_compressed', '/data/share/1919650160032350208/foundation_model/datasets/astribot_lerobotv3//dishwasher_2_hcc_20260416_compressed', '/data/share/1919650160032350208/foundation_model/datasets/astribot_lerobotv3//dishwasher_2_hcc_20260417_compressed', '/data/share/1919650160032350208/foundation_model/datasets/astribot_lerobotv3//dishwasher_2_hcc_20260421_compressed', '/data/share/1919650160032350208/foundation_model/datasets/astribot_lerobotv3//dishwasher_2_hcc_20260422_compressed', '/data/share/1919650160032350208/foundation_model/datasets/astribot_lerobotv3//dishwasher_2_hcc_20260423_compressed', '/data/share/1919650160032350208/foundation_model/datasets/astribot_lerobotv3//dishwasher_2_hcc_20260424_compressed', '/data/share/1919650160032350208/foundation_model/datasets/astribot_lerobotv3//dishwasher_2_hcc_20260507_compressed', '/data/share/1919650160032350208/foundation_model/datasets/astribot_lerobotv3//dishwasher_2_hcc_20260508_compressed', '/data/share/1919650160032350208/foundation_model/datasets/astribot_lerobotv3//dishwasher_2_hcc_20260509_compressed', '/data/share/1919650160032350208/foundation_model/datasets/astribot_lerobotv3//dishwasher_2_hcc_20260511_compressed', '/data/share/1919650160032350208/foundation_model/datasets/astribot_lerobotv3//dishwasher_2_hcc_20260512_compressed', '/data/share/1919650160032350208/foundation_model/datasets/astribot_lerobotv3//dishwasher_2_hcc_20260513_compressed', '/data/share/1919650160032350208/foundation_model/datasets/astribot_lerobotv3//dishwasher_2_hcc_20260518_compressed', '/data/share/1919650160032350208/foundation_model/datasets/astribot_lerobotv3//dishwasher_2_hcc_20260521_compressed', '/data/share/1919650160032350208/foundation_model/datasets/astribot_lerobotv3//dishwasher_2_hcc_20260522_compressed', '/data/share/1919650160032350208/foundation_model/datasets/astribot_lerobotv3//dishwasher_2_hcc_20260525_compressed', '/data/share/1919650160032350208/foundation_model/datasets/astribot_lerobotv3//dishwasher_2_hcc_20260526_compressed', '/data/share/1919650160032350208/foundation_model/datasets/astribot_lerobotv3//dishwasher_2_hcc_20260528_compressed', '/data/share/1919650160032350208/foundation_model/datasets/astribot_lerobotv3//dishwasher_2_hcc_20260601_compressed', '/data/share/1919650160032350208/foundation_model/datasets/astribot_lerobotv3//oven_takeout_fx_20260525_compressed', '/data/share/1919650160032350208/foundation_model/datasets/astribot_lerobotv3//oven_takeout_fx_20260526_compressed', '/data/share/1919650160032350208/foundation_model/datasets/astribot_lerobotv3//oven_takeout_fx_20260527_compressed', '/data/share/1919650160032350208/foundation_model/datasets/astribot_lerobotv3//oven_takeout_fx_20260528_compressed', '/data/share/1919650160032350208/foundation_model/datasets/astribot_lerobotv3//oven_takeout_fx_20260601_compressed', '/data/share/1919650160032350208/foundation_model/datasets/astribot_lerobotv3//oven_takeout_fx_20260608_compressed', '/data/share/1919650160032350208/foundation_model/datasets/astribot_lerobotv3//oven_takeout_fx_20260609_compressed', '/data/share/1919650160032350208/foundation_model/datasets/astribot_lerobotv3//collect_clothes_basket_bxx_20260622_compressed', '/data/share/1919650160032350208/foundation_model/datasets/astribot_lerobotv3//collect_clothes_bxx_20260528_compressed', '/data/share/1919650160032350208/foundation_model/datasets/astribot_lerobotv3//collect_clothes_bxx_20260529_compressed', '/data/share/1919650160032350208/foundation_model/datasets/astribot_lerobotv3//collect_clothes_bxx_20260601_compressed', '/data/share/1919650160032350208/foundation_model/datasets/astribot_lerobotv3//collect_clothes_bxx_20260610_compressed', '/data/share/1919650160032350208/foundation_model/datasets/astribot_lerobotv3//collect_clothes_bxx_20260611_compressed', '/data/share/1919650160032350208/foundation_model/datasets/astribot_lerobotv3//collect_clothes_bxx_20260615_compressed', '/data/share/1919650160032350208/foundation_model/datasets/astribot_lerobotv3//collect_clothes_bxx_20260616_compressed', '/data/share/1919650160032350208/foundation_model/datasets/astribot_lerobotv3//collect_clothes_fx_20260526_compressed', '/data/share/1919650160032350208/foundation_model/datasets/astribot_lerobotv3//collect_clothes_fx_20260528_compressed', '/data/share/1919650160032350208/foundation_model/datasets/astribot_lerobotv3//collect_clothes_fx_20260601_compressed', '/data/share/1919650160032350208/foundation_model/datasets/astribot_lerobotv3//collect_clothes_fx_20260604_compressed', '/data/share/1919650160032350208/foundation_model/datasets/astribot_lerobotv3//collect_clothes_fx_20260611_compressed', '/data/share/1919650160032350208/foundation_model/datasets/astribot_lerobotv3//collect_clothes_fx_20260612_compressed', '/data/share/1919650160032350208/foundation_model/datasets/astribot_lerobotv3//collect_clothes_fx_20260616_compressed', '/data/share/1919650160032350208/foundation_model/datasets/astribot_lerobotv3//collect_clothes_nearsofa_whb_20260622_compressed', '/data/share/1919650160032350208/foundation_model/datasets/astribot_lerobotv3//collect_clothes_recover_whb_20260622_compressed', '/data/share/1919650160032350208/foundation_model/datasets/astribot_lerobotv3//collect_clothes_recover_whb_20260623_compressed', '/data/share/1919650160032350208/foundation_model/datasets/astribot_lerobotv3//collect_clothes_twoclothes_bxx_20260622_compressed', '/data/share/1919650160032350208/foundation_model/datasets/astribot_lerobotv3//collect_clothes_twoclothesonthesoft_bxx_20260618_compressed', '/data/share/1919650160032350208/foundation_model/datasets/astribot_lerobotv3//collect_clothes_twoclothesonthesoft_whb_20260618_compressed', '/data/share/1919650160032350208/foundation_model/datasets/astribot_lerobotv3//collect_clothes_whb_20260615_compressed', '/data/share/1919650160032350208/foundation_model/datasets/astribot_lerobotv3//collect_clothes_whb_20260616_compressed', '/data/share/1919650160032350208/foundation_model/datasets/astribot_lerobotv3//collect_clothes_whb_20260617_compressed', '/data/share/1919650160032350208/foundation_model/datasets/astribot_lerobotv3//collect_twoclothes_onthefloor_bxx_20260610_compressed', '/data/share/1919650160032350208/foundation_model/datasets/astribot_lerobotv3//dry_clothes_bxx_20260508_compressed', '/data/share/1919650160032350208/foundation_model/datasets/astribot_lerobotv3//dry_clothes_bxx_20260509_compressed', '/data/share/1919650160032350208/foundation_model/datasets/astribot_lerobotv3//dry_clothes_bxx_20260513_compressed', '/data/share/1919650160032350208/foundation_model/datasets/astribot_lerobotv3//dry_clothes_bxx_20260514_compressed', '/data/share/1919650160032350208/foundation_model/datasets/astribot_lerobotv3//dry_clothes_bxx_20260520_compressed', '/data/share/1919650160032350208/foundation_model/datasets/astribot_lerobotv3//dry_clothes_bxx_20260521_compressed', '/data/share/1919650160032350208/foundation_model/datasets/astribot_lerobotv3//dry_clothes_bxx_20260522_compressed', '/data/share/1919650160032350208/foundation_model/datasets/astribot_lerobotv3//dry_clothes_bxx_20260527_compressed', '/data/share/1919650160032350208/foundation_model/datasets/astribot_lerobotv3//dry_clothes_bxx_20260528_compressed', '/data/share/1919650160032350208/foundation_model/datasets/astribot_lerobotv3//dry_clothes_bxx_20260601_compressed', '/data/share/1919650160032350208/foundation_model/datasets/astribot_lerobotv3//dry_clothes_bxx_20260602_compressed', '/data/share/1919650160032350208/foundation_model/datasets/astribot_lerobotv3//dry_clothes_bxx_20260603_compressed', '/data/share/1919650160032350208/foundation_model/datasets/astribot_lerobotv3//dry_clothes_bxx_20260604_compressed', '/data/share/1919650160032350208/foundation_model/datasets/astribot_lerobotv3//dry_clothes_bxx_20260605_compressed', '/data/share/1919650160032350208/foundation_model/datasets/astribot_lerobotv3//dry_clothes_bxx_20260609_compressed', '/data/share/1919650160032350208/foundation_model/datasets/astribot_lerobotv3//dry_clothes_grasp_whb_20260624_compressed', '/data/share/1919650160032350208/foundation_model/datasets/astribot_lerobotv3//dry_clothes_openandmove_bxx_20260623_compressed', '/data/share/1919650160032350208/foundation_model/datasets/astribot_lerobotv3//dry_clothes_openandmove_bxx_20260624_compressed', '/data/share/1919650160032350208/foundation_model/datasets/astribot_lerobotv3//dry_clothes_pickup_bxx_20260612_compressed', '/data/share/1919650160032350208/foundation_model/datasets/astribot_lerobotv3//dry_clothes_pickup_bxx_20260615_compressed', '/data/share/1919650160032350208/foundation_model/datasets/astribot_lerobotv3//dry_clothes_pickup_bxx_20260616_compressed', '/data/share/1919650160032350208/foundation_model/datasets/astribot_lerobotv3//dry_clothes_pickup_bxx_20260617_compressed', '/data/share/1919650160032350208/foundation_model/datasets/astribot_lerobotv3//wash_clothes_bxx_20260420_compressed', '/data/share/1919650160032350208/foundation_model/datasets/astribot_lerobotv3//wash_clothes_bxx_20260421_compressed', '/data/share/1919650160032350208/foundation_model/datasets/astribot_lerobotv3//wash_clothes_bxx_20260424_compressed', '/data/share/1919650160032350208/foundation_model/datasets/astribot_lerobotv3//wash_clothes_bxx_20260506_compressed', '/data/share/1919650160032350208/foundation_model/datasets/astribot_lerobotv3//wash_clothes_bxx_20260507_compressed', '/data/share/1919650160032350208/foundation_model/datasets/astribot_lerobotv3//wash_clothes_bxx_20260508_compressed', '/data/share/1919650160032350208/foundation_model/datasets/astribot_lerobotv3//wash_clothes_bxx_20260515_compressed', '/data/share/1919650160032350208/foundation_model/datasets/astribot_lerobotv3//wash_clothes_bxx_20260519_compressed', '/data/share/1919650160032350208/foundation_model/datasets/astribot_lerobotv3//wash_clothes_closeandmove_bxx_20260623_compressed', '/data/share/1919650160032350208/foundation_model/datasets/astribot_lerobotv3//wash_clothes_closeandmove_whb_20260623_compressed', '/data/share/1919650160032350208/foundation_model/datasets/astribot_lerobotv3//wash_clothes_hcc_20260413_compressed', '/data/share/1919650160032350208/foundation_model/datasets/astribot_lerobotv3//wash_clothes_hcc_20260414_compressed', '/data/share/1919650160032350208/foundation_model/datasets/astribot_lerobotv3//wash_clothes_opendoor_bxx_20260617_compressed', '/data/share/1919650160032350208/foundation_model/datasets/astribot_lerobotv3//wash_clothes_pickup1_bxx_20260609_compressed', '/data/share/1919650160032350208/foundation_model/datasets/astribot_lerobotv3//wash_clothes_pickup_bxx_20260525_compressed', '/data/share/1919650160032350208/foundation_model/datasets/astribot_lerobotv3//wash_clothes_pickup_bxx_20260617_compressed', '/data/share/1919650160032350208/foundation_model/datasets/astribot_lerobotv3//wash_clothes_putclothes_bxx_20260617_compressed']
[INFO] output       : runs/astribot_multitask_posttrain32/stats.json
[INFO] obs/action   : 33/32
[INFO] stride       : 1
[INFO] num_workers  : 8
[INFO] q01/q99      : False
[INFO] parquet files : 199
[INFO] Processor set to eval().
[INFO] fast_stats   : True
[INFO] fast_stats   : reading each parquet file once and grouping rows by episode_index
[INFO] Computing stats over 10222 episodes...

Iterating parquet files to get normalization:   0%|          | 0/199 [00:00<?, ?it/s]/data/share/1919650160032350208/machong14/wam_astribot_posttrain32/scripts/preprocess/precompute_stats_optimize.py:412: UserWarning: The given NumPy array is not writable, and PyTorch does not support non-writable tensors. This means writing to this tensor will result in undefined behavior. You may want to copy the array to protect its data or make it writable before converting it to a tensor. This type of warning will be suppressed for the rest of this program. (Triggered internally at /job_3340656/source/pytorch/torch/csrc/utils/tensor_numpy.cpp:203.)
  return torch.from_numpy(arrow_array_to_numpy(array))

Iterating parquet files to get normalization:   1%|          | 1/199 [00:00<01:29,  2.21it/s]
Iterating parquet files to get normalization:   1%|          | 2/199 [00:02<05:18,  1.62s/it]
Iterating parquet files to get normalization:   2%|▏         | 3/199 [00:03<03:37,  1.11s/it]
Iterating parquet files to get normalization:   2%|▏         | 4/199 [00:03<02:38,  1.23it/s]
Iterating parquet files to get normalization:   3%|▎         | 5/199 [00:04<02:52,  1.12it/s]
Iterating parquet files to get normalization:   4%|▎         | 7/199 [00:04<01:29,  2.13it/s]
Iterating parquet files to get normalization:   6%|▌         | 11/199 [00:05<00:39,  4.71it/s]
Iterating parquet files to get normalization:   7%|▋         | 13/199 [00:05<00:42,  4.33it/s]
Iterating parquet files to get normalization:   8%|▊         | 16/199 [00:06<00:49,  3.72it/s]
Iterating parquet files to get normalization:   9%|▊         | 17/199 [00:06<00:46,  3.93it/s]
Iterating parquet files to get normalization:   9%|▉         | 18/199 [00:07<00:50,  3.61it/s]
Iterating parquet files to get normalization:  10%|▉         | 19/199 [00:07<01:03,  2.84it/s]
Iterating parquet files to get normalization:  10%|█         | 20/199 [00:07<00:54,  3.27it/s]
Iterating parquet files to get normalization:  11%|█         | 21/199 [00:09<01:31,  1.94it/s]
Iterating parquet files to get normalization:  11%|█         | 22/199 [00:09<01:41,  1.75it/s]
Iterating parquet files to get normalization:  12%|█▏        | 23/199 [00:10<01:24,  2.09it/s]
Iterating parquet files to get normalization:  12%|█▏        | 24/199 [00:10<01:08,  2.57it/s]
Iterating parquet files to get normalization:  13%|█▎        | 26/199 [00:10<00:43,  3.97it/s]
Iterating parquet files to get normalization:  14%|█▍        | 28/199 [00:10<00:33,  5.13it/s]
Iterating parquet files to get normalization:  15%|█▍        | 29/199 [00:10<00:34,  4.94it/s]
Iterating parquet files to get normalization:  15%|█▌        | 30/199 [00:11<00:41,  4.07it/s]
Iterating parquet files to get normalization:  16%|█▌        | 32/199 [00:11<00:30,  5.52it/s]
Iterating parquet files to get normalization:  17%|█▋        | 33/199 [00:11<00:36,  4.53it/s]
Iterating parquet files to get normalization:  18%|█▊        | 35/199 [00:11<00:29,  5.63it/s]
Iterating parquet files to get normalization:  19%|█▉        | 38/199 [00:12<00:23,  6.89it/s]
Iterating parquet files to get normalization:  20%|██        | 40/199 [00:12<00:32,  4.91it/s]
Iterating parquet files to get normalization:  21%|██        | 42/199 [00:14<00:55,  2.82it/s]
Iterating parquet files to get normalization:  22%|██▏       | 43/199 [00:14<00:53,  2.92it/s]
Iterating parquet files to get normalization:  22%|██▏       | 44/199 [00:14<00:47,  3.26it/s]
Iterating parquet files to get normalization:  23%|██▎       | 46/199 [00:15<00:51,  2.99it/s]
Iterating parquet files to get normalization:  24%|██▎       | 47/199 [00:15<00:48,  3.11it/s]
Iterating parquet files to get normalization:  24%|██▍       | 48/199 [00:16<00:57,  2.61it/s]
Iterating parquet files to get normalization:  25%|██▍       | 49/199 [00:16<00:51,  2.89it/s]
Iterating parquet files to get normalization:  26%|██▌       | 51/199 [00:16<00:34,  4.28it/s]
Iterating parquet files to get normalization:  27%|██▋       | 53/199 [00:17<00:33,  4.39it/s]
Iterating parquet files to get normalization:  28%|██▊       | 55/199 [00:17<00:28,  4.98it/s]
Iterating parquet files to get normalization:  28%|██▊       | 56/199 [00:18<00:42,  3.36it/s]
Iterating parquet files to get normalization:  29%|██▊       | 57/199 [00:18<00:36,  3.88it/s]
Iterating parquet files to get normalization:  30%|██▉       | 59/199 [00:18<00:29,  4.77it/s]
Iterating parquet files to get normalization:  30%|███       | 60/199 [00:18<00:30,  4.54it/s]
Iterating parquet files to get normalization:  31%|███       | 61/199 [00:19<00:32,  4.27it/s]
Iterating parquet files to get normalization:  31%|███       | 62/199 [00:19<00:31,  4.40it/s]
Iterating parquet files to get normalization:  32%|███▏      | 64/199 [00:19<00:33,  4.00it/s]
Iterating parquet files to get normalization:  33%|███▎      | 65/199 [00:20<00:29,  4.62it/s]
Iterating parquet files to get normalization:  33%|███▎      | 66/199 [00:20<00:33,  3.95it/s]
Iterating parquet files to get normalization:  34%|███▎      | 67/199 [00:20<00:39,  3.35it/s]
Iterating parquet files to get normalization:  35%|███▍      | 69/199 [00:21<00:34,  3.77it/s]
Iterating parquet files to get normalization:  36%|███▌      | 71/199 [00:21<00:25,  5.07it/s]
Iterating parquet files to get normalization:  36%|███▌      | 72/199 [00:21<00:22,  5.59it/s]
Iterating parquet files to get normalization:  37%|███▋      | 73/199 [00:21<00:26,  4.69it/s]
Iterating parquet files to get normalization:  38%|███▊      | 75/199 [00:22<00:19,  6.23it/s]
Iterating parquet files to get normalization:  38%|███▊      | 76/199 [00:22<00:27,  4.45it/s]
Iterating parquet files to get normalization:  39%|███▊      | 77/199 [00:22<00:27,  4.44it/s]
Iterating parquet files to get normalization:  39%|███▉      | 78/199 [00:23<00:30,  4.00it/s]
Iterating parquet files to get normalization:  40%|███▉      | 79/199 [00:23<00:25,  4.71it/s]
Iterating parquet files to get normalization:  40%|████      | 80/199 [00:23<00:21,  5.43it/s]
Iterating parquet files to get normalization:  41%|████      | 82/199 [00:23<00:20,  5.79it/s]
Iterating parquet files to get normalization:  42%|████▏     | 83/199 [00:23<00:22,  5.07it/s]
Iterating parquet files to get normalization:  42%|████▏     | 84/199 [00:24<00:35,  3.20it/s]
Iterating parquet files to get normalization:  43%|████▎     | 85/199 [00:24<00:33,  3.41it/s]
Iterating parquet files to get normalization:  43%|████▎     | 86/199 [00:24<00:27,  4.05it/s]
Iterating parquet files to get normalization:  44%|████▍     | 88/199 [00:25<00:21,  5.06it/s]
Iterating parquet files to get normalization:  45%|████▍     | 89/199 [00:25<00:19,  5.61it/s]
Iterating parquet files to get normalization:  46%|████▌     | 91/199 [00:25<00:15,  7.11it/s]
Iterating parquet files to get normalization:  46%|████▌     | 92/199 [00:25<00:25,  4.28it/s]
Iterating parquet files to get normalization:  47%|████▋     | 93/199 [00:26<00:30,  3.50it/s]
Iterating parquet files to get normalization:  47%|████▋     | 94/199 [00:26<00:33,  3.13it/s]
Iterating parquet files to get normalization:  48%|████▊     | 95/199 [00:27<00:37,  2.79it/s]
Iterating parquet files to get normalization:  48%|████▊     | 96/199 [00:27<00:44,  2.31it/s]
Iterating parquet files to get normalization:  49%|████▊     | 97/199 [00:28<00:48,  2.08it/s]
Iterating parquet files to get normalization:  49%|████▉     | 98/199 [00:28<00:37,  2.67it/s]
Iterating parquet files to get normalization:  50%|████▉     | 99/199 [00:29<00:42,  2.35it/s]
Iterating parquet files to get normalization:  50%|█████     | 100/199 [00:29<00:35,  2.76it/s]
Iterating parquet files to get normalization:  51%|█████     | 101/199 [00:29<00:35,  2.79it/s]
Iterating parquet files to get normalization:  51%|█████▏    | 102/199 [00:29<00:27,  3.50it/s]
Iterating parquet files to get normalization:  52%|█████▏    | 103/199 [00:29<00:22,  4.24it/s]
Iterating parquet files to get normalization:  53%|█████▎    | 105/199 [00:30<00:16,  5.71it/s]
Iterating parquet files to get normalization:  54%|█████▍    | 107/199 [00:30<00:11,  7.67it/s]
Iterating parquet files to get normalization:  55%|█████▍    | 109/199 [00:30<00:12,  7.28it/s]
Iterating parquet files to get normalization:  56%|█████▌    | 111/199 [00:30<00:12,  7.30it/s]
Iterating parquet files to get normalization:  56%|█████▋    | 112/199 [00:30<00:11,  7.53it/s]
Iterating parquet files to get normalization:  57%|█████▋    | 113/199 [00:31<00:12,  6.97it/s]
Iterating parquet files to get normalization:  58%|█████▊    | 115/199 [00:31<00:11,  7.12it/s]
Iterating parquet files to get normalization:  58%|█████▊    | 116/199 [00:31<00:11,  7.20it/s]
Iterating parquet files to get normalization:  59%|█████▉    | 118/199 [00:31<00:12,  6.65it/s]
Iterating parquet files to get normalization:  60%|██████    | 120/199 [00:32<00:09,  7.95it/s]
Iterating parquet files to get normalization:  61%|██████    | 121/199 [00:32<00:10,  7.56it/s]
Iterating parquet files to get normalization:  63%|██████▎   | 125/199 [00:32<00:09,  7.66it/s]
Iterating parquet files to get normalization:  64%|██████▍   | 128/199 [00:32<00:07,  9.68it/s]
Iterating parquet files to get normalization:  65%|██████▌   | 130/199 [00:33<00:07,  9.12it/s]
Iterating parquet files to get normalization:  66%|██████▋   | 132/199 [00:33<00:09,  7.37it/s]
Iterating parquet files to get normalization:  67%|██████▋   | 134/199 [00:33<00:07,  8.62it/s]
Iterating parquet files to get normalization:  69%|██████▉   | 137/199 [00:33<00:06, 10.20it/s]
Iterating parquet files to get normalization:  70%|██████▉   | 139/199 [00:34<00:09,  6.60it/s]
Iterating parquet files to get normalization:  70%|███████   | 140/199 [00:34<00:08,  6.82it/s]
Iterating parquet files to get normalization:  71%|███████   | 141/199 [00:34<00:08,  7.02it/s]
Iterating parquet files to get normalization:  71%|███████▏  | 142/199 [00:35<00:09,  5.71it/s]
Iterating parquet files to get normalization:  73%|███████▎  | 146/199 [00:35<00:06,  8.32it/s]
Iterating parquet files to get normalization:  74%|███████▍  | 147/199 [00:35<00:06,  7.84it/s]
Iterating parquet files to get normalization:  74%|███████▍  | 148/199 [00:35<00:07,  6.77it/s]
Iterating parquet files to get normalization:  76%|███████▌  | 151/199 [00:35<00:05,  9.59it/s]
Iterating parquet files to get normalization:  77%|███████▋  | 153/199 [00:36<00:05,  8.66it/s]
Iterating parquet files to get normalization:  78%|███████▊  | 155/199 [00:36<00:05,  8.63it/s]
Iterating parquet files to get normalization:  78%|███████▊  | 156/199 [00:36<00:04,  8.82it/s]
Iterating parquet files to get normalization:  79%|███████▉  | 158/199 [00:36<00:04,  9.54it/s]
Iterating parquet files to get normalization:  80%|████████  | 160/199 [00:37<00:05,  6.99it/s]
Iterating parquet files to get normalization:  81%|████████  | 161/199 [00:37<00:05,  6.63it/s]
Iterating parquet files to get normalization:  81%|████████▏ | 162/199 [00:37<00:07,  4.71it/s]
Iterating parquet files to get normalization:  82%|████████▏ | 163/199 [00:37<00:07,  4.96it/s]
Iterating parquet files to get normalization:  82%|████████▏ | 164/199 [00:38<00:06,  5.23it/s]
Iterating parquet files to get normalization:  83%|████████▎ | 165/199 [00:38<00:06,  5.44it/s]
Iterating parquet files to get normalization:  83%|████████▎ | 166/199 [00:38<00:05,  5.92it/s]
Iterating parquet files to get normalization:  85%|████████▍ | 169/199 [00:38<00:02, 10.05it/s]
Iterating parquet files to get normalization:  86%|████████▋ | 172/199 [00:38<00:02, 12.61it/s]
Iterating parquet files to get normalization:  87%|████████▋ | 174/199 [00:39<00:02,  8.45it/s]
Iterating parquet files to get normalization:  88%|████████▊ | 176/199 [00:39<00:02,  8.69it/s]
Iterating parquet files to get normalization:  90%|████████▉ | 179/199 [00:39<00:02,  7.53it/s]
Iterating parquet files to get normalization:  91%|█████████ | 181/199 [00:39<00:02,  8.98it/s]
Iterating parquet files to get normalization:  92%|█████████▏| 183/199 [00:40<00:02,  6.98it/s]
Iterating parquet files to get normalization:  92%|█████████▏| 184/199 [00:40<00:02,  7.29it/s]
Iterating parquet files to get normalization:  94%|█████████▍| 187/199 [00:40<00:01,  7.85it/s]
Iterating parquet files to get normalization:  95%|█████████▍| 189/199 [00:40<00:01,  9.16it/s]
Iterating parquet files to get normalization:  96%|█████████▌| 191/199 [00:41<00:01,  7.55it/s]
Iterating parquet files to get normalization:  97%|█████████▋| 193/199 [00:41<00:00,  9.08it/s]
Iterating parquet files to get normalization:  98%|█████████▊| 195/199 [00:41<00:00,  8.68it/s]
Iterating parquet files to get normalization:  99%|█████████▉| 197/199 [00:41<00:00,  8.83it/s]
Iterating parquet files to get normalization: 100%|██████████| 199/199 [00:42<00:00,  8.89it/s]
Iterating parquet files to get normalization: 100%|██████████| 199/199 [00:42<00:00,  4.73it/s]
[DONE] Stats saved to: runs/astribot_multitask_posttrain32/stats.json
       Set data.train.pretrained_norm_stats and data.val.pretrained_norm_stats in YAML if you use this stats file.
50208/foundation_model/datasets/astribot_lerobotv3//wash_clothes_bxx_20260506_compressed', '/data/share/1919650160032350208/foundation_model/datasets/astribot_lerobotv3//wash_clothes_bxx_20260507_compressed', '/data/share/1919650160032350208/foundation_model/datasets/astribot_lerobotv3//wash_clothes_bxx_20260508_compressed', '/data/share/1919650160032350208/foundation_model/datasets/astribot_lerobotv3//wash_clothes_bxx_20260515_compressed', '/data/share/1919650160032350208/foundation_model/datasets/astribot_lerobotv3//wash_clothes_bxx_20260519_compressed', '/data/share/1919650160032350208/foundation_model/datasets/astribot_lerobotv3//wash_clothes_closeandmove_bxx_20260623_compressed', '/data/share/1919650160032350208/foundation_model/datasets/astribot_lerobotv3//wash_clothes_closeandmove_whb_20260623_compressed', '/data/share/1919650160032350208/foundation_model/datasets/astribot_lerobotv3//wash_clothes_hcc_20260413_compressed', '/data/share/1919650160032350208/foundation_model/datasets/astribot_lerobotv3//wash_clothes_hcc_20260414_compressed', '/data/share/1919650160032350208/foundation_model/datasets/astribot_lerobotv3//wash_clothes_opendoor_bxx_20260617_compressed', '/data/share/1919650160032350208/foundation_model/datasets/astribot_lerobotv3//wash_clothes_pickup1_bxx_20260609_compressed', '/data/share/1919650160032350208/foundation_model/datasets/astribot_lerobotv3//wash_clothes_pickup_bxx_20260525_compressed', '/data/share/1919650160032350208/foundation_model/datasets/astribot_lerobotv3//wash_clothes_pickup_bxx_20260617_compressed', '/data/share/1919650160032350208/foundation_model/datasets/astribot_lerobotv3//wash_clothes_putclothes_bxx_20260617_compressed']
[INFO] output       : runs/astribot_multitask_posttrain32/stats.json
[INFO] obs/action   : 33/32
[INFO] stride       : 1
[INFO] num_workers  : 8
[INFO] q01/q99      : False
[INFO] parquet files : 199
[INFO] Processor set to eval().
[INFO] fast_stats   : True
[INFO] fast_stats   : reading each parquet file once and grouping rows by episode_index
[INFO] Computing stats over 10222 episodes...
/data/share/1919650160032350208/machong14/wam_astribot_posttrain32/scripts/preprocess/precompute_stats_optimize.py:412: UserWarning: The given NumPy array is not writable, and PyTorch does not support non-writable tensors. This means writing to this tensor will result in undefined behavior. You may want to copy the array to protect its data or make it writable before converting it to a tensor. This type of warning will be suppressed for the rest of this program. (Triggered internally at /job_3340656/source/pytorch/torch/csrc/utils/tensor_numpy.cpp:203.)
  return torch.from_numpy(arrow_array_to_numpy(array))

Iterating parquet files to get normalization:   0%|          | 0/199 [00:00<?, ?it/s]
Iterating parquet files to get normalization:   1%|          | 2/199 [00:02<04:22,  1.33s/it]
Iterating parquet files to get normalization:   2%|▏         | 3/199 [00:03<03:13,  1.02it/s]
Iterating parquet files to get normalization:   3%|▎         | 5/199 [00:04<02:27,  1.32it/s]
Iterating parquet files to get normalization:   3%|▎         | 6/199 [00:04<01:57,  1.65it/s]
Iterating parquet files to get normalization:   4%|▍         | 8/199 [00:04<01:12,  2.65it/s]
Iterating parquet files to get normalization:   5%|▌         | 10/199 [00:04<00:50,  3.75it/s]
Iterating parquet files to get normalization:   6%|▌         | 12/199 [00:05<00:39,  4.69it/s]
Iterating parquet files to get normalization:   7%|▋         | 14/199 [00:05<00:31,  5.78it/s]
Iterating parquet files to get normalization:   8%|▊         | 16/199 [00:06<00:53,  3.43it/s]
Iterating parquet files to get normalization:   9%|▉         | 18/199 [00:07<00:59,  3.06it/s]
Iterating parquet files to get normalization:  10%|▉         | 19/199 [00:08<01:18,  2.29it/s]
Iterating parquet files to get normalization:  10%|█         | 20/199 [00:08<01:10,  2.54it/s]
Iterating parquet files to get normalization:  11%|█         | 21/199 [00:08<01:04,  2.75it/s]
Iterating parquet files to get normalization:  11%|█         | 22/199 [00:08<00:55,  3.20it/s]
Iterating parquet files to get normalization:  12%|█▏        | 23/199 [00:09<01:16,  2.30it/s]
Iterating parquet files to get normalization:  12%|█▏        | 24/199 [00:09<01:10,  2.47it/s]
Iterating parquet files to get normalization:  13%|█▎        | 25/199 [00:10<01:02,  2.78it/s]
Iterating parquet files to get normalization:  14%|█▎        | 27/199 [00:10<00:39,  4.36it/s]
Iterating parquet files to get normalization:  14%|█▍        | 28/199 [00:10<00:37,  4.58it/s]
Iterating parquet files to get normalization:  15%|█▌        | 30/199 [00:10<00:38,  4.39it/s]
Iterating parquet files to get normalization:  16%|█▌        | 31/199 [00:11<00:34,  4.93it/s]
Iterating parquet files to get normalization:  16%|█▌        | 32/199 [00:11<00:39,  4.22it/s]
Iterating parquet files to get normalization:  17%|█▋        | 33/199 [00:11<00:40,  4.08it/s]
Iterating parquet files to get normalization:  17%|█▋        | 34/199 [00:11<00:33,  4.85it/s]
Iterating parquet files to get normalization:  19%|█▊        | 37/199 [00:11<00:18,  8.65it/s]
Iterating parquet files to get normalization:  20%|█▉        | 39/199 [00:12<00:19,  8.34it/s]
Iterating parquet files to get normalization:  21%|██        | 41/199 [00:12<00:31,  5.01it/s]
Iterating parquet files to get normalization:  21%|██        | 42/199 [00:14<01:05,  2.41it/s]
Iterating parquet files to get normalization:  22%|██▏       | 43/199 [00:14<00:57,  2.72it/s]
Iterating parquet files to get normalization:  22%|██▏       | 44/199 [00:14<00:53,  2.92it/s]
Iterating parquet files to get normalization:  23%|██▎       | 45/199 [00:14<00:47,  3.26it/s]
Iterating parquet files to get normalization:  23%|██▎       | 46/199 [00:15<00:47,  3.25it/s]
Iterating parquet files to get normalization:  24%|██▎       | 47/199 [00:15<01:07,  2.27it/s]
Iterating parquet files to get normalization:  24%|██▍       | 48/199 [00:16<00:55,  2.73it/s]
Iterating parquet files to get normalization:  25%|██▌       | 50/199 [00:16<00:39,  3.75it/s]
Iterating parquet files to get normalization:  26%|██▌       | 52/199 [00:16<00:28,  5.09it/s]
Iterating parquet files to get normalization:  27%|██▋       | 53/199 [00:16<00:30,  4.80it/s]
Iterating parquet files to get normalization:  27%|██▋       | 54/199 [00:16<00:28,  5.13it/s]
Iterating parquet files to get normalization:  28%|██▊       | 55/199 [00:17<00:48,  2.95it/s]
Iterating parquet files to get normalization:  29%|██▊       | 57/199 [00:17<00:33,  4.22it/s]
Iterating parquet files to get normalization:  29%|██▉       | 58/199 [00:18<00:38,  3.69it/s]
Iterating parquet files to get normalization:  30%|███       | 60/199 [00:18<00:32,  4.30it/s]
Iterating parquet files to get normalization:  31%|███       | 62/199 [00:19<00:29,  4.61it/s]
Iterating parquet files to get normalization:  32%|███▏      | 63/199 [00:19<00:30,  4.41it/s]
Iterating parquet files to get normalization:  32%|███▏      | 64/199 [00:19<00:31,  4.29it/s]
Iterating parquet files to get normalization:  33%|███▎      | 66/199 [00:20<00:31,  4.20it/s]
Iterating parquet files to get normalization:  34%|███▎      | 67/199 [00:20<00:34,  3.82it/s]
Iterating parquet files to get normalization:  34%|███▍      | 68/199 [00:20<00:32,  4.03it/s]
Iterating parquet files to get normalization:  35%|███▍      | 69/199 [00:20<00:35,  3.66it/s]
Iterating parquet files to get normalization:  36%|███▌      | 71/199 [00:21<00:24,  5.29it/s]
Iterating parquet files to get normalization:  37%|███▋      | 73/199 [00:21<00:19,  6.32it/s]
Iterating parquet files to get normalization:  37%|███▋      | 74/199 [00:21<00:22,  5.53it/s]
Iterating parquet files to get normalization:  38%|███▊      | 76/199 [00:22<00:27,  4.47it/s]
Iterating parquet files to get normalization:  39%|███▉      | 78/199 [00:22<00:31,  3.87it/s]
Iterating parquet files to get normalization:  40%|███▉      | 79/199 [00:23<00:30,  3.96it/s]
Iterating parquet files to get normalization:  41%|████      | 81/199 [00:23<00:22,  5.26it/s]
Iterating parquet files to get normalization:  42%|████▏     | 83/199 [00:23<00:20,  5.69it/s]
Iterating parquet files to get normalization:  42%|████▏     | 84/199 [00:24<00:30,  3.78it/s]
Iterating parquet files to get normalization:  43%|████▎     | 85/199 [00:24<00:27,  4.21it/s]
Iterating parquet files to get normalization:  43%|████▎     | 86/199 [00:24<00:26,  4.29it/s]
Iterating parquet files to get normalization:  44%|████▍     | 88/199 [00:24<00:21,  5.13it/s]
Iterating parquet files to get normalization:  45%|████▍     | 89/199 [00:24<00:19,  5.65it/s]
Iterating parquet files to get normalization:  46%|████▌     | 91/199 [00:25<00:15,  7.02it/s]
Iterating parquet files to get normalization:  46%|████▌     | 92/199 [00:25<00:22,  4.73it/s]
Iterating parquet files to get normalization:  47%|████▋     | 93/199 [00:26<00:33,  3.15it/s]
Iterating parquet files to get normalization:  47%|████▋     | 94/199 [00:26<00:32,  3.22it/s]
Iterating parquet files to get normalization:  48%|████▊     | 95/199 [00:26<00:35,  2.95it/s]
Iterating parquet files to get normalization:  48%|████▊     | 96/199 [00:27<00:45,  2.29it/s]
Iterating parquet files to get normalization:  49%|████▊     | 97/199 [00:27<00:36,  2.81it/s]
Iterating parquet files to get normalization:  49%|████▉     | 98/199 [00:28<00:46,  2.16it/s]
Iterating parquet files to get normalization:  50%|████▉     | 99/199 [00:28<00:39,  2.52it/s]
Iterating parquet files to get normalization:  51%|█████     | 101/199 [00:29<00:30,  3.22it/s]
Iterating parquet files to get normalization:  52%|█████▏    | 104/199 [00:29<00:23,  4.04it/s]
Iterating parquet files to get normalization:  53%|█████▎    | 106/199 [00:29<00:18,  5.02it/s]
Iterating parquet files to get normalization:  54%|█████▍    | 107/199 [00:30<00:19,  4.80it/s]
Iterating parquet files to get normalization:  55%|█████▌    | 110/199 [00:30<00:11,  7.52it/s]
Iterating parquet files to get normalization:  56%|█████▋    | 112/199 [00:30<00:13,  6.43it/s]
Iterating parquet files to get normalization:  57%|█████▋    | 113/199 [00:30<00:12,  6.67it/s]
Iterating parquet files to get normalization:  58%|█████▊    | 115/199 [00:31<00:14,  5.81it/s]
Iterating parquet files to get normalization:  59%|█████▉    | 117/199 [00:31<00:13,  5.92it/s]
Iterating parquet files to get normalization:  59%|█████▉    | 118/199 [00:31<00:15,  5.38it/s]
Iterating parquet files to get normalization:  60%|██████    | 120/199 [00:31<00:12,  6.45it/s]
Iterating parquet files to get normalization:  62%|██████▏   | 123/199 [00:32<00:08,  8.67it/s]
Iterating parquet files to get normalization:  63%|██████▎   | 125/199 [00:32<00:09,  7.44it/s]
Iterating parquet files to get normalization:  64%|██████▍   | 128/199 [00:32<00:06, 10.34it/s]
Iterating parquet files to get normalization:  65%|██████▌   | 130/199 [00:32<00:06, 10.23it/s]
Iterating parquet files to get normalization:  66%|██████▋   | 132/199 [00:33<00:09,  7.43it/s]
Iterating parquet files to get normalization:  67%|██████▋   | 134/199 [00:33<00:09,  7.10it/s]
Iterating parquet files to get normalization:  68%|██████▊   | 136/199 [00:33<00:07,  8.25it/s]
Iterating parquet files to get normalization:  69%|██████▉   | 138/199 [00:34<00:09,  6.69it/s]
Iterating parquet files to get normalization:  70%|██████▉   | 139/199 [00:34<00:09,  6.13it/s]
Iterating parquet files to get normalization:  70%|███████   | 140/199 [00:34<00:11,  5.04it/s]
Iterating parquet files to get normalization:  71%|███████   | 141/199 [00:35<00:12,  4.55it/s]
Iterating parquet files to get normalization:  72%|███████▏  | 143/199 [00:35<00:08,  6.39it/s]
Iterating parquet files to get normalization:  72%|███████▏  | 144/199 [00:35<00:08,  6.87it/s]
Iterating parquet files to get normalization:  73%|███████▎  | 145/199 [00:35<00:09,  5.84it/s]
Iterating parquet files to get normalization:  73%|███████▎  | 146/199 [00:35<00:08,  6.24it/s]
Iterating parquet files to get normalization:  74%|███████▍  | 148/199 [00:36<00:09,  5.41it/s]
Iterating parquet files to get normalization:  75%|███████▌  | 150/199 [00:36<00:07,  6.49it/s]
Iterating parquet files to get normalization:  76%|███████▌  | 151/199 [00:36<00:07,  6.73it/s]
Iterating parquet files to get normalization:  76%|███████▋  | 152/199 [00:36<00:07,  6.20it/s]
Iterating parquet files to get normalization:  77%|███████▋  | 154/199 [00:36<00:06,  7.34it/s]
Iterating parquet files to get normalization:  78%|███████▊  | 156/199 [00:36<00:04,  8.85it/s]
Iterating parquet files to get normalization:  79%|███████▉  | 158/199 [00:37<00:04,  9.12it/s]
Iterating parquet files to get normalization:  80%|███████▉  | 159/199 [00:37<00:04,  9.16it/s]
Iterating parquet files to get normalization:  80%|████████  | 160/199 [00:37<00:07,  5.47it/s]
Iterating parquet files to get normalization:  81%|████████  | 161/199 [00:37<00:06,  5.90it/s]
Iterating parquet files to get normalization:  82%|████████▏ | 163/199 [00:38<00:08,  4.32it/s]
Iterating parquet files to get normalization:  82%|████████▏ | 164/199 [00:38<00:07,  4.72it/s]
Iterating parquet files to get normalization:  83%|████████▎ | 165/199 [00:38<00:06,  5.23it/s]
Iterating parquet files to get normalization:  84%|████████▍ | 167/199 [00:39<00:05,  5.92it/s]
Iterating parquet files to get normalization:  85%|████████▌ | 170/199 [00:39<00:03,  9.32it/s]
Iterating parquet files to get normalization:  86%|████████▋ | 172/199 [00:39<00:03,  8.32it/s]
Iterating parquet files to get normalization:  87%|████████▋ | 174/199 [00:39<00:04,  6.15it/s]
Iterating parquet files to get normalization:  89%|████████▉ | 177/199 [00:40<00:02,  8.53it/s]
Iterating parquet files to get normalization:  90%|████████▉ | 179/199 [00:40<00:03,  6.60it/s]
Iterating parquet files to get normalization:  91%|█████████ | 181/199 [00:40<00:02,  7.32it/s]
Iterating parquet files to get normalization:  92%|█████████▏| 183/199 [00:41<00:02,  6.12it/s]
Iterating parquet files to get normalization:  93%|█████████▎| 186/199 [00:41<00:01,  7.95it/s]
Iterating parquet files to get normalization:  94%|█████████▍| 188/199 [00:42<00:01,  5.91it/s]
Iterating parquet files to get normalization:  95%|█████████▌| 190/199 [00:42<00:01,  6.50it/s]
Iterating parquet files to get normalization:  96%|█████████▌| 191/199 [00:42<00:01,  5.70it/s]
Iterating parquet files to get normalization:  96%|█████████▋| 192/199 [00:42<00:01,  5.68it/s]
Iterating parquet files to get normalization:  97%|█████████▋| 194/199 [00:42<00:00,  7.20it/s]
Iterating parquet files to get normalization:  99%|█████████▉| 197/199 [00:43<00:00,  8.19it/s]
Iterating parquet files to get normalization: 100%|██████████| 199/199 [00:43<00:00,  8.86it/s]
Iterating parquet files to get normalization: 100%|██████████| 199/199 [00:43<00:00,  4.59it/s]
[DONE] Stats saved to: runs/astribot_multitask_posttrain32/stats.json
       Set data.train.pretrained_norm_stats and data.val.pretrained_norm_stats in YAML if you use this stats file.
420_compressed', '/data/share/1919650160032350208/foundation_model/datasets/astribot_lerobotv3//wash_clothes_bxx_20260421_compressed', '/data/share/1919650160032350208/foundation_model/datasets/astribot_lerobotv3//wash_clothes_bxx_20260424_compressed', '/data/share/1919650160032350208/foundation_model/datasets/astribot_lerobotv3//wash_clothes_bxx_20260506_compressed', '/data/share/1919650160032350208/foundation_model/datasets/astribot_lerobotv3//wash_clothes_bxx_20260507_compressed', '/data/share/1919650160032350208/foundation_model/datasets/astribot_lerobotv3//wash_clothes_bxx_20260508_compressed', '/data/share/1919650160032350208/foundation_model/datasets/astribot_lerobotv3//wash_clothes_bxx_20260515_compressed', '/data/share/1919650160032350208/foundation_model/datasets/astribot_lerobotv3//wash_clothes_bxx_20260519_compressed', '/data/share/1919650160032350208/foundation_model/datasets/astribot_lerobotv3//wash_clothes_closeandmove_bxx_20260623_compressed', '/data/share/1919650160032350208/foundation_model/datasets/astribot_lerobotv3//wash_clothes_closeandmove_whb_20260623_compressed', '/data/share/1919650160032350208/foundation_model/datasets/astribot_lerobotv3//wash_clothes_hcc_20260413_compressed', '/data/share/1919650160032350208/foundation_model/datasets/astribot_lerobotv3//wash_clothes_hcc_20260414_compressed', '/data/share/1919650160032350208/foundation_model/datasets/astribot_lerobotv3//wash_clothes_opendoor_bxx_20260617_compressed', '/data/share/1919650160032350208/foundation_model/datasets/astribot_lerobotv3//wash_clothes_pickup1_bxx_20260609_compressed', '/data/share/1919650160032350208/foundation_model/datasets/astribot_lerobotv3//wash_clothes_pickup_bxx_20260525_compressed', '/data/share/1919650160032350208/foundation_model/datasets/astribot_lerobotv3//wash_clothes_pickup_bxx_20260617_compressed', '/data/share/1919650160032350208/foundation_model/datasets/astribot_lerobotv3//wash_clothes_putclothes_bxx_20260617_compressed']
[INFO] output       : runs/astribot_multitask_posttrain32/stats.json
[INFO] obs/action   : 33/32
[INFO] stride       : 1
[INFO] num_workers  : 8
[INFO] q01/q99      : False
[INFO] parquet files : 199
[INFO] Processor set to eval().
[INFO] fast_stats   : True
[INFO] fast_stats   : reading each parquet file once and grouping rows by episode_index
[INFO] Computing stats over 10222 episodes...

Iterating parquet files to get normalization:   0%|          | 0/199 [00:00<?, ?it/s]/data/share/1919650160032350208/machong14/wam_astribot_posttrain32/scripts/preprocess/precompute_stats_optimize.py:412: UserWarning: The given NumPy array is not writable, and PyTorch does not support non-writable tensors. This means writing to this tensor will result in undefined behavior. You may want to copy the array to protect its data or make it writable before converting it to a tensor. This type of warning will be suppressed for the rest of this program. (Triggered internally at /job_3340656/source/pytorch/torch/csrc/utils/tensor_numpy.cpp:203.)
  return torch.from_numpy(arrow_array_to_numpy(array))

Iterating parquet files to get normalization:   1%|          | 1/199 [00:00<01:20,  2.47it/s]
Iterating parquet files to get normalization:   1%|          | 2/199 [00:03<05:41,  1.73s/it]
Iterating parquet files to get normalization:   2%|▏         | 3/199 [00:03<03:33,  1.09s/it]
Iterating parquet files to get normalization:   2%|▏         | 4/199 [00:03<02:41,  1.20it/s]
Iterating parquet files to get normalization:   3%|▎         | 5/199 [00:04<02:46,  1.16it/s]
Iterating parquet files to get normalization:   4%|▍         | 8/199 [00:04<01:11,  2.66it/s]
Iterating parquet files to get normalization:   5%|▌         | 10/199 [00:05<00:52,  3.58it/s]
Iterating parquet files to get normalization:   6%|▌         | 12/199 [00:05<00:41,  4.48it/s]
Iterating parquet files to get normalization:   7%|▋         | 14/199 [00:05<00:42,  4.35it/s]
Iterating parquet files to get normalization:   8%|▊         | 16/199 [00:06<00:55,  3.32it/s]
Iterating parquet files to get normalization:   9%|▊         | 17/199 [00:06<00:50,  3.60it/s]
Iterating parquet files to get normalization:   9%|▉         | 18/199 [00:07<01:03,  2.86it/s]
Iterating parquet files to get normalization:  10%|▉         | 19/199 [00:08<01:44,  1.72it/s]
Iterating parquet files to get normalization:  11%|█         | 21/199 [00:09<01:06,  2.69it/s]
Iterating parquet files to get normalization:  11%|█         | 22/199 [00:09<01:05,  2.70it/s]
Iterating parquet files to get normalization:  12%|█▏        | 23/199 [00:10<01:20,  2.19it/s]
Iterating parquet files to get normalization:  13%|█▎        | 25/199 [00:10<00:51,  3.37it/s]
Iterating parquet files to get normalization:  13%|█▎        | 26/199 [00:10<00:43,  3.94it/s]
Iterating parquet files to get normalization:  14%|█▎        | 27/199 [00:10<00:56,  3.04it/s]
Iterating parquet files to get normalization:  14%|█▍        | 28/199 [00:11<00:47,  3.62it/s]
Iterating parquet files to get normalization:  15%|█▌        | 30/199 [00:11<00:38,  4.34it/s]
Iterating parquet files to get normalization:  16%|█▌        | 31/199 [00:11<00:45,  3.68it/s]
Iterating parquet files to get normalization:  16%|█▌        | 32/199 [00:11<00:40,  4.10it/s]
Iterating parquet files to get normalization:  17%|█▋        | 33/199 [00:12<00:41,  3.97it/s]
Iterating parquet files to get normalization:  18%|█▊        | 35/199 [00:12<00:27,  6.02it/s]
Iterating parquet files to get normalization:  18%|█▊        | 36/199 [00:12<00:41,  3.96it/s]
Iterating parquet files to get normalization:  19%|█▉        | 38/199 [00:13<00:31,  5.06it/s]
Iterating parquet files to get normalization:  20%|██        | 40/199 [00:13<00:30,  5.28it/s]
Iterating parquet files to get normalization:  21%|██        | 41/199 [00:14<00:41,  3.77it/s]
Iterating parquet files to get normalization:  21%|██        | 42/199 [00:15<01:13,  2.15it/s]
Iterating parquet files to get normalization:  22%|██▏       | 43/199 [00:15<01:19,  1.96it/s]
Iterating parquet files to get normalization:  23%|██▎       | 45/199 [00:16<01:14,  2.08it/s]
Iterating parquet files to get normalization:  24%|██▎       | 47/199 [00:17<01:11,  2.12it/s]
Iterating parquet files to get normalization:  25%|██▍       | 49/199 [00:18<01:00,  2.49it/s]
Iterating parquet files to get normalization:  25%|██▌       | 50/199 [00:18<00:52,  2.85it/s]
Iterating parquet files to get normalization:  26%|██▌       | 51/199 [00:18<00:44,  3.35it/s]
Iterating parquet files to get normalization:  27%|██▋       | 54/199 [00:19<00:38,  3.79it/s]
Iterating parquet files to get normalization:  28%|██▊       | 55/199 [00:19<00:46,  3.08it/s]
Iterating parquet files to get normalization:  28%|██▊       | 56/199 [00:19<00:47,  3.03it/s]
Iterating parquet files to get normalization:  29%|██▉       | 58/199 [00:20<00:34,  4.11it/s]
Iterating parquet files to get normalization:  30%|██▉       | 59/199 [00:20<00:40,  3.47it/s]
Iterating parquet files to get normalization:  30%|███       | 60/199 [00:20<00:38,  3.57it/s]
Iterating parquet files to get normalization:  31%|███       | 61/199 [00:21<00:38,  3.57it/s]
Iterating parquet files to get normalization:  32%|███▏      | 63/199 [00:21<00:28,  4.86it/s]
Iterating parquet files to get normalization:  32%|███▏      | 64/199 [00:22<00:43,  3.10it/s]
Iterating parquet files to get normalization:  33%|███▎      | 66/199 [00:22<00:41,  3.18it/s]
Iterating parquet files to get normalization:  34%|███▎      | 67/199 [00:23<00:43,  3.01it/s]
Iterating parquet files to get normalization:  35%|███▍      | 69/199 [00:23<00:36,  3.61it/s]
Iterating parquet files to get normalization:  35%|███▌      | 70/199 [00:23<00:31,  4.12it/s]
Iterating parquet files to get normalization:  36%|███▌      | 71/199 [00:23<00:27,  4.63it/s]
Iterating parquet files to get normalization:  36%|███▌      | 72/199 [00:24<00:30,  4.13it/s]
Iterating parquet files to get normalization:  37%|███▋      | 73/199 [00:24<00:34,  3.68it/s]
Iterating parquet files to get normalization:  37%|███▋      | 74/199 [00:24<00:32,  3.84it/s]
Iterating parquet files to get normalization:  38%|███▊      | 76/199 [00:25<00:34,  3.57it/s]
Iterating parquet files to get normalization:  39%|███▊      | 77/199 [00:25<00:33,  3.64it/s]
Iterating parquet files to get normalization:  39%|███▉      | 78/199 [00:25<00:30,  3.98it/s]
Iterating parquet files to get normalization:  40%|███▉      | 79/199 [00:25<00:31,  3.78it/s]
Iterating parquet files to get normalization:  40%|████      | 80/199 [00:26<00:26,  4.53it/s]
Iterating parquet files to get normalization:  41%|████      | 81/199 [00:26<00:23,  5.00it/s]
Iterating parquet files to get normalization:  41%|████      | 82/199 [00:26<00:28,  4.07it/s]
Iterating parquet files to get normalization:  42%|████▏     | 83/199 [00:26<00:33,  3.47it/s]
Iterating parquet files to get normalization:  42%|████▏     | 84/199 [00:27<00:52,  2.21it/s]
Iterating parquet files to get normalization:  43%|████▎     | 86/199 [00:27<00:31,  3.54it/s]
Iterating parquet files to get normalization:  44%|████▎     | 87/199 [00:28<00:26,  4.17it/s]
Iterating parquet files to get normalization:  44%|████▍     | 88/199 [00:28<00:30,  3.64it/s]
Iterating parquet files to get normalization:  45%|████▌     | 90/199 [00:28<00:20,  5.41it/s]
Iterating parquet files to get normalization:  46%|████▌     | 91/199 [00:28<00:18,  5.74it/s]
Iterating parquet files to get normalization:  46%|████▌     | 92/199 [00:29<00:34,  3.14it/s]
Iterating parquet files to get normalization:  47%|████▋     | 93/199 [00:30<00:52,  2.02it/s]
Iterating parquet files to get normalization:  47%|████▋     | 94/199 [00:31<00:54,  1.94it/s]
Iterating parquet files to get normalization:  48%|████▊     | 96/199 [00:32<00:58,  1.77it/s]
Iterating parquet files to get normalization:  49%|████▉     | 98/199 [00:33<00:51,  1.97it/s]
Iterating parquet files to get normalization:  50%|████▉     | 99/199 [00:33<00:47,  2.11it/s]
Iterating parquet files to get normalization:  51%|█████     | 101/199 [00:34<00:39,  2.47it/s]
Iterating parquet files to get normalization:  51%|█████▏    | 102/199 [00:34<00:35,  2.76it/s]
Iterating parquet files to get normalization:  52%|█████▏    | 104/199 [00:34<00:31,  3.04it/s]
Iterating parquet files to get normalization:  53%|█████▎    | 105/199 [00:34<00:26,  3.55it/s]
Iterating parquet files to get normalization:  54%|█████▍    | 108/199 [00:35<00:15,  5.99it/s]
Iterating parquet files to get normalization:  55%|█████▌    | 110/199 [00:35<00:16,  5.30it/s]
Iterating parquet files to get normalization:  56%|█████▋    | 112/199 [00:35<00:15,  5.68it/s]
Iterating parquet files to get normalization:  57%|█████▋    | 113/199 [00:36<00:15,  5.67it/s]
Iterating parquet files to get normalization:  58%|█████▊    | 115/199 [00:36<00:19,  4.42it/s]
Iterating parquet files to get normalization:  59%|█████▉    | 118/199 [00:36<00:14,  5.66it/s]
Iterating parquet files to get normalization:  60%|█████▉    | 119/199 [00:37<00:14,  5.65it/s]
Iterating parquet files to get normalization:  61%|██████▏   | 122/199 [00:37<00:10,  7.64it/s]
Iterating parquet files to get normalization:  62%|██████▏   | 123/199 [00:37<00:11,  6.76it/s]
Iterating parquet files to get normalization:  63%|██████▎   | 125/199 [00:37<00:08,  8.48it/s]
Iterating parquet files to get normalization:  64%|██████▍   | 128/199 [00:37<00:07,  9.59it/s]
Iterating parquet files to get normalization:  65%|██████▌   | 130/199 [00:38<00:08,  7.88it/s]
Iterating parquet files to get normalization:  66%|██████▌   | 131/199 [00:38<00:08,  7.95it/s]
Iterating parquet files to get normalization:  66%|██████▋   | 132/199 [00:38<00:09,  6.75it/s]
Iterating parquet files to get normalization:  67%|██████▋   | 134/199 [00:38<00:09,  7.07it/s]
Iterating parquet files to get normalization:  68%|██████▊   | 136/199 [00:39<00:08,  7.86it/s]
Iterating parquet files to get normalization:  69%|██████▉   | 137/199 [00:39<00:07,  8.07it/s]
Iterating parquet files to get normalization:  69%|██████▉   | 138/199 [00:39<00:12,  5.04it/s]
Iterating parquet files to get normalization:  70%|██████▉   | 139/199 [00:39<00:12,  4.82it/s]
Iterating parquet files to get normalization:  70%|███████   | 140/199 [00:40<00:12,  4.74it/s]
Iterating parquet files to get normalization:  71%|███████   | 141/199 [00:40<00:11,  5.15it/s]
Iterating parquet files to get normalization:  71%|███████▏  | 142/199 [00:40<00:11,  5.03it/s]
Iterating parquet files to get normalization:  72%|███████▏  | 143/199 [00:40<00:09,  5.62it/s]
Iterating parquet files to get normalization:  73%|███████▎  | 145/199 [00:40<00:09,  5.95it/s]
Iterating parquet files to get normalization:  74%|███████▍  | 147/199 [00:41<00:08,  6.38it/s]
Iterating parquet files to get normalization:  74%|███████▍  | 148/199 [00:41<00:11,  4.36it/s]
Iterating parquet files to get normalization:  76%|███████▋  | 152/199 [00:42<00:07,  6.32it/s]
Iterating parquet files to get normalization:  77%|███████▋  | 154/199 [00:42<00:06,  6.77it/s]
Iterating parquet files to get normalization:  78%|███████▊  | 156/199 [00:42<00:05,  7.56it/s]
Iterating parquet files to get normalization:  79%|███████▉  | 157/199 [00:42<00:05,  7.12it/s]
Iterating parquet files to get normalization:  79%|███████▉  | 158/199 [00:42<00:05,  7.05it/s]
Iterating parquet files to get normalization:  80%|████████  | 160/199 [00:43<00:06,  5.92it/s]
Iterating parquet files to get normalization:  81%|████████▏ | 162/199 [00:44<00:08,  4.34it/s]
Iterating parquet files to get normalization:  83%|████████▎ | 165/199 [00:44<00:06,  5.20it/s]
Iterating parquet files to get normalization:  83%|████████▎ | 166/199 [00:44<00:06,  4.97it/s]
Iterating parquet files to get normalization:  84%|████████▍ | 168/199 [00:44<00:04,  6.38it/s]
Iterating parquet files to get normalization:  85%|████████▌ | 170/199 [00:44<00:03,  8.11it/s]
Iterating parquet files to get normalization:  86%|████████▋ | 172/199 [00:45<00:03,  7.80it/s]
Iterating parquet files to get normalization:  87%|████████▋ | 174/199 [00:45<00:03,  7.29it/s]
Iterating parquet files to get normalization:  88%|████████▊ | 175/199 [00:45<00:03,  6.42it/s]
Iterating parquet files to get normalization:  88%|████████▊ | 176/199 [00:45<00:03,  6.74it/s]
Iterating parquet files to get normalization:  89%|████████▉ | 177/199 [00:45<00:03,  7.27it/s]
Iterating parquet files to get normalization:  90%|████████▉ | 179/199 [00:46<00:03,  5.51it/s]
Iterating parquet files to get normalization:  90%|█████████ | 180/199 [00:46<00:03,  5.46it/s]
Iterating parquet files to get normalization:  91%|█████████▏| 182/199 [00:47<00:03,  5.37it/s]
Iterating parquet files to get normalization:  92%|█████████▏| 183/199 [00:47<00:03,  5.09it/s]
Iterating parquet files to get normalization:  92%|█████████▏| 184/199 [00:47<00:03,  4.93it/s]
Iterating parquet files to get normalization:  93%|█████████▎| 186/199 [00:47<00:01,  6.79it/s]
Iterating parquet files to get normalization:  94%|█████████▍| 187/199 [00:48<00:02,  5.15it/s]
Iterating parquet files to get normalization:  96%|█████████▌| 191/199 [00:48<00:01,  7.94it/s]
Iterating parquet files to get normalization:  96%|█████████▋| 192/199 [00:48<00:00,  7.14it/s]
Iterating parquet files to get normalization:  97%|█████████▋| 194/199 [00:48<00:00,  8.89it/s]
Iterating parquet files to get normalization:  98%|█████████▊| 196/199 [00:48<00:00,  7.51it/s]
Iterating parquet files to get normalization:  99%|█████████▉| 198/199 [00:49<00:00,  8.94it/s]
Iterating parquet files to get normalization: 100%|██████████| 199/199 [00:49<00:00,  4.04it/s]
[DONE] Stats saved to: runs/astribot_multitask_posttrain32/stats.json
       Set data.train.pretrained_norm_stats and data.val.pretrained_norm_stats in YAML if you use this stats file.
160032350208/foundation_model/datasets/astribot_lerobotv3//wash_clothes_bxx_20260515_compressed', '/data/share/1919650160032350208/foundation_model/datasets/astribot_lerobotv3//wash_clothes_bxx_20260519_compressed', '/data/share/1919650160032350208/foundation_model/datasets/astribot_lerobotv3//wash_clothes_closeandmove_bxx_20260623_compressed', '/data/share/1919650160032350208/foundation_model/datasets/astribot_lerobotv3//wash_clothes_closeandmove_whb_20260623_compressed', '/data/share/1919650160032350208/foundation_model/datasets/astribot_lerobotv3//wash_clothes_hcc_20260413_compressed', '/data/share/1919650160032350208/foundation_model/datasets/astribot_lerobotv3//wash_clothes_hcc_20260414_compressed', '/data/share/1919650160032350208/foundation_model/datasets/astribot_lerobotv3//wash_clothes_opendoor_bxx_20260617_compressed', '/data/share/1919650160032350208/foundation_model/datasets/astribot_lerobotv3//wash_clothes_pickup1_bxx_20260609_compressed', '/data/share/1919650160032350208/foundation_model/datasets/astribot_lerobotv3//wash_clothes_pickup_bxx_20260525_compressed', '/data/share/1919650160032350208/foundation_model/datasets/astribot_lerobotv3//wash_clothes_pickup_bxx_20260617_compressed', '/data/share/1919650160032350208/foundation_model/datasets/astribot_lerobotv3//wash_clothes_putclothes_bxx_20260617_compressed']
[INFO] output       : runs/astribot_multitask_posttrain32/stats.json
[INFO] obs/action   : 33/32
[INFO] stride       : 1
[INFO] num_workers  : 8
[INFO] q01/q99      : False
[INFO] parquet files : 199
[INFO] Processor set to eval().
[INFO] fast_stats   : True
[INFO] fast_stats   : reading each parquet file once and grouping rows by episode_index
[INFO] Computing stats over 10222 episodes...

Iterating parquet files to get normalization:   0%|          | 0/199 [00:00<?, ?it/s]/data/share/1919650160032350208/machong14/wam_astribot_posttrain32/scripts/preprocess/precompute_stats_optimize.py:412: UserWarning: The given NumPy array is not writable, and PyTorch does not support non-writable tensors. This means writing to this tensor will result in undefined behavior. You may want to copy the array to protect its data or make it writable before converting it to a tensor. This type of warning will be suppressed for the rest of this program. (Triggered internally at /job_3340656/source/pytorch/torch/csrc/utils/tensor_numpy.cpp:203.)
  return torch.from_numpy(arrow_array_to_numpy(array))

Iterating parquet files to get normalization:   1%|          | 1/199 [00:00<00:36,  5.40it/s]
Iterating parquet files to get normalization:   1%|          | 2/199 [00:02<04:56,  1.51s/it]
Iterating parquet files to get normalization:   2%|▏         | 3/199 [00:03<03:23,  1.04s/it]
Iterating parquet files to get normalization:   2%|▏         | 4/199 [00:03<02:50,  1.14it/s]
Iterating parquet files to get normalization:   3%|▎         | 5/199 [00:04<02:23,  1.36it/s]
Iterating parquet files to get normalization:   3%|▎         | 6/199 [00:04<01:52,  1.71it/s]
Iterating parquet files to get normalization:   4%|▎         | 7/199 [00:04<01:39,  1.92it/s]
Iterating parquet files to get normalization:   5%|▍         | 9/199 [00:05<00:59,  3.20it/s]
Iterating parquet files to get normalization:   5%|▌         | 10/199 [00:05<00:50,  3.73it/s]
Iterating parquet files to get normalization:   6%|▌         | 12/199 [00:05<00:35,  5.27it/s]
Iterating parquet files to get normalization:   7%|▋         | 13/199 [00:05<00:45,  4.10it/s]
Iterating parquet files to get normalization:   7%|▋         | 14/199 [00:06<00:44,  4.16it/s]
Iterating parquet files to get normalization:   8%|▊         | 16/199 [00:06<00:51,  3.58it/s]
Iterating parquet files to get normalization:   9%|▊         | 17/199 [00:07<00:52,  3.50it/s]
Iterating parquet files to get normalization:   9%|▉         | 18/199 [00:07<01:09,  2.59it/s]
Iterating parquet files to get normalization:  10%|▉         | 19/199 [00:08<01:45,  1.71it/s]
Iterating parquet files to get normalization:  10%|█         | 20/199 [00:09<01:25,  2.09it/s]
Iterating parquet files to get normalization:  11%|█         | 21/199 [00:09<01:17,  2.29it/s]
Iterating parquet files to get normalization:  11%|█         | 22/199 [00:10<01:55,  1.54it/s]
Iterating parquet files to get normalization:  12%|█▏        | 23/199 [00:10<01:26,  2.03it/s]
Iterating parquet files to get normalization:  13%|█▎        | 25/199 [00:10<00:59,  2.90it/s]
Iterating parquet files to get normalization:  13%|█▎        | 26/199 [00:11<00:53,  3.22it/s]
Iterating parquet files to get normalization:  14%|█▍        | 28/199 [00:11<00:35,  4.77it/s]
Iterating parquet files to get normalization:  15%|█▍        | 29/199 [00:11<00:40,  4.16it/s]
Iterating parquet files to get normalization:  15%|█▌        | 30/199 [00:11<00:43,  3.85it/s]
Iterating parquet files to get normalization:  16%|█▌        | 31/199 [00:12<00:46,  3.64it/s]
Iterating parquet files to get normalization:  16%|█▌        | 32/199 [00:12<00:50,  3.30it/s]
Iterating parquet files to get normalization:  17%|█▋        | 33/199 [00:13<00:54,  3.06it/s]
Iterating parquet files to get normalization:  18%|█▊        | 36/199 [00:13<00:30,  5.39it/s]
Iterating parquet files to get normalization:  19%|█▉        | 38/199 [00:13<00:29,  5.38it/s]
Iterating parquet files to get normalization:  20%|██        | 40/199 [00:14<00:30,  5.20it/s]
Iterating parquet files to get normalization:  21%|██        | 41/199 [00:14<00:35,  4.46it/s]
Iterating parquet files to get normalization:  21%|██        | 42/199 [00:15<01:11,  2.21it/s]
Iterating parquet files to get normalization:  22%|██▏       | 43/199 [00:16<01:09,  2.23it/s]
Iterating parquet files to get normalization:  22%|██▏       | 44/199 [00:16<01:07,  2.30it/s]
Iterating parquet files to get normalization:  23%|██▎       | 45/199 [00:16<01:01,  2.50it/s]
Iterating parquet files to get normalization:  23%|██▎       | 46/199 [00:17<00:51,  2.97it/s]
Iterating parquet files to get normalization:  24%|██▎       | 47/199 [00:18<01:30,  1.68it/s]
Iterating parquet files to get normalization:  24%|██▍       | 48/199 [00:18<01:14,  2.03it/s]
Iterating parquet files to get normalization:  26%|██▌       | 51/199 [00:18<00:36,  4.03it/s]
Iterating parquet files to get normalization:  26%|██▌       | 52/199 [00:18<00:34,  4.21it/s]
Iterating parquet files to get normalization:  27%|██▋       | 53/199 [00:19<00:32,  4.46it/s]
Iterating parquet files to get normalization:  27%|██▋       | 54/199 [00:19<00:34,  4.14it/s]
Iterating parquet files to get normalization:  28%|██▊       | 55/199 [00:20<01:01,  2.35it/s]
Iterating parquet files to get normalization:  29%|██▊       | 57/199 [00:20<00:39,  3.62it/s]
Iterating parquet files to get normalization:  29%|██▉       | 58/199 [00:20<00:46,  3.06it/s]
Iterating parquet files to get normalization:  30%|██▉       | 59/199 [00:21<00:38,  3.61it/s]
Iterating parquet files to get normalization:  30%|███       | 60/199 [00:21<00:44,  3.10it/s]
Iterating parquet files to get normalization:  31%|███       | 62/199 [00:21<00:34,  3.94it/s]
Iterating parquet files to get normalization:  32%|███▏      | 63/199 [00:22<00:36,  3.72it/s]
Iterating parquet files to get normalization:  32%|███▏      | 64/199 [00:22<00:31,  4.31it/s]
Iterating parquet files to get normalization:  33%|███▎      | 65/199 [00:22<00:38,  3.48it/s]
Iterating parquet files to get normalization:  33%|███▎      | 66/199 [00:23<00:38,  3.46it/s]
Iterating parquet files to get normalization:  34%|███▎      | 67/199 [00:23<00:48,  2.74it/s]
Iterating parquet files to get normalization:  34%|███▍      | 68/199 [00:23<00:41,  3.13it/s]
Iterating parquet files to get normalization:  35%|███▍      | 69/199 [00:24<00:41,  3.17it/s]
Iterating parquet files to get normalization:  36%|███▌      | 71/199 [00:24<00:27,  4.70it/s]
Iterating parquet files to get normalization:  37%|███▋      | 73/199 [00:24<00:28,  4.40it/s]
Iterating parquet files to get normalization:  37%|███▋      | 74/199 [00:24<00:25,  4.92it/s]
Iterating parquet files to get normalization:  38%|███▊      | 75/199 [00:25<00:23,  5.37it/s]
Iterating parquet files to get normalization:  38%|███▊      | 76/199 [00:25<00:38,  3.16it/s]
Iterating parquet files to get normalization:  39%|███▊      | 77/199 [00:25<00:33,  3.64it/s]
Iterating parquet files to get normalization:  39%|███▉      | 78/199 [00:26<00:38,  3.14it/s]
Iterating parquet files to get normalization:  40%|███▉      | 79/199 [00:26<00:32,  3.64it/s]
Iterating parquet files to get normalization:  41%|████      | 81/199 [00:26<00:24,  4.76it/s]
Iterating parquet files to get normalization:  41%|████      | 82/199 [00:26<00:25,  4.50it/s]
Iterating parquet files to get normalization:  42%|████▏     | 83/199 [00:27<00:28,  4.14it/s]
Iterating parquet files to get normalization:  42%|████▏     | 84/199 [00:28<00:51,  2.24it/s]
Iterating parquet files to get normalization:  43%|████▎     | 86/199 [00:28<00:31,  3.56it/s]
Iterating parquet files to get normalization:  44%|████▎     | 87/199 [00:28<00:30,  3.65it/s]
Iterating parquet files to get normalization:  44%|████▍     | 88/199 [00:28<00:28,  3.86it/s]
Iterating parquet files to get normalization:  46%|████▌     | 91/199 [00:29<00:17,  6.22it/s]
Iterating parquet files to get normalization:  46%|████▌     | 92/199 [00:29<00:26,  4.01it/s]
Iterating parquet files to get normalization:  47%|████▋     | 93/199 [00:30<00:46,  2.26it/s]
Iterating parquet files to get normalization:  47%|████▋     | 94/199 [00:31<00:44,  2.34it/s]
Iterating parquet files to get normalization:  48%|████▊     | 95/199 [00:31<00:37,  2.77it/s]
Iterating parquet files to get normalization:  48%|████▊     | 96/199 [00:32<00:49,  2.06it/s]
Iterating parquet files to get normalization:  49%|████▊     | 97/199 [00:32<00:47,  2.13it/s]
Iterating parquet files to get normalization:  49%|████▉     | 98/199 [00:33<01:01,  1.65it/s]
Iterating parquet files to get normalization:  50%|████▉     | 99/199 [00:33<00:47,  2.10it/s]
Iterating parquet files to get normalization:  50%|█████     | 100/199 [00:33<00:36,  2.72it/s]
Iterating parquet files to get normalization:  51%|█████     | 101/199 [00:34<00:34,  2.80it/s]
Iterating parquet files to get normalization:  52%|█████▏    | 103/199 [00:34<00:30,  3.15it/s]
Iterating parquet files to get normalization:  52%|█████▏    | 104/199 [00:34<00:26,  3.56it/s]
Iterating parquet files to get normalization:  53%|█████▎    | 105/199 [00:35<00:27,  3.38it/s]
Iterating parquet files to get normalization:  54%|█████▍    | 107/199 [00:35<00:19,  4.79it/s]
Iterating parquet files to get normalization:  55%|█████▍    | 109/199 [00:35<00:14,  6.29it/s]
Iterating parquet files to get normalization:  55%|█████▌    | 110/199 [00:35<00:14,  6.31it/s]
Iterating parquet files to get normalization:  56%|█████▌    | 111/199 [00:35<00:14,  6.11it/s]
Iterating parquet files to get normalization:  56%|█████▋    | 112/199 [00:36<00:13,  6.36it/s]
Iterating parquet files to get normalization:  57%|█████▋    | 113/199 [00:36<00:16,  5.08it/s]
Iterating parquet files to get normalization:  58%|█████▊    | 116/199 [00:36<00:16,  5.17it/s]
Iterating parquet files to get normalization:  59%|█████▉    | 117/199 [00:37<00:16,  4.95it/s]
Iterating parquet files to get normalization:  59%|█████▉    | 118/199 [00:37<00:14,  5.50it/s]
Iterating parquet files to get normalization:  60%|█████▉    | 119/199 [00:37<00:13,  5.97it/s]
Iterating parquet files to get normalization:  60%|██████    | 120/199 [00:37<00:11,  6.62it/s]
Iterating parquet files to get normalization:  61%|██████    | 121/199 [00:37<00:12,  6.04it/s]
Iterating parquet files to get normalization:  61%|██████▏   | 122/199 [00:37<00:11,  6.70it/s]
Iterating parquet files to get normalization:  63%|██████▎   | 125/199 [00:38<00:12,  5.92it/s]
Iterating parquet files to get normalization:  64%|██████▍   | 128/199 [00:38<00:08,  8.36it/s]
Iterating parquet files to get normalization:  65%|██████▌   | 130/199 [00:38<00:10,  6.82it/s]
Iterating parquet files to get normalization:  66%|██████▋   | 132/199 [00:39<00:10,  6.60it/s]
Iterating parquet files to get normalization:  67%|██████▋   | 133/199 [00:39<00:09,  6.80it/s]
Iterating parquet files to get normalization:  68%|██████▊   | 136/199 [00:39<00:06,  9.80it/s]
Iterating parquet files to get normalization:  69%|██████▉   | 138/199 [00:40<00:09,  6.18it/s]
Iterating parquet files to get normalization:  70%|██████▉   | 139/199 [00:40<00:09,  6.07it/s]
Iterating parquet files to get normalization:  70%|███████   | 140/199 [00:40<00:11,  5.21it/s]
Iterating parquet files to get normalization:  71%|███████▏  | 142/199 [00:41<00:11,  5.14it/s]
Iterating parquet files to get normalization:  73%|███████▎  | 145/199 [00:41<00:06,  7.82it/s]
Iterating parquet files to get normalization:  74%|███████▍  | 147/199 [00:41<00:08,  6.13it/s]
Iterating parquet files to get normalization:  74%|███████▍  | 148/199 [00:42<00:11,  4.61it/s]
Iterating parquet files to get normalization:  76%|███████▋  | 152/199 [00:42<00:06,  6.78it/s]
Iterating parquet files to get normalization:  78%|███████▊  | 155/199 [00:42<00:05,  7.40it/s]
Iterating parquet files to get normalization:  79%|███████▉  | 158/199 [00:43<00:05,  7.44it/s]
Iterating parquet files to get normalization:  80%|███████▉  | 159/199 [00:43<00:05,  7.68it/s]
Iterating parquet files to get normalization:  80%|████████  | 160/199 [00:43<00:06,  5.92it/s]
Iterating parquet files to get normalization:  81%|████████▏ | 162/199 [00:44<00:08,  4.58it/s]
Iterating parquet files to get normalization:  82%|████████▏ | 163/199 [00:44<00:07,  4.72it/s]
Iterating parquet files to get normalization:  83%|████████▎ | 165/199 [00:44<00:06,  5.18it/s]
Iterating parquet files to get normalization:  83%|████████▎ | 166/199 [00:44<00:05,  5.71it/s]
Iterating parquet files to get normalization:  84%|████████▍ | 168/199 [00:45<00:04,  6.90it/s]
Iterating parquet files to get normalization:  85%|████████▌ | 170/199 [00:45<00:03,  8.25it/s]
Iterating parquet files to get normalization:  87%|████████▋ | 173/199 [00:45<00:02,  8.74it/s]
Iterating parquet files to get normalization:  87%|████████▋ | 174/199 [00:45<00:04,  5.98it/s]
Iterating parquet files to get normalization:  88%|████████▊ | 176/199 [00:46<00:03,  6.89it/s]
Iterating parquet files to get normalization:  89%|████████▉ | 177/199 [00:46<00:03,  7.16it/s]
Iterating parquet files to get normalization:  90%|████████▉ | 179/199 [00:46<00:03,  5.63it/s]
Iterating parquet files to get normalization:  90%|█████████ | 180/199 [00:46<00:03,  5.91it/s]
Iterating parquet files to get normalization:  91%|█████████ | 181/199 [00:47<00:02,  6.03it/s]
Iterating parquet files to get normalization:  91%|█████████▏| 182/199 [00:47<00:02,  6.25it/s]
Iterating parquet files to get normalization:  92%|█████████▏| 183/199 [00:47<00:03,  5.01it/s]
Iterating parquet files to get normalization:  92%|█████████▏| 184/199 [00:47<00:03,  4.70it/s]
Iterating parquet files to get normalization:  94%|█████████▍| 187/199 [00:48<00:02,  5.53it/s]
Iterating parquet files to get normalization:  94%|█████████▍| 188/199 [00:48<00:01,  6.06it/s]
Iterating parquet files to get normalization:  96%|█████████▌| 191/199 [00:48<00:01,  7.34it/s]
Iterating parquet files to get normalization:  96%|█████████▋| 192/199 [00:48<00:01,  5.75it/s]
Iterating parquet files to get normalization:  97%|█████████▋| 194/199 [00:49<00:00,  7.23it/s]
Iterating parquet files to get normalization:  98%|█████████▊| 195/199 [00:49<00:00,  5.70it/s]
Iterating parquet files to get normalizati
Encoding prompts:   0%|          | 0/28 [00:00<?, ?prompt/s]
Encoding prompts:  57%|█████▋    | 16/28 [00:03<00:02,  4.29prompt/s]
Encoding pro
Encoding prompts:  57%|█████▋    | 16/28 [00:03<00:02,  4.25prompt/s]
Encoding prompts: 100%|██████████| 28/28 [00:03<00:00,  8.13prompt/s]
Encoding prompts: 100%|██████████| 28/28 [00:03<00:00,  7.03prompt/s]
2026-09-14 19:40:19,101 | INFO | precompute_text_embeds_direct | Finished. wrote=28 skipped=0 over_length=0
ecompute_text_embeds_direct | Expanded datasets: 127
2026-09-14 19:39:52,524 | INFO | precompute_text_embeds_direct | Task rows read: 127
2026-09-14 19:39:52,525 | INFO | precompute_text_embeds_direct | Unique prompts: 28
2026-09-14 19:39:52,525 | INFO | precompute_text_embeds_direct | Cache dir: posttrain/text_embeds_cache_astribot_multitask_posttrain32
2026-09-14 19:39:52,526 | INFO | precompute_text_embeds_direct | Cache id: t5_len128.wan22ti2v5b
2026-09-14 19:39:52,526 | INFO | precompute_text_embeds_direct | Prompt sample 1: "A video recorded from a robot's point of view executing the following instruction: oven new 2"
2026-09-14 19:39:52,526 | INFO | precompute_text_embeds_direct | Prompt sample 1 hash: 73a913267a4a5d86a135cd901daaeef43efd8e16d14465a141bc221690360482
2026-09-14 19:39:52,527 | INFO | precompute_text_embeds_direct | Prompt sample 2: "A video recorded from a robot's point of view executing the following instruction: fridge chicken golden"
2026-09-14 19:39:52,527 | INFO | precompute_text_embeds_direct | Prompt sample 2 hash: dd826ca4b12e57912b8a31663169b9016123bdda90b45f77aeb582a004956ac3
2026-09-14 19:39:52,528 | INFO | precompute_text_embeds_direct | Prompt sample 3: "A video recorded from a robot's point of view executing the following instruction: fridge fruits"
2026-09-14 19:39:52,528 | INFO | precompute_text_embeds_direct | Prompt sample 3 hash: f68c44adfafe8f7f946a35766ff403907b1896b8f23420b5dbb8fa2fb8ca42ab
2026-09-14 19:39:52,528 | INFO | precompute_text_embeds_direct | Prompt sample 4: "A video recorded from a robot's point of view executing the following instruction: fridge meat"
2026-09-14 19:39:52,529 | INFO | precompute_text_embeds_direct | Prompt sample 4 hash: 409354b140af605641d60806e7bc2a5630aa1bc435b8ce0b75fce1225f4fad03
2026-09-14 19:39:52,529 | INFO | precompute_text_embeds_direct | Prompt sample 5: "A video recorded from a robot's point of view executing the following instruction: fridge salmon golden"
2026-09-14 19:39:52,529 | INFO | precompute_text_embeds_direct | Prompt sample 5 hash: 51c40a06870ab0c7bc5f48343c0e03611558b389880e387b6a0fff4c661ac261
2026-09-14 19:39:54,575 | INFO | numexpr.utils | Note: detected 192 virtual cores but NumExpr set to maximum of 64, check "NUMEXPR_MAX_THREADS" environment variable.
2026-09-14 19:39:54,576 | INFO | numexpr.utils | Note: NumExpr detected 192 cores but "NUMEXPR_MAX_THREADS" not set, so enforcing safe limit of 16.
2026-09-14 19:39:54,576 | INFO | numexpr.utils | NumExpr defaulting to 16 threads.
2026-09-14 19:39:54,895 | INFO | precompute_text_embeds_direct | Expanded datasets: 127
2026-09-14 19:39:54,895 | INFO | precompute_text_embeds_direct | Task rows read: 127
2026-09-14 19:39:54,896 | INFO | precompute_text_embeds_direct | Unique prompts: 28
2026-09-14 19:39:54,896 | INFO | precompute_text_embeds_direct | Cache dir: posttrain/text_embeds_cache_astribot_multitask_posttrain32
2026-09-14 19:39:54,896 | INFO | precompute_text_embeds_direct | Cache id: t5_len128.wan22ti2v5b
2026-09-14 19:39:54,897 | INFO | precompute_text_embeds_direct | Prompt sample 1: "A video recorded from a robot's point of view executing the following instruction: oven new 2"
2026-09-14 19:39:54,897 | INFO | precompute_text_embeds_direct | Prompt sample 1 hash: 73a913267a4a5d86a135cd901daaeef43efd8e16d14465a141bc221690360482
2026-09-14 19:39:54,897 | INFO | precompute_text_embeds_direct | Prompt sample 2: "A video recorded from a robot's point of view executing the following instruction: fridge chicken golden"
2026-09-14 19:39:54,897 | INFO | precompute_text_embeds_direct | Prompt sample 2 hash: dd826ca4b12e57912b8a31663169b9016123bdda90b45f77aeb582a004956ac3
2026-09-14 19:39:54,898 | INFO | precompute_text_embeds_direct | Prompt sample 3: "A video recorded from a robot's point of view executing the following instruction: fridge fruits"
2026-09-14 19:39:54,898 | INFO | precompute_text_embeds_direct | Prompt sample 3 hash: f68c44adfafe8f7f946a35766ff403907b1896b8f23420b5dbb8fa2fb8ca42ab
2026-09-14 19:39:54,898 | INFO | precompute_text_embeds_direct | Prompt sample 4: "A video recorded from a robot's point of view executing the following instruction: fridge meat"
2026-09-14 19:39:54,898 | INFO | precompute_text_embeds_direct | Prompt sample 4 hash: 409354b140af605641d60806e7bc2a5630aa1bc435b8ce0b75fce1225f4fad03
2026-09-14 19:39:54,898 | INFO | precompute_text_embeds_direct | Prompt sample 5: "A video recorded from a robot's point of view executing the following instruction: fridge salmon golden"
2026-09-14 19:39:54,899 | INFO | precompute_text_embeds_direct | Prompt sample 5 hash: 51c40a06870ab0c7bc5f48343c0e03611558b389880e387b6a0fff4c661ac261
2026-09-14 19:39:56,552 | INFO | precompute_text_embeds_direct | Rank 0/1: skipped=0 encode=28

Encoding prompts:   0%|          | 0/28 [00:00<?, ?prompt/s]
Encoding prompts:  57%|█████▋    | 16/28 [00:03<00:02,  4.26prompt/s]
Encoding pro
Encoding prompts:  57%|█████▋    | 16/28 [00:03<00:02,  4.26prompt/s]
Encoding prompts: 100%|██████████| 28/28 [00:03<00:00,  8.23prompt/s]
Encoding prompts: 100%|██████████| 28/28 [00:03<00:00,  7.09prompt/s]
2026-09-14 19:40:31,472 | INFO | precompute_text_embeds_direct | Finished. wrote=28 skipped=0 over_length=0
aded, please further tune the variable for optimal performance in your application as needed. 
W0914 19:40:27.555000 1657 site-packages/torch/distributed/run.py:766] *****************************************
W0914 19:40:28.114000 1658 site-packages/torch/distributed/run.py:766] 
W0914 19:40:28.114000 1658 site-packages/torch/distributed/run.py:766] *****************************************
W0914 19:40:28.114000 1658 site-packages/torch/distributed/run.py:766] Setting OMP_NUM_THREADS environment variable for each process to be 1 in default, to avoid your system being overloaded, please further tune the variable for optimal performance in your application as needed. 
W0914 19:40:28.114000 1658 site-packages/torch/distributed/run.py:766] *****************************************
W0914 19:40:40.238000 1662 site-packages/torch/distributed/run.py:766] 
W0914 19:40:40.238000 1662 site-packages/torch/distributed/run.py:766] *****************************************
W0914 19:40:40.238000 1662 site-packages/torch/distributed/run.py:766] Setting OMP_NUM_THREADS environment variable for each process to be 1 in default, to avoid your system being overloaded, please further tune the variable for optimal performance in your application as needed. 
W0914 19:40:40.238000 1662 site-packages/torch/distributed/run.py:766] *****************************************
[train.py LOADED] pid=1928 LOCAL_RANK=0 RANK=16 script=/data/share/1919650160032350208/machong14/wam_astribot_posttrain32/scripts/train.py
[train.py LOADED] pid=1929 LOCAL_RANK=1 RANK=17 script=/data/share/1919650160032350208/machong14/wam_astribot_posttrain32/scripts/train.py
[train.py LOADED] pid=1930 LOCAL_RANK=2 RANK=18 script=/data/share/1919650160032350208/machong14/wam_astribot_posttrain32/scripts/train.py
[train.py LOADED] pid=1931 LOCAL_RANK=3 RANK=19 script=/data/share/1919650160032350208/machong14/wam_astribot_posttrain32/scripts/train.py
[train.py LOADED] pid=1932 LOCAL_RANK=4 RANK=20 script=/data/share/1919650160032350208/machong14/wam_astribot_posttrain32/scripts/train.py
[train.py LOADED] pid=1933 LOCAL_RANK=5 RANK=21 script=/data/share/1919650160032350208/machong14/wam_astribot_posttrain32/scripts/train.py
[train.py LOADED] pid=1934 LOCAL_RANK=6 RANK=22 script=/data/share/1919650160032350208/machong14/wam_astribot_posttrain32/scripts/train.py
[train.py LOADED] pid=1935 LOCAL_RANK=7 RANK=23 script=/data/share/1919650160032350208/machong14/wam_astribot_posttrain32/scripts/train.py
[train.py LOADED] pid=1936 LOCAL_RANK=8 RANK=24 script=/data/share/1919650160032350208/machong14/wam_astribot_posttrain32/scripts/train.py
[train.py LOADED] pid=1937 LOCAL_RANK=9 RANK=25 script=/data/share/1919650160032350208/machong14/wam_astribot_posttrain32/scripts/train.py
[train.py LOADED] pid=1938 LOCAL_RANK=10 RANK=26 script=/data/share/1919650160032350208/machong14/wam_astribot_posttrain32/scripts/train.py
[train.py LOADED] pid=1939 LOCAL_RANK=11 RANK=27 script=/data/share/1919650160032350208/machong14/wam_astribot_posttrain32/scripts/train.py
[train.py LOADED] pid=1940 LOCAL_RANK=12 RANK=28 script=/data/share/1919650160032350208/machong14/wam_astribot_posttrain32/scripts/train.py
[train.py LOADED] pid=1941 LOCAL_RANK=13 RANK=29 script=/data/share/1919650160032350208/machong14/wam_astribot_posttrain32/scripts/train.py
[train.py LOADED] pid=1942 LOCAL_RANK=14 RANK=30 script=/data/share/1919650160032350208/machong14/wam_astribot_posttrain32/scripts/train.py
[train.py LOADED] pid=1943 LOCAL_RANK=15 RANK=31 script=/data/share/1919650160032350208/machong14/wam_astribot_posttrain32/scripts/train.py
2/scripts[train.py LOADED] pid=1995 LOCAL_RANK=5 RANK=37 script=/data/share/1919650160032350208/machong14/wam_astribot_posttrain32/scripts/train.py
[train.py LOADED] pid=1994 LOCAL_RANK=4 RANK=36 script=/data/share/1919650160032350208/machong14/wam_astribot_posttrain32/scripts/train.py
[train.py LOADED] pid=2001 LOCAL_RANK=11 RANK=43 script=/data/share/1919650160032350208/machong14/wam_astribot_posttrain32/scripts/train.py
[train.py LOADED] pid=2000 LOCAL_RANK=10 RANK=42 script=/data/share/1919650160032350208/machong14/wam_astribot_posttrain32/scripts/train.py
[train.py LOADED] pid=1996 LOCAL_RANK=6 RANK=38 script=/data/share/1919650160032350208/machong14/wam_astribot_posttrain32/scripts/train.py
[train.py LOADED] pid=2002 LOCAL_RANK=12 RANK=44 script=/data/share/1919650160032350208/machong14/wam_astribot_posttrain32/scripts/train.py
[train.py LOADED] pid=2003 LOCAL_RANK=13 RANK=45 script=/data/share/1919650160032350208/machong14/wam_astribot_posttrain32/scripts/train.py
[train.py LOADED] pid=1997 LOCAL_RANK=7 RANK=39 script=/data/share/1919650160032350208/machong14/wam_astribot_posttrain32/scripts/train.py
[train.py LOADED] pid=1998 LOCAL_RANK=8 RANK=40 script=/data/share/1919650160032350208/machong14/wam_astribot_posttrain32/scripts/train.py
[train.py LOADED] pid=1999 LOCAL_RANK=9 RANK=41 script=/data/share/1919650160032350208/machong14/wam_astribot_posttrain32/scripts/train.py
[train.py LOADED] pid=2005 LOCAL_RANK=15 RANK=47 script=/data/share/1919650160032350208/machong14/wam_astribot_posttrain32/scripts/train.py
[train.py LOADED] pid=2004 LOCAL_RANK=14 RANK=46 script=/data/share/1919650160032350208/machong14/wam_astribot_posttrain32/scripts/train.py
[train.py] fastwam imported OK — runtime.py is at: /data/share/1919650160032350208/machong14/wam_astribot_posttrain32/src/fastwam/runtime.py
[train.py direct] LOCAL_RANK=3 RANK=35 config=runs/astribot_multitask_posttrain32/astribot_multitask_posttrain32.yaml output_dir=runs/astribot_multitask_posttrain32/train dataset_dirs=127 -- calling run_training()
[train.py] fastwam imported OK — runtime.py is at: /data/share/1919650160032350208/machong14/wam_astribot_posttrain32/src/fastwam/runtime.py
[TRAIN rank=3] >>> run_training() entered
[train.py direct] LOCAL_RANK=13 RANK=45 config=runs/astribot_multitask_posttrain32/astribot_multitask_posttrain32.yaml output_dir=runs/astribot[train.py direct] LOCAL_RANK=1 RANK=17 config=runs/astribot_multitask_posttrain32/astribot_multitask_posttrain32.yaml output_dir=runs/astribot_multitask_posttrain32/train dataset_dirs=127 -- calling run_training()
[train.py] fastwam imported OK — runtime.py is at: /data/share/1919650160032350208/machong14/wam_astribot_posttrain32/src/fastwam/runtime.py
[TRAIN rank=1] >>> run_training() entered
[train.py direct] LOCAL_RANK=0 RANK=16 config=runs/astribot_multitask_posttrain32/astribot_multitask_posttrain32.yaml output_dir=runs/astribot_multitask_posttrain32/train dataset_dirs=127 -- calling run_training()
[train.py] fastwam imported OK — runtime.py is at: /data/share/1919650160032350208/machong14/wam_astribot_posttrain32/src/fastwam/runtime.py
[train.py] fastwam imported OK — runtime.py is at: /data/share/1919650160032350208/machong14/wam_astribot_posttrain32/src/fastwam/runtime.py
[train.py] fastwam imported OK — runtime.py is at: /data/share/1919650160032350208/machong14/wam_astribot_posttrain32/src/fastwam/runtime.py
[train.py] fastwam imported OK — runtime.py is at: /data/share/1919650160032350208/machong14/wam_astribot_posttrain32/src/fastwam/runtime.py
[train.py] fastwam imported OK — runtime.py is at: /data/share/1919650160032350208/machong14/wam_astribot_posttrain32/src/fastwam/runtime.py
[train.py] fastwam imported OK — runtime.py is at: /data/share/1919650160032350208/machong14/wam_astribot_posttrain32/src/fastwam/runtime.py
[train.py] fastwam imported OK — runtime.py is at: /data/share/1919650160032350208/machong14/wam_astribot_posttrain32/src/fastwam/runtime.py
[TRAIN rank=0] >>> run_training() entered
[train.py] fastwam imported OK — runtime.py is at: /data/share/1919650160032350208/machong14/wam_astribot_posttrain32/src/fastwam/runtime.py
[train.py direct] LOCAL_RANK=8 RANK=24 config=runs/astribot_multitask_posttrain32/astribot_multitask_posttrain32.yaml output_dir=runs/astribot_multitask_posttrain32/train dataset_dirs=127 -- calling run_training()
[train.py] fastwam imported OK — runtime.py is at: /data/share/1919650160032350208/machong14/wam_astribot_posttrain32/src/fastwam/runtime.py
[train.py] fastwam imported OK — runtime.py is at: /data/share/1919650160032350208/machong14/wam_astribot_posttrain32/src/fastwam/runtime.py
[train.py direct] LOCAL_RANK=14 RANK=30 config=runs/astribot_multitask_posttrain32/astribot_multitask_posttrain32.yaml output_dir=runs/astribot_multitask_posttrain32/train dataset_dirs=127 -- calling run_training()
[train.py] fastwam imported OK — runtime.py is at: /data/share/1919650160032350208/machong14/wam_astribot_posttrain32/src/fastwam/runtime.py
[train.py] fastwam imported OK — runtime.py is at: /data/share/1919650160032350208/machong14/wam_astribot_posttrain32/src/fastwam/runtime.py
[train.py direct] LOCAL_RANK=13 RANK=29 config=runs/astribot_multitask_posttrain32/astribot_multitask_posttrain32.yaml output_dir=runs/astribot_multitask_posttrain32/train dataset_dirs=127 -- calling run_training()
[train.py direct] LOCAL_RANK=9 RANK=25 config=runs/astribot_multitask_posttrain32/astribot_multitask_posttrain32.yaml output_dir=runs/astribot_multitask_posttrain32/train dataset_dirs=127 -- calling run_training()
[train.py direct] LOCAL_RANK=11 RANK=27 config=runs/astribot_multitask_posttrain32/astribot_multitask_posttrain32.yaml output_dir=runs/astribot_multitask_posttrain32/train dataset_dirs=127 -- calling run_training()
[train.py direct] LOCAL_RANK[TRAIN rank=6] >>> run_training() entered
[TRAIN rank=10] >>> run_training() entered
[TRAIN rank=8] >>> run_training() entered
[train.py direct] LOCAL_RANK=15 RANK=47 config=runs/astribot_multitask_posttrain32/astribot_multitask_posttrain32.yaml output_dir=runs/astribot_multitask_posttrain32/train dataset_dirs=127 -- calling run_training()
[train.py direct] LOCAL_RANK=14 RANK=46 config=runs/astribot_multitask_posttrain32/astribot_multitask_posttrain32.yaml output_dir=runs/astribot_multitask_posttrain32/train dataset_dirs=127 -- calling run_training()
[train.py] fastwam imported OK — runtime.py is at: /data/share/1919650160032350208/machong14/wam_astribot_posttrain32/src/fastwam/runtime.py
[TRAIN rank=15] >>> run_training() entered
[TRAIN rank=14] >>> run_training() entered
[train.py direct] LOCAL_RANK=2 RANK=34 config=runs/astribot_multitask_posttrain32/astribot_multitask_posttrain32.yaml output_dir=runs/astribot_multitask_posttrain32/train dataset_dirs=127 -- calling run_training()
[train.py] fastwam imported OK — runtime.py is at: /data/share/1919650160032350208/machong14/wam_astribot_posttrain32/src/fastwam/runtime.py
[TRAIN rank=2] >>> run_training() entered
[train.py] fastwam imported OK — runtime.py is at: /data/share/1919650160032350208/machong14/wam_astribot_posttrain32/src/fastwam/runtime.py
[train.py direct] LOCAL_RANK=9 RANK=41 config=runs/astribot_multitask_posttrain32/astribot_multitask_posttrain32.yaml output_dir=runs/astribot_multitask_posttrain32/train dataset_dirs=127 -- calling run_training()
[train.py] fastwam imported OK — runtime.py is at: /data/share/1919650160032350208/machong14/wam_astribot_posttrain32/src/fastwam/runtime.py
[train.py direct] LOCAL_RANK=0 RANK=32 config=runs/astribot_multitask_posttrain32/astribot_multitask_posttrain32.yaml output_dir=runs/astribot_multitask_posttrain32/train dataset_dirs=127 -- calling run_training()
[TRAIN rank=3] >>> instantiate(cfg.model) START — device=cuda:3, dtype=torch.bfloat16
[TRAIN rank=9] >>> run_training() entered
[TRAIN rank=0] >>> run_training() entered
[train.py direct] LOCAL_RANK=4 RANK=36 config=runs/astribot_multitask_posttrain32/astribot_multitask_posttrain32.yaml output_dir=runs/astribot_multitask_posttrain32/train dataset_dirs=127 -- calling run_training()
[TRAIN rank=13] >>> instantiate(cfg.model) START — device=cuda:13, dtype=torch.bfloat16
[TRAIN rank=4] >>> run_training() entered
[TRAIN rank=7] >>> instantiate(cfg.model) START — device=cuda:7, dtype=torch.bfloat16
[TRAIN rank=5] >>> instantiate(cfg.model) START — device=cuda:5, dtype=torch.bfloat16
[TRAIN rank=12] >>> instantiate(cfg.model) START — device=cuda:12, dtype=torch.bfloat16
[TRAIN rank=10] >>> instantiate(cfg.model) START — device=cuda:10, dtype=torch.bfloat16
[TRAIN rank=8] >>> instantiate(cfg.model) START — device=cuda:8, dtype=torch.bfloat16
[TRAIN rank=1] >>> instantiate(cfg.model) START — device=cuda:1, dtype=torch.bfloat16
[TRAIN r[TRAIN rank=8] >>> instantiate(cfg.model) START — device=cuda:8, dtype=torch.bfloat16
[TRAIN rank=13] >>> instantiate(cfg.model) START — device=cuda:13, dtype=torch.b[TRAIN rank=14] >>> instantiate(cfg.model) START — device=cuda:14, dtype=torch.bfloat16
[TRAIN rank=15] >>> instantiate(cfg.model) START — device=cuda:15, dtype=torch.bfloat16
[TRAIN rank=2] >>> instantiate(cfg.model) START — device=cuda:2, dtype=torch.bfloat16
[TRAIN rank=0] >>> instantiate(cfg.model) START — device=cuda:0, dtype=torch.bfloat16
[TRAIN rank=9] >>> instantiate(cfg.model) START — device=cuda:9, dtype=torch.bfloat16
[TRAIN rank=4] >>> instantiate(cfg.model) START — device=cuda:4, dtype=torch.bfloat16
ch.bfloat16
[TRAIN rank=4] >>> instantiate(cfg.model) START — device=cuda:4, dtype=torch.bfloat16
[TRAIN rank=5] >>> instantiate(cfg.model) START — device=cuda:5, dtype=torch.bfloat16
[TRAIN rank=6] >>> instantiate(cfg.model) START — device=cuda:6, dtype=torch.bfloat16
[TRAIN rank=15] >>> instantiate(cfg.model) START — device=cuda:15, dtype=torch.bfloat16
[TRAIN rank=7] >>> instantiate(cfg.model) START — device=cuda:7, dtype=torch.bfloat16
[TRAIN rank=3] >>> instantiate(cfg.model) START — device=cuda:3, dtype=torch.bfloat16
model) START — device=cuda:0, dtype=torch.bfloat16
[TRAIN rank=15] >>> instantiate(cfg.m[TRAIN rank=5] >>> instantiate(cfg.model) START — device=cuda:5, dtype=torch.bfloat16
[TRAIN rank=10] >>> instantiate(cfg.model) START — device=cuda:10, dtype=torch.bfloat16
[TRAIN rank=4] >>> instantiate(cfg.model) START — device=cuda:4, dtype=torch.bfloat16
[TRAIN rank=9] >>> instantiate(cfg.model) START — device=cuda:9, dtype=torch.bfloat16
[TRAIN rank=11] >>> instantiate(cfg.model) START — device=cuda:11, dtype=torch.bfloat16
[TRAIN rank=14] >>> instantiate(cfg.model) START — device=cuda:14, dtype=torch.bfloat16
[TRAIN rank=3] >>> instantiate(cfg.model) START — device=cuda:3, dtype=torch.bfloat16
[TRAIN rank=0] >>> instantiate(cfg.model) START — device=cuda:0, dtype=torch.bfloat16
[TRAIN rank=2] >>> instantiate(cfg.model) START — device=cuda:2, dtype=torch.bfloat16
[TRAIN rank=6] >>> instantiate(cfg.model) START — device=cuda:6, dtype=torch.bfloat16
[TRAIN rank=8] >>> instantiate(cfg.model) START — device=cuda:8, dtype=torch.bfloat16
[TRAIN rank=12] >>> instantiate(cfg.model) START — device=cuda:12, dtype=torch.bfloat16
[TRAIN rank=7] >>> instantiate(cfg.model) START — device=cuda:7, dtype=torch.bfloat16
[TRAIN rank=1] >>> instantiate(cfg.model) START — device=cuda:1, dtype=torch.bfloat16
[TRAIN rank=13] >>> instantiate(cfg.model) START — device=cuda:13, dtype=torch.bfloat16
| >> Loading Wan2.2-TI2V-5B components...
| >> Skipping pretrained text encoder/tokenizer load (`load_text_encoder=False`); training must provide cached `context/context_mask`.
[TRAIN rank=12] >>> instantiate(cfg.model) DONE
[TRAIN rank=12] >>> build_datasets() START
[TRAIN rank=12]     dataset_dirs (train): ['/data/share/1919650160032350208/foundation_model/datasets/astribot_lerobotv3//oven_new_2_fx_20260513_compressed', '/data/share/1919650160032350208/foundation_model/datasets/astribot_lerobotv3//oven_new_2_fx_20260514_compressed', '/data/share/1919650160032350208/foundation_model/datasets/astribot_lerobotv3//oven_new_2_fx_20260515_compressed', '/data/share/1919650160032350208/foundation_model/datasets/astribot_lerobotv3//oven_new_2_fx_20260518_compressed', '/data/share/1919650160032350208/foundation_model/datasets/astribot_lerobotv3//fridge_chicken_golden_zjm_20260324_compressed', '/data/share/1919650160032350208/foundation_model/datasets/astribot_lerobotv3//fridge_chicken_golden_zjm_20260325_compressed', '/data/share/1919650160032350208/foundation_model/datasets/astribot_lerobotv3//fridge_chicken_golden_zjm_20260327_compressed', '/data/share/1919650160032350208/foundation_model/datasets/astribot_lerobotv3//fridge_fruits_fx_20260508_compressed', '/data/share/1919650160032350208/foundation_model/datasets/astribot_lerobotv3//fridge_fruits_fx_20260509_compressed', '/data/share/1919650160032350208/foundation_model/datasets/astribot_lerobotv3//fridge_fruits_fx_20260511_compressed', '/data/share/1919650160032350208/foundation_model/datasets/astribot_lerobotv3//fridge_fruits_fx_20260602_compressed', '/data/share/1919650160032350208/foundation_model/datasets/astribot_lerobotv3//fridge_fruits_fx_20260603_compressed', '/data/share/1919650160032350208/foundation_model/datasets/astribot_lerobotv3//fridge_meat_fx_20260428_compressed', '/data/share/1919650160032350208/foundation_model/datasets/astribot_lerobotv3//fridge_meat_fx_20260429_compressed', '/data/share/1919650160032350208/foundation_model/datasets/astribot_lerobotv3//fridge_meat_fx_20260430_compressed', '/data/share/1919650160032350208/foundation_model/datasets/astribot_lerobotv3//fridge_salmon_golden_zjm_20260310_compressed', '/data/share/1919650160032350208/foundation_model/datasets/astribot_lerobotv3//fridge_salmon_golden_zjm_20260311_compressed', '/data/share/1919650160032350208/foundation_model/datasets/astribot_lerobotv3//fridge_salmon_golden_zjm_20260312_compressed', '/data/share/1919650160032350208/foundation_model/datasets/astribot_lerobotv3//fridge_salmon_golden_zjm_20260313_compressed', '/data/share/1919650160032350208/foundation_model/datasets/astribot_lerobotv3//fridge_salmon_zjm_20260306_compressed', '/data/share/1919650160032350208/foundation_model/datasets/astribot_lerobotv3//fridge_salmon_zjm_20260309_compressed', '/data/share/1919650160032350208/foundation_model/datasets/astribot_lerobotv3//fridge_shrimp_fx_20260423_compressed', '/data/share/1919650160032350208/foundation_model/datasets/astribot_lerobotv3//fridge_shrimp_fx_20260424_1_compressed', '/data/share/1919650160032350208/foundation_model/datasets/astribot_lerobotv3//fridge_shrimp_fx_20260424_2_compressed', '/data/share/1919650160032350208/foundation_model/datasets/astribot_lerobotv3//fridge_shrimp_fx_20260427_compressed', '/data/share/1919650160032350208/foundation_model/datasets/astribot_lerobotv3//fridge_shrimp_fx_20260428_compressed', '/data/share/1919650160032350208/foundation_model/datasets/astribot_lerobotv3//fridge_tray_middle_fx_20260610_compressed', '/data/share/1919650160032350208/foundation_model/datasets/astribot_lerobotv3//fridge_tray_middle_fx_20260611_compressed', '/data/share/1919650160032350208/foundation_model/datasets/astribot_lerobotv3//fridge_tray_middle_fx_20260615_compressed', '/data/share/1919650160032350208/foundation_model/datasets/astribot_lerobotv3//fridge_chicken_fx_20260506_compressed', '/data/share/1919650160032350208/foundation_model/datasets/astribot_lerobotv3//fridge_chicken_golden_zjm_20260323_compressed', '/data/share/1919650160032350208/foundation_model/datasets/astribot_lerobotv3//dishwasher_2_fx_20260407_compressed', '/data/share/1919650160032350208/foundation_model/datasets/astribot_lerobotv3//dishwasher_2_fx_20260409_compressed', '/data/share/1919650160032350208/foundation_model/datasets/astribot_lerobotv3//dishwasher_2_fx_20260410_compressed', '/data/share/1919650160032350208/foundation_model/datasets/astribot_lerobotv3//dishwasher_2_fx_20260529_compressed', '/data/share/1919650160032350208/foundation_model/datasets/astribot_lerobotv3//dishwasher_2_fx_20260605_compressed', '/data/share/1919650160032350208/foundation_model/datasets/astribot_lerobotv3//dishwasher_2_hcc_20260410_compressed', '/data/share/1919650160032350208/foundation_model/datasets/astribot_lerobotv3//dishwasher_2_hcc_20260416_compressed', '/data/share/1919650160032350208/foundation_model/datasets/astribot_lerobotv3//dishwasher_2_hcc_20260417_compressed', '/data/share/1919650160032350208/foundation_model/datasets/astribot_lerobotv3//dishwasher_2_hcc_20260421_compressed', '/data/share/1919650160032350208/foundation_model/datasets/astribot_lerobotv3//dishwasher_2_hcc_20260422_compressed', '/data/share/1919650160032350208/foundation_model/datasets/astribot_lerobotv3//dishwasher_2_hcc_20260423_compressed', '/data/share/1919650160032350208/foundation_model/datasets/astribot_lerobotv3//dishwasher_2_hcc_20260424_compressed', '/data/share/1919650160032350208/foundation_model/datasets/astribot_lerobotv3//dishwasher_2_hcc_20260507_compressed', '/data/share/1919650160032350208/foundation_model/datasets/astribot_lerobotv3//dishwasher_2_hcc_20260508_compressed', '/data/share/1919650160032350208/foundation_model/datasets/astribot_lerobotv3//dishwasher_2_hcc_20260509_compressed', '/data/share/1919650160032350208/foundation_model/datasets/astribot_lerobotv3//dishwasher_2_hcc_20260511_compressed', '/data/share/1919650160032350208/foundation_model/datasets/astribot_lerobotv3//dishwasher_2_hcc_20260512_compressed', '/data/share/1919650160032350208/foundation_model/datasets/astribot_lerobotv3//dishwasher_2_hcc_20260513_compressed', '/data/share/1919650160032350208/foundation_model/datasets/astribot_lerobotv3//dishwasher_2_hcc_20260518_compressed', '/data/share/1919650160032350208/foundation_model/datasets/astribot_lerobotv3//dishwasher_2_hcc_20260521_compressed', '/data/share/1919650160032350208/foundation_model/datasets/astribot_lerobotv3//dishwasher_2_hcc_20260522_compressed', '/data/share/1919650160032350208/foundation_model/datasets/astribot_lerobotv3//dishwasher_2_hcc_20260525_compressed', '/data/share/1919650160032350208/foundation_model/datasets/astribot_lerobotv3//dishwasher_2_hcc_20260526_compressed', '/data/share/1919650160032350208/foundation_model/datasets/astribot_lerobotv3//dishwasher_2_hcc_20260528_compressed', '/data/share/1919650160032350208/foundation_model/datasets/astribot_lerobotv3//dishwasher_2_hcc_20260601_compressed', '/data/share/1919650160032350208/foundation_model/datasets/astribot_lerobotv3//oven_takeout_fx_20260525_compressed', '/data/share/1919650160032350208/foundation_model/datasets/astribot_lerobotv3//oven_takeout_fx_20260526_compressed', '/data/share/1919650160032350208/foundation_model/datasets/astribot_lerobotv3//oven_takeout_fx_20260527_compressed', '/data/share/1919650160032350208/foundation_model/datasets/astribot_lerobotv3//oven_takeout_fx_20260528_compressed', '/data/share/1919650160032350208/foundation_model/datasets/astribot_lerobotv3//oven_takeout_fx_20260601_compressed', '/data/share/1919650160032350208/foundation_model/datasets/astribot_lerobotv3//oven_takeout_fx_20260608_compressed', '/data/share/1919650160032350208/foundation_model/datasets/astribot_lerobotv3//oven_takeout_fx_20260609_compressed', '/data/share/1919650160032350208/foundation_model/datasets/astribot_lerobotv3//collect_clothes_basket_bxx_20260622_compressed', '/data/share/1919650160032350208/foundation_model/datasets/astribot_lerobotv3//collect_clothes_bxx_20260528_compressed', '/data/share/1919650160032350208/foundation_model/datasets/astribot_lerobotv3//collect_clothes_bxx_20260529_compressed', '/data/share/1919650160032350208/foundation_model/datasets/astribot_lerobotv3//collect_clothes_bxx_20260601_compressed', '/data/share/1919650160032350208/foundation_model/datasets/astribot_lerobotv3//collect_clothes_bxx_20260610_compressed', '/data/share/1919650160032350208/foundation_model/datasets/astribot_lerobotv3//collect_clothes_bxx_20260611_compressed', '/data/share/1919650160032350208/foundation_model/datasets/astribot_lerobotv3//collect_clothes_bxx_20260615_compressed', '/data/share/1919650160032350208/foundation_model/datasets/astribot_lerobotv3//collect_clothes_bxx_20260616_compressed', '/data/share/1919650160032350208/foundation_model/datasets/astribot_lerobotv3//collect_clothes_fx_20260526_compressed', '/data/share/1919650160032350208/foundation_model/datasets/astribot_lerobotv3//collect_clothes_fx_20260528_compressed', '/data/share/1919650160032350208/foundation_model/datasets/astribot_lerobotv3//collect_clothes_fx_20260601_compressed', '/data/share/1919650160032350208/foundation_model/datasets/astribot_lerobotv3//collect_clothes_fx_20260604_compressed', '/data/share/1919650160032350208/foundation_model/datasets/astribot_lerobotv3//collect_clothes_fx_20260611_compressed', '/data/share/1919650160032350208/foundation_model/datasets/astribot_lerobotv3//collect_clothes_fx_20260612_compressed', '/data/share/1919650160032350208/foundation_model/datasets/astribot_lerobotv3//collect_clothes_fx_20260616_compressed', '/data/share/1919650160032350208/foundation_model/datasets/astribot_lerobotv3//collect_clothes_nearsofa_whb_20260622_compressed', '/data/share/1919650160032350208/foundation_model/datasets/astribot_lerobotv3//collect_clothes_recover_whb_20260622_compressed', '/data/share/1919650160032350208/foundation_model/datasets/astribot_lerobotv3//collect_clothes_recover_whb_20260623_compressed', '/data/share/1919650160032350208/foundation_model/datasets/astribot_lerobotv3//collect_clothes_twoclothes_bxx_20260622_compressed', '/data/share/1919650160032350208/foundation_model/datasets/astribot_lerobotv3//collect_clothes_twoclothesonthesoft_bxx_20260618_compressed', '/data/share/1919650160032350208/foundation_model/datasets/astribot_lerobotv3//collect_clothes_twoclothesonthesoft_whb_20260618_compressed', '/data/share/1919650160032350208/foundation_model/datasets/astribot_lerobotv3//collect_clothes_whb_20260615_compressed', '/data/share/1919650160032350208/foundation_model/datasets/astribot_lerobotv3//collect_clothes_whb_20260616_compressed', '/data/share/1919650160032350208/foundation_model/datasets/astribot_lerobotv3//collect_clothes_whb_20260617_compressed', '/data/share/1919650160032350208/foundation_model/datasets/astribot_lerobotv3//collect_twoclothes_onthefloor_bxx_20260610_compressed', '/data/share/1919650160032350208/foundation_model/datasets/astribot_lerobotv3//dry_clothes_bxx_20260508_compressed', '/data/share/1919650160032350208/foundation_model/datasets/astribot_lerobotv3//dry_clothes_bxx_20260509_compressed', '/data/share/1919650160032350208/foundation_model/datasets/astribot_lerobotv3//dry_clothes_bxx_20260513_compressed', '/data/share/1919650160032350208/foundation_model/datasets/astribot_lerobotv3//dry_clothes_bxx_20260514_compressed', '/data/share/1919650160032350208/foundation_model/datasets/astribot_lerobotv3//dry_clothes_bxx_20260520_compressed', '/data/share/1919650160032350208/foundation_model/datasets/astribot_lerobotv3//dry_clothes_bxx_20260521_compressed', '/data/share/1919650160032350208/foundation_model/datasets/astribot_lerobotv3//dry_clothes_bxx_20260522_compressed', '/data/share/1919650160032350208/foundation_model/datasets/astribot_lerobotv3//dry_clothes_bxx_20260527_compressed', '/data/share/1919650160032350208/foundation_model/datasets/astribot_lerobotv3//dry_clothes_bxx_20260528_compressed', '/data/share/1919650160032350208/foundation_model/datasets/astribot_lerobotv3//dry_clothes_bxx_20260601_compressed', '/data/share/1919650160032350208/foundation_model/datasets/astribot_lerobotv3//dry_clothes_bxx_20260602_compressed', '/data/share/1919650160032350208/foundation_model/datasets/astribot_lerobotv3//dry_clothes_bxx_20260603_compressed', '/data/share/1919650160032350208/foundation_model/datasets/astribot_lerobotv3//dry_clothes_bxx_20260604_compressed', '/data/share/1919650160032350208/foundation_model/datasets/astribot_lerobotv3//dry_clothes_bxx_20260605_compressed', '/data/share/1919650160032350208/foundation_model/datasets/astribot_lerobotv3//dry_clothes_bxx_20260609_compressed', '/data/share/1919650160032350208/foundation_model/datasets/astribot_lerobotv3//dry_clothes_grasp_whb_20260624_compressed', '/data/share/1919650160032350208/foundation_model/datasets/astribot_lerobotv3//dry_clothes_openandmove_bxx_20260623_compressed', '/data/share/1919650160032350208/foundation_model/datasets/astribot_lerobotv3//dry_clothes_openandmove_bxx_20260624_compressed', '/data/share/1919650160032350208/foundation_model/datasets/astribot_lerobotv3//dry_clothes_pickup_bxx_20260612_compressed', '/data/share/1919650160032350208/foundation_model/datasets/astribot_lerobotv3//dry_clothes_pickup_bxx_20260615_compressed', '/data/share/1919650160032350208/foundation_model/datasets/astribot_lerobotv3//dry_clothes_pickup_bxx_20260616_compressed', '/data/share/1919650160032350208/foundation_model/datasets/astribot_lerobotv3//dry_clothes_pickup_bxx_20260617_compressed', '/data/share/1919650160032350208/foundation_model/datasets/astribot_lerobotv3//wash_clothes_bxx_20260420_compressed', '/data/share/1919650160032350208/foundation_model/datasets/astribot_lerobotv3//wash_clothes_bxx_20260421_compressed', '/data/share/1919650160032350208/foundation_model/datasets/astribot_lerobotv3//wash_clothes_bxx_20260424_compressed', '/data/share/1919650160032350208/foundation_model/datasets/astribot_lerobotv3//wash_clothes_bxx_20260506_compressed', '/data/share/1919650160032350208/foundation_model/datasets/astribot_lerobotv3//wash_clothes_bxx_20260507_compressed', '/data/share/1919650160032350208/foundation_model/datasets/astribot_lerobotv3//wash_clothes_bxx_20260508_compressed', '/data/share/1919650160032350208/foundation_model/datasets/astribot_lerobotv3//wash_clothes_bxx_20260515_compressed', '/data/share/1919650160032350208/foundation_model/datasets/astribot_lerobotv3//wash_clothes_bxx_20260519_compressed', '/data/share/1919650160032350208/foundation_model/datasets/astribot_lerobotv3//wash_clothes_closeandmove_bxx_20260623_compressed', '/data/share/1919650160032350208/foundation_model/datasets/astribot_lerobotv3//wash_clothes_closeandmove_whb_20260623_compressed', '/data/share/1919650160032350208/foundation_model/datasets/astribot_lerobotv3//wash_clothes_hcc_20260413_compressed', '/data/share/1919650160032350208/foundation_model/datasets/astribot_lerobotv3//wash_clothes_hcc_20260414_compressed', '/data/share/1919650160032350208/foundation_model/datasets/astribot_lerobotv3//wash_clothes_opendoor_bxx_20260617_compressed', '/data/share/1919650160032350208/foundation_model/datasets/astribot_lerobotv3//wash_clothes_pickup1_bxx_20260609_compressed', '/data/share/1919650160032350208/foundation_model/datasets/astribot_lerobotv3//wash_clothes_pickup_bxx_20260525_compressed', '/data/share/1919650160032350208/foundation_model/datasets/astribot_lerobotv3//wash_clothes_pickup_bxx_20260617_comp[TRAIN rank=2] >>> instantiate(cfg.model) DONE
[TRAIN rank=2] >>> build_datasets() START
[TRAIN rank=2]     dataset_dirs (train): ['/data/| >> Finished loading Wan2.2-TI2V-5B components in 55.56 seconds.
[TRAIN rank=15] >>> instantiate(cfg.model) DONE
[TRAIN rank=15] >>> build_datasets() START
[TRAIN rank=15]     dataset_dirs (train): ['/data/share/1919650160032350208/foundation_model/datasets/astribot_lerobotv3//oven_new_2_fx_20260513_compressed', '/data/share/1919650160032350208/foundation_model/datasets/astribot_lerobotv3//oven_new_2_fx_20260514_compressed', '/data/share/1919650160032350208/foundation_model/datasets/astribot_lerobotv3//oven_new_2_fx_20260515_compressed', '/data/share/1919650160032350208/foundation_model/datasets/astribot_lerobotv3//oven_new_2_fx_20260518_compressed', '/data/share/1919650160032350208/foundation_model/datasets/astribot_lerobotv3//fridge_chicken_golden_zjm_20260324_compressed', '/data/share/1919650160032350208/foundation_model/datasets/astribot_lerobotv3//fridge_chicken_golden_zjm_20260325_compressed', '/data/share/1919650160032350208/foundation_model/datasets/astribot_lerobotv3//fridge_chicken_golden_zjm_20260327_compressed', '/data/share/1919650160032350208/foundation_model/datasets/astribot_lerobotv3//fridge_fruits_fx_20260508_compressed', '/data/share/1919650160032350208/foundation_model/datasets/astribot_lerobotv3//fridge_fruits_fx_20260509_compressed', '/data/share/1919650160032350208/foundation_model/datasets/astribot_lerobotv3//fridge_fruits_fx_20260511_compressed', '/data/share/1919650160032350208/foundation_model/datasets/astribot_lerobotv3//fridge_fruits_fx_20260602_compressed', '/data/share/1919650160032350208/foundation_model/datasets/astribot_lerobotv3//fridge_fruits_fx_20260603_compressed', '/data/share/1919650160032350208/foundation_model/datasets/astribot_lerobotv3//fridge_meat_fx_20260428_compressed', '/data/share/1919650160032350208/foundation_model/datasets/astribot_lerobotv3//fridge_meat_fx_20260429_compressed', '/data/share/1919650160032350208/foundation_model/datasets/astribot_lerobotv3//fridge_meat_fx_20260430_compressed', '/data/share/1919650160032350208/foundation_model/datasets/astribot_lerobotv3//fridge_salmon_golden_zjm_20260310_compressed', '/data/share/1919650160032350208/foundation_model/datasets/astribot_lerobotv3//fridge_salmon_golden_zjm_20260311_compressed', '/data/share/1919650160032350208/foundation_model/datasets/astribot_lerobotv3//fridge_salmon_golden_zjm_20260312_compressed', '/data/share/1919650160032350208/foundation_model/datasets/astribot_lerobotv3//fridge_salmon_golden_zjm_20260313_compressed', '/data/share/1919650160032350208/foundation_model/datasets/astribot_lerobotv3//fridge_salmon_zjm_20260306_compressed', '/data/share/1919650160032350208/foundation_model/datasets/astribot_lerobotv3//fridge_salmon_zjm_20260309_compressed', '/data/share/1919650160032350208/foundation_model/datasets/astribot_lerobotv3//fridge_shrimp_fx_20260423_compressed', '/data/share/1919650160032350208/foundation_model/datasets/astribot_lerobotv3//fridge_shrimp_fx_20260424_1_compressed', '/data/share/1919650160032350208/foundation_model/datasets/astribot_lerobotv3//fridge_shrimp_fx_20260424_2_compressed', '/data/share/1919650160032350208/foundation_model/datasets/astribot_lerobotv3//fridge_shrimp_fx_20260427_compressed', '/data/share/1919650160032350208/foundation_model/datasets/astribot_lerobotv3//fridge_shrimp_fx_20260428_compressed', '/data/share/1919650160032350208/foundation_model/datasets/astribot_lerobotv3//fridge_tray_middle_fx_20260610_compressed', '/data/share/1919650160032350208/foundation_model/datasets/astribot_lerobotv3//fridge_tray_middle_fx_20260611_compressed', '/data/share/1919650160032350208/foundation_model/datasets/astribot_lerobotv3//fridge_tray_middle_fx_20260615_compressed', '/data/share/1919650160032350208/foundation_model/datasets/astribot_lerobotv3//fridge_chicken_fx_20260506_compressed', '/data/share/1919650160032350208/foundation_model/datasets/astribot_lerobotv3//fridge_chicken_golden_zjm_20260323_compressed', '/data/share/1919650160032350208/foundation_model/datasets/astribot_lerobotv3//dishwasher_2_fx_20260407_compressed', '/data/share/1919650160032350208/foundation_model/datasets/astribot_lerobotv3//dishwasher_2_fx_20260409_compressed', '/data/share/1919650160032350208/foundation_model/datasets/astribot_lerobotv3//dishwasher_2_fx_20260410_compressed', '/data/share/1919650160032350208/foundation_model/datasets/astribot_lerobotv3//dishwasher_2_fx_20260529_compressed', '/data/share/1919650160032350208/foundation_model/datasets/astribot_lerobotv3//dishwasher_2_fx_20260605_compressed', '/data/share/1919650160032350208/foundation_model/datasets/astribot_lerobotv3//dishwasher_2_hcc_20260410_compressed', '/data/share/1919650160032350208/foundation_model/datasets/astribot_lerobotv3//dishwasher_2_hcc_20260416_compressed', '/data/share/1919650160032350208/foundation_model/datasets/astribot_lerobotv3//dishwasher_2_hcc_20260417_compressed', '/data/share/1919650160032350208/foundation_model/datasets/astribot_lerobotv3//dishwasher_2_hcc_20260421_compressed', '/data/share/1919650160032350208/foundation_model/datasets/astribot_lerobotv3//dishwasher_2_hcc_20260422_compressed', '/data/share/1919650160032350208/foundation_model/datasets/astribot_lerobotv3//dishwasher_2_hcc_20260423_compressed', '/data/share/1919650160032350208/foundation_model/datasets/astribot_lerobotv3//dishwasher_2_hcc_20260424_compressed', '/data/share/1919650160032350208/foundation_model/datasets/astribot_lerobotv3//dishwasher_2_hcc_20260507_compressed', '/data/share/1919650160032350208/foundation_model/datasets/astribot_lerobotv3//dishwasher_2_hcc_20260508_compressed', '/data/share/1919650160032350208/foundation_model/datasets/astribot_lerobotv3//dishwasher_2_hcc_20260509_compressed', '/data/share/1919650160032350208/foundation_model/datasets/astribot_lerobotv3//dishwasher_2_hcc_20260511_compressed', '/data/share/1919650160032350208/foundation_model/datasets/astribot_lerobotv3//dishwasher_2_hcc_20260512_compressed', '/data/share/1919650160032350208/foundation_model/datasets/astribot_lerobotv3//dishwasher_2_hcc_20260513_compressed', '/data/share/1919650160032350208/foundation_model/datasets/astribot_lerobotv3//dishwasher_2_hcc_20260518_compressed', '/data/share/1919650160032350208/foundation_model/datasets/astribot_lerobotv3//dishwasher_2_hcc_20260521_compressed', '/data/share/1919650160032350208/foundation_model/datasets/astribot_lerobotv3//dishwasher_2_hcc_20260522_compressed', '/data/share/1919650160032350208/foundation_model/datasets/astribot_lerobotv3//dishwasher_2_hcc_20260525_compressed', '/data/share/1919650160032350208/foundation_model/datasets/astribot_lerobotv3//dishwasher_2_hcc_20260526_compressed', '/data/share/1919650160032350208/foundation_model/datasets/astribot_lerobotv3//dishwasher_2_hcc_20260528_compressed', '/data/share/1919650160032350208/foundation_model/datasets/astribot_lerobotv3//dishwasher_2_hcc_20260601_compressed', '/data/share/1919650160032350208/foundation_model/datasets/astribot_lerobotv3//oven_takeout_fx_20260525_compressed', '/data/share/1919650160032350208/foundation_model/datasets/astribot_lerobotv3//oven_takeout_fx_20260526_compressed', '/data/share/1919650160032350208/foundation_model/datasets/astribot_lerobotv3//oven_takeout_fx_20260527_compressed', '/data/share/1919650160032350208/foundation_model/datasets/astribot_lerobotv3//oven_takeout_fx_20260528_compressed', '/data/share/1919650160032350208/foundation_model/datasets/astribot_lerobotv3//oven_takeout_fx_20260601_compressed', '/data/share/1919650160032350208/foundation_model/datasets/astribot_lerobotv3//oven_takeout_fx_20260608_compressed', '/data/share/1919650160032350208/foundation_model/datasets/astribot_lerobotv3//oven_takeout_fx_20260609_compressed', '/data/share/1919650160032350208/foundation_model/datasets/astribot_lerobotv3//collect_clothes_basket_bxx_20260622_compressed', '/data/share/1919650160032350208/foundation_model/datasets/astribot_lerobotv3//collect_clothes_bxx_20260528_compressed', '/data/share/1919650160032350208/foundation_model/datasets/astribot_lerobotv3//collect_clothes_bxx_20260529_compressed', '/data/share/1919650160032350208/foundation_model/datasets/astribot_lerobotv3//collect_clothes_bxx_20260601_compressed', '/data/share/1919650160032350208/foundation_model/datasets/astribot_lerobotv3//collect_clothes_bxx_20260610_compressed', '/data/share/1919650160032350208/foundation_model/datasets/astribot_lerobotv3//collect_clothes_bxx_20260611_compressed', '/data/share/1919650160032350208/foundation_model/datasets/astribot_lerobotv3//collect_clothes_bxx_20260615_compressed', '/data/share/1919650160032350208/foundation_model/datasets/astribot_lerobotv3//collect_clothes_bxx_20260616_compressed', '/data/share/1919650160032350208/foundation_model/datasets/astribot_lerobotv3//collect_clothes_fx_20260526_compressed', '/data/share/1919650160032350208/foundation_model/datasets/astribot_lerobotv3//collect_clothes_fx_20260528_compressed', '/data/share/1919650160032350208/foundation_model/datasets/astribot_lerobotv3//collect_clothes_fx_20260601_compressed', '/data/share/1919650160032350208/foundation_model/datasets/astribot_lerobotv3//collect_clothes_fx_20260604_compressed', '/data/share/1919650160032350208/foundation_model/datasets/astribot_lerobotv3//collect_clothes_fx_20260611_compressed', '/data/share/1919650160032350208/foundation_model/datasets/astribot_lerobotv3//collect_clothes_fx_20260612_compressed', '/data/share/1919650160032350208/foundation_model/datasets/astribot_lerobotv3//collect_clothes_fx_20260616_compressed', '/data/share/1919650160032350208/foundation_model/datasets/astribot_lerobotv3//collect_clothes_nearsofa_whb_20260622_compressed', '/data/share/1919650160032350208/foundation_model/datasets/astribot_lerobotv3//collect_clothes_recover_whb_20260622_compressed', '/data/share/1919650160032350208/foundation_model/datasets/astribot_lerobotv3//collect_clothes_recover_whb_20260623_compressed', '/data/share/1919650160032350208/foundation_model/datasets/astribot_lerobotv3//collect_clothes_twoclothes_bxx_20260622_compressed', '/data/share/1919650160032350208/foundation_model/datasets/astribot_lerobotv3//collect_clothes_twoclothesonthesoft_bxx_20260618_compressed', '/data/share/1919650160032350208/foundation_model/datasets/astribot_lerobotv3//collect_clothes_twoclothesonthesoft_whb_20260618_compressed', '/data/share/1919650160032350208/foundation_model/datasets/astribot_lerobotv3//collect_clothes_whb_20260615_compressed', '/data/share/1919650160032350208/foundation_model/datasets/astribot_lerobotv3//collect_clothes_whb_20260616_compressed', '/data/share/1919650160032350208/foundation_model/datasets/astribot_lerobotv3//collect_clothes_whb_20260617_compressed', '/data/share/1919650160032350208/foundation_model/datasets/astribot_lerobotv3//collect_twoclothes_onthefloor_bxx_20260610_compressed', '/data/share/1919650160032350208/foundation_model/datasets/astribot_lerobotv3//dry_clothes_bxx_20260508_compressed', '/data/share/1919650160032350208/foundation_model/datasets/astribot_lerobotv3//dry_clothes_bxx_20260509_compressed', '/data/share/1919650160032350208/foundation_model/datasets/astribot_lerobotv3//dry_clothes_bxx_20260513_compressed', '/data/share/1919650160032350208/foundation_model/datasets/astribot_lerobotv3//dry_clothes_bxx_20260514_compressed', '/data/share/1919650160032350208/foundation_model/datasets/astribot_lerobotv3//dry_clothes_bxx_20260520_compressed', '/data/share/1919650160032350208/foundation_model/datasets/astribot_lerobotv3//dry_clothes_bxx_20260521_compressed', '/data/share/1919650160032350208/foundation_model/datasets/astribot_lerobotv3//dry_clothes_bxx_20260522_compressed', '/data/share/1919650160032350208/foundation_model/datasets/astribot_lerobotv3//dry_clothes_bxx_20260527_compressed', '/data/share/1919650160032350208/foundation_model/datasets/astribot_lerobotv3//dry_clothes_bxx_20260528_compressed', '/data/share/1919650160032350208/foundation_model/datasets/astribot_lerobotv3//dry_clothes_bxx_20260601_compressed', '/data/share/1919650160032350208/foundation_model/datasets/astribot_lerobotv3//dry_clothes_bxx_20260602_compressed', '/data/share/1919650160032350208/foundation_model/datasets/astribot_lerobotv3//dry_clothes_bxx_20260603_compressed', '/data/share/1919650160032350208/foundation_model/datasets/astribot_lerobotv3//dry_clothes_bxx_20260604_compressed', '/data/share/1919650160032350208/foundation_model/datasets/astribot_lerobotv3//dry_clothes_bxx_20260605_compressed', '/data/share/1919650160032350208/foundation_model/datasets/astribot_lerobotv3//dry_clothes_bxx_20260609_compressed', '/data/share/1919650160032350208/foundation_model/datasets/astribot_lerobotv3//dry_clothes_grasp_whb_20260624_compressed', '/data/share/1919650160032350208/foundation_model/datasets/astribot_lerobotv3//dry_clothes_openandmove_bxx_20260623_compressed', '/data/share/1919650160032350208/foundation_model/datasets/astribot_lerobotv3//dry_clothes_openandmove_bxx_20260624_compressed', '/data/share/1919650160032350208/foundation_model/datasets/astribot_lerobotv3//dry_clothes_pickup_bxx_20260612_compressed', '/data/share/1919650160032350208/foundation_model/datasets/astribot_lerobotv3//dry_clothes_pickup_bxx_20260615_compressed', '/data/share/1919650160032350208/foundation_model/datasets/astribot_lerobotv3//dry_clothes_pickup_bxx_20260616_compressed', '/data/share/1919650160032350208/foundation_model/datasets/astribot_lerobotv3//dry_clothes_pickup_bxx_20260617_compressed', '/data/share/1919650160032350208/foundation_model/datasets/astribot_lerobotv3//wash_clothes_bxx_20260420_compressed', '/data/share/1919650160032350208/foundation_model/datasets/astribot_lerobotv3//wash_clothes_bxx_20260421_compressed', '/data/share/1919650160032350208/foundation_model/datasets/astribot_lerobotv3//wash_clothes_bxx_20260424_compressed', '/data/share/1919650160032350208/foundation_model/datasets/astribot_lerobotv3//wash_clothes_bxx_20260506_compressed', '/data/share/1919650160032350208/foundation_model/datasets/astribot_lerobotv3//wash_clothes_bxx_20260507_compressed', '/data/share/1919650160032350208/foundation_model/datasets/astribot_lerobotv3//wash_clothes_bxx_20260508_compressed', '/data/share/1919650160032350208/foundation_model/datasets/astribot_lerobotv3//wash_clothes_bxx_20260515_compressed', '/data/share/1919650160032350208/foundation_model/datasets/astribot_lerobotv3//wash_clothes_bxx_20260519_compressed', '/data/share/1919650160032350208/foundation_model/datasets/astribot_lerobotv3//wash_clothes_closeandmove_bxx_20260623_compressed', '/data/share/1919650160032350208/foundation_model/datasets/astribot_lerobotv3//wash_clothes_closeandmove_whb_20260623_compressed', '/data/share/1919650160032350208/foundation_model/datasets/astribot_lerobotv3//wash_clothes_hcc_20260413_compressed', '/data/share/1919650160032350208/foundation_model/datasets/astribot_lerobotv3//wash_clothes_hcc_20260414_compressed', '/data/share/1919650160032350208/foundation_model/datasets/astribot_lerobotv3//wash_clothes_opendoor_bxx_20260617_compressed', '/data/share/1919650160032350208/foundation_model/datasets/astribot_lerobotv3//wash_clothes_pickup1_bxx_20260609_compressed', '/data/share/1919650160032350208/foundation_model/datasets/astribot_lerobotv3//wash_clothes_pickup_bxx_20260525_compressed', '/data/share/1919650160032350208/foundation_model/datasets/astribot_lerobotv3//wash_clothes_pickup_bxx_20260617_compressed', '/data/share/1919650160032350208/foundation_model/datasets/astribot_lerobotv3//wash_clothes_putclothes_bxx_20260617_compressed']

Generating train split: 0 examples [00:00, ? examples/s]
Generating train split: 43641 examples [00:00, 427926.97 examples/s]
Generating train split: 92781 examples [00:00, 440794.83 examples/s]
Generating train split: 143295 examples [00:00, 467084.09 examples/s]

Casting the dataset:   0%|          | 0/143295 [00:00<?, ? examples/s]
Casting the dataset: 100%|██████████| 143295/143295 [00:00<00:00, 1505571.89 examples/s]

Generating train split: 0 examples [00:00, ? examples/s]
Generating train split: 44717 examples [00:00, 443621.92 examples/s]
Generating train split: 93162 examples [00:00, 452454.63 examples/s]
Generating train split: 151041 examples [00:00, 481713.44 examples/s]
Generating train split: 189453 examples [00:00, 483679.78 examples/s]

Casting the dataset:   0%|          | 0/189453 [00:00<?, ? examples/s]
Casting the dataset:  83%|████████▎ | 158000/189453 [00:00<00:00, 1555874.93 examples/s]
Casting the dataset: 100%|██████████| 189453/189453 [00:00<00:00, 1503465.24 examples/s]

Generating train split: 0 examples [00:00, ? examples/s]
Generating train split: 46887 examples [00:00, 463053.44 examples/s]
Generating train split: 94372 examples [00:00, 456334.96 examples/s]
Generating train split: 153007 examples [00:00, 505326.05 examples/s]
Generating train split: 163551 examples [00:00, 494725.28 examples/s]

Casting the dataset:   0%|          | 0/163551 [00:00<?, ? examples/s]
Casting the dataset: 100%|██████████| 163551/163551 [00:00<00:00, 1624046.47 examples/s]
Casting the dataset: 100%|██████████| 163551/163551 [00:00<00:00, 1552769.73 examples/s]
[TRAIN rank=13] >>> instantiate(cfg.model) DONE
[TRAIN rank=13] >>> build_datasets() START
[TRAIN rank=13]     dataset_dirs (train): ['/data/share/1919650160032350208/foundation_model/datasets/astribot_lerobotv3//oven_new_2_fx_20260513_compressed', '/data/share/1919650160032350208/foundation_model/datasets/astribot_lerobotv3//oven_new_2_fx_20260514_compressed', '/data/share/1919650160032350208/foundation_model/datasets/astribot_lerobotv3//oven_new_2_fx_20260515_compressed', '/data/share/1919650160032350208/foundation_model/datasets/astribot_lerobotv3//oven_new_2_fx_20260518_compressed', '/data/share/1919650160032350208/foundation_model/datasets/astribot_lerobotv3//fridge_chicken_golden_zjm_20260324_compressed', '/data/share/1919650160032350208/foundation_model/datasets/astribot_lerobotv3//fridge_chicken_golden_zjm_20260325_compressed', '/data/share/1919650160032350208/foundation_model/datasets/astribot_lerobotv3//fridge_chicken_golden_zjm_20260327_compressed', '/data/share/1919650160032350208/foundation_model/datasets/astribot_lerobotv3//fridge_fruits_fx_20260508_compressed', '/data/share/1919650160032350208/foundation_model/datasets/astribot_lerobotv3//fridge_fruits_fx_20260509_compressed', '/data/share/1919650160032350208/foundation_model/datasets/astribot_lerobotv3//fridge_fruits_fx_20260511_compressed', '/data/share/1919650160032350208/foundation_model/datasets/astribot_lerobotv3//fridge_fruits_fx_20260602_compressed', '/data/share/1919650160032350208/foundation_model/datasets/astribot_lerobotv3//fridge_fruits_fx_20260603_compressed', '/data/share/1919650160032350208/foundation_model/datasets/astribot_lerobotv3//fridge_meat_fx_20260428_compressed', '/data/share/1919650160032350208/foundation_model/datasets/astribot_lerobotv3//fridge_meat_fx_20260429_compressed', '/data/share/1919650160032350208/foundation_model/datasets/astribot_lerobotv3//fridge_meat_fx_20260430_compressed', '/data/share/1919650160032350208/foundation_model/datasets/astribot_lerobotv3//fridge_salmon_golden_zjm_20260310_compressed', '/data/share/1919650160032350208/foundation_model/datasets/astribot_lerobotv3//fridge_salmon_golden_zjm_20260311_compressed', '/data/share/1919650160032350208/foundation_model/datasets/astribot_lerobotv3//fridge_salmon_golden_zjm_20260312_compressed', '/data/share/1919650160032350208/foundation_model/datasets/astribot_lerobotv3//fridge_salmon_golden_zjm_20260313_compressed', '/data/share/1919650160032350208/foundation_model/datasets/astribot_lerobotv3//fridge_salmon_zjm_20260306_compressed', '/data/share/1919650160032350208/foundation_model/datasets/astribot_lerobotv3//fridge_salmon_zjm_20260309_compressed', '/data/share/1919650160032350208/foundation_model/datasets/astribot_lerobotv3//fridge_shrimp_fx_20260423_compressed', '/data/share/1919650160032350208/foundation_model/datasets/astribot_lerobotv3//fridge_shrimp_fx_20260424_1_compressed', '/data/share/1919650160032350208/foundation_model/datasets/astribot_lerobotv3//fridge_shrimp_fx_20260424_2_compressed', '/data/share/1919650160032350208/foundation_model/datasets/astribot_lerobotv3//fridge_shrimp_fx_20260427_compressed', '/data/share/1919650160032350208/foundation_model/datasets/astribot_lerobotv3//fridge_shrimp_fx_20260428_compressed', '/data/share/1919650160032350208/foundation_model/datasets/astribot_lerobotv3//fridge_tray_middle_fx_20260610_compressed', '/data/share/1919650160032350208/foundation_model/datasets/astribot_lerobotv3//fridge_tray_middle_fx_20260611_compressed', '/data/share/1919650160032350208/foundation_model/datasets/astribot_lerobotv3//fridge_tray_middle_fx_20260615_compressed', '/data/share/1919650160032350208/foundation_model/datasets/astribot_lerobotv3//fridge_chicken_fx_20260506_compressed', '/data/share/1919650160032350208/foundation_model/datasets/astribot_lerobotv3//fridge_chicken_golden_zjm_20260323_compressed', '/data/share/1919650160032350208/foundation_model/datasets/astribot_lerobotv3//dishwasher_2_fx_20260407_compressed', '/data/share/1919650160032350208/foundation_model/datasets/astribot_lerobotv3//dishwasher_2_fx_20260409_compressed', '/data/share/1919650160032350208/foundation_model/datasets/astribot_lerobotv3//dishwasher_2_fx_20260410_compressed', '/data/share/1919650160032350208/foundation_model/datasets/astribot_lerobotv3//dishwasher_2_fx_20260529_compressed', '/data/share/1919650160032350208/foundation_model/datasets/astribot_lerobotv3//dishwasher_2_fx_20260605_compressed', '/data/share/1919650160032350208/foundation_model/datasets/astribot_lerobotv3//dishwasher_2_hcc_20260410_compressed', '/data/share/1919650160032350208/foundation_model/datasets/astribot_lerobotv3//dishwasher_2_hcc_20260416_compressed', '/data/share/1919650160032350208/foundation_model/datasets/astribot_lerobotv3//dishwasher_2_hcc_20260417_compressed', '/data/share/1919650160032350208/foundation_model/datasets/astribot_lerobotv3//dishwasher_2_hcc_20260421_compressed', '/data/share/1919650160032350208/foundation_model/datasets/astribot_lerobotv3//dishwasher_2_hcc_20260422_compressed', '/data/share/1919650160032350208/foundation_model/datasets/astribot_lerobotv3//dishwasher_2_hcc_20260423_compressed', '/data/share/1919650160032350208/foundation_model/datasets/astribot_lerobotv3//dishwasher_2_hcc_20260424_compressed', '/data/share/1919650160032350208/foundation_model/datasets/astribot_lerobotv3//dishwasher_2_hcc_20260507_compressed', '/data/share/1919650160032350208/foundation_model/datasets/astribot_lerobotv3//dishwasher_2_hcc_20260508_compressed', '/data/share/1919650160032350208/foundation_model/datasets/astribot_lerobotv3//dishwasher_2_hcc_20260509_compressed', '/data/share/1919650160032350208/foundation_model/datasets/astribot_lerobotv3//dishwasher_2_hcc_20260511_compressed', '/data/share/1919650160032350208/foundation_model/datasets/astribot_lerobotv3//dishwasher_2_hcc_20260512_compressed', '/data/share/1919650160032350208/foundation_model/datasets/astribot_lerobotv3//dishwasher_2_hcc_20260513_compressed', '/data/share/1919650160032350208/foundation_model/datasets/astribot_lerobotv3//dishwasher_2_hcc_20260518_compressed', '/data/share/1919650160032350208/foundation_model/datasets/astribot_lerobotv3//dishwasher_2_hcc_20260521_compressed', '/data/share/1919650160032350208/foundation_model/datasets/astribot_lerobotv3//dishwasher_2_hcc_20260522_compressed', '/data/share/1919650160032350208/foundation_model/datasets/astribot_lerobotv3//dishwasher_2_hcc_20260525_compressed', '/data/share/1919650160032350208/foundation_model/datasets/astribot_lerobotv3//dishwasher_2_hcc_20260526_compressed', '/data/share/1919650160032350208/foundation_model/datasets/astribot_lerobotv3//dishwasher_2_hcc_20260528_compressed', '/data/share/1919650160032350208/foundation_model/datasets/astribot_lerobotv3//dishwasher_2_hcc_20260601_compressed', '/data/share/1919650160032350208/foundation_model/datasets/astribot_lerobotv3//oven_takeout_fx_20260525_compressed', '/data/share/1919650160032350208/foundation_model/datasets/astribot_lerobotv3//oven_takeout_fx_20260526_compressed', '/data/share/1919650160032350208/foundation_model/datasets/astribot_lerobotv3//oven_takeout_fx_20260527_compressed', '/data/share/1919650160032350208/foundation_model/datasets/astribot_lerobotv3//oven_takeout_fx_20260528_compressed', '/data/share/1919650160032350208/foundation_model/datasets/astribot_lerobotv3//oven_takeout_fx_20260601_compressed', '/data/share/1919650160032350208/foundation_model/datasets/astribot_lerobotv3//oven_takeout_fx_20260608_compressed', '/data/share/1919650160032350208/foundation_model/datasets/astribot_lerobotv3//oven_takeout_fx_20260609_compressed', '/data/share/1919650160032350208/foundation_model/datasets/astribot_lerobotv3//collect_clothes_basket_bxx_20260622_compressed', '/data/share/1919650160032350208/foundation_model/datasets/astribot_lerobotv3//collect_clothes_bxx_20260528_compressed', '/data/share/1919650160032350208/foundation_model/datasets/astribot_lerobotv3//collect_clothes_bxx_20260529_compressed', '/data/share/1919650160032350208/foundation_model/datasets/astribot_lerobotv3//collect_clothes_bxx_20260601_compressed', '/data/share/1919650160032350208/foundation_model/datasets/astribot_lerobotv3//collect_clothes_bxx_20260610_compressed', '/data/share/1919650160032350208/foundation_model/datasets/astribot_lerobotv3//collect_clothes_bxx_20260611_compressed', '/data/share/1919650160032350208/foundation_model/datasets/astribot_lerobotv3//collect_clothes_bxx_20260615_compressed', '/data/share/1919650160032350208/foundation_model/datasets/astribot_lerobotv3//collect_clothes_bxx_20260616_compressed', '/data/share/1919650160032350208/foundation_model/datasets/astribot_lerobotv3//collect_clothes_fx_20260526_compressed', '/data/share/1919650160032350208/foundation_model/datasets/astribot_lerobotv3//collect_clothes_fx_20260528_compressed', '/data/share/1919650160032350208/foundation_model/datasets/astribot_lerobotv3//collect_clothes_fx_20260601_compressed', '/data/share/1919650160032350208/foundation_model/datasets/astribot_lerobotv3//collect_clothes_fx_20260604_compressed', '/data/share/1919650160032350208/foundation_model/datasets/astribot_lerobotv3//collect_clothes_fx_20260611_compressed', '/data/share/1919650160032350208/foundation_model/datasets/astribot_lerobotv3//collect_clothes_fx_20260612_compressed', '/data/share/1919650160032350208/foundation_model/datasets/astribot_lerobotv3//collect_clothes_fx_20260616_compressed', '/data/share/1919650160032350208/foundation_model/datasets/astribot_lerobotv3//collect_clothes_nearsofa_whb_20260622_compressed', '/data/share/1919650160032350208/foundation_model/datasets/astribot_lerobotv3//collect_clothes_recover_whb_20260622_compressed', '/data/share/1919650160032350208/foundation_model/datasets/astribot_lerobotv3//collect_clothes_recover_whb_20260623_compressed', '/data/share/1919650160032350208/foundation_model/datasets/astribot_lerobotv3//collect_clothes_twoclothes_bxx_20260622_compressed', '/data/share/1919650160032350208/foundation_model/datasets/astribot_lerobotv3//collect_clothes_twoclothesonthesoft_bxx_20260618_compressed', '/data/share/1919650160032350208/foundation_model/datasets/astribot_lerobotv3//collect_clothes_twoclothesonthesoft_whb_20260618_compressed', '/data/share/1919650160032350208/foundation_model/datasets/astribot_lerobotv3//collect_clothes_whb_20260615_compressed', '/data/share/1919650160032350208/foundation_model/datasets/astribot_lerobotv3//collect_clothes_whb_20260616_compressed', '/data/share/1919650160032350208/foundation_model/datasets/astribot_lerobotv3//collect_clothes_whb_20260617_compressed', '/data/share/1919650160032350208/foundation_model/datasets/astribot_lerobotv3//collect_twoclothes_onthefloor_bxx_20260610_compressed', '/data/share/1919650160032350208/foundation_model/datasets/astribot_lerobotv3//dry_clothes_bxx_20260508_compressed', '/data/share/1919650160032350208/foundation_model/datasets/astribot_lerobotv3//dry_clothes_bxx_20260509_compressed', '/data/share/1919650160032350208/foundation_model/datasets/astribot_lerobotv3//dry_clothes_bxx_20260513_compressed', '/data/share/1919650160032350208/foundation_model/datasets/astribot_lerobotv3//dry_clothes_bxx_20260514_compressed', '/data/share/1919650160032350208/foundation_model/datasets/astribot_lerobotv3//dry_clothes_bxx_20260520_compressed', '/data/share/1919650160032350208/foundation_model/datasets/astribot_lerobotv3//dry_clothes_bxx_20260521_compressed', '/data/share/1919650160032350208/foundation_model/datasets/astribot_lerobotv3//dry_clothes_bxx_20260522_compressed', '/data/share/1919650160032350208/foundation_model/datasets/astribot_lerobotv3//dry_clothes_bxx_20260527_compressed', '/data/share/1919650160032350208/foundation_model/datasets/astribot_lerobotv3//dry_clothes_bxx_20260528_compressed', '/data/share/1919650160032350208/foundation_model/datasets/astribot_lerobotv3//dry_clothes_bxx_20260601_compressed', '/data/share/1919650160032350208/foundation_model/datasets/astribot_lerobotv3//dry_clothes_bxx_20260602_compressed', '/data/share/1919650160032350208/foundation_model/datasets/astribot_lerobotv3//dry_clothes_bxx_20260603_compressed', '/data/share/1919650160032350208/foundation_model/datasets/astribot_lerobotv3//dry_clothes_bxx_20260604_compressed', '/data/share/1919650160032350208/foundation_model/datasets/astribot_lerobotv3//dry_clothes_bxx_20260605_compressed', '/data/share/1919650160032350208/foundation_model/datasets/astribot_lerobotv3//dry_clothes_bxx_20260609_compressed', '/data/share/1919650160032350208/foundation_model/datasets/astribot_lerobotv3//dry_clothes_grasp_whb_20260624_compressed', '/data/share/1919650160032350208/foundation_model/datasets/astribot_lerobotv3//dry_clothes_openandmove_bxx_20260623_compressed', '/data/share/1919650160032350208/foundation_model/datasets/astribot_lerobotv3//dry_clothes_openandmove_bxx_20260624_compressed', '/data/share/1919650160032350208/foundation_model/datasets/astribot_lerobotv3//dry_clothes_pickup_bxx_20260612_compressed', '/data/share/1919650160032350208/foundation_model/datasets/astribot_lerobotv3//dry_clothes_pickup_bxx_20260615_compressed', '/data/share/1919650160032350208/foundation_model/datasets/astribot_lerobotv3//dry_clothes_pickup_bxx_20260616_compressed', '/data/share/1919650160032350208/foundation_model/datasets/astribot_lerobotv3//dry_clothes_pickup_bxx_20260617_compressed', '/data/share/1919650160032350208/foundation_model/datasets/astribot_lerobotv3//wash_clothes_bxx_20260420_compressed', '/data/share/1919650160032350208/foundation_model/datasets/astribot_lerobotv3//wash_clothes_bxx_20260421_compressed', '/data/share/1919650160032350208/foundation_model/datasets/astribot_lerobotv3//wash_clothes_bxx_20260424_compressed', '/data/share/1919650160032350208/foundation_model/datasets/astribot_lerobotv3//wash_clothes_bxx_20260506_compressed', '/data/share/1919650160032350208/foundation_model/datasets/astribot_lerobotv3//wash_clothes_bxx_20260507_compressed', '/data/share/1919650160032350208/foundation_model/datasets/astribot_lerobotv3//wash_clothes_bxx_20260508_compressed', '/data/share/1919650160032350208/foundation_model/datasets/astribot_lerobotv3//wash_clothes_bxx_20260515_compressed', '/data/share/1919650160032350208/foundation_model/datasets/astribot_lerobotv3//wash_clothes_bxx_20260519_compressed', '/data/share/1919650160032350208/foundation_model/datasets/astribot_lerobotv3//wash_clothes_closeandmove_bxx_20260623_compressed', '/data/share/1919650160032350208/foundation_model/datasets/astribot_lerobotv3//wash_clothes_closeandmove_whb_20260623_compressed', '/data/share/1919650160032350208/foundation_model/datasets/astribot_lerobotv3//wash_clothes_hcc_20260413_compressed', '/data/share/1919650160032350208/foundation_model/datasets/astribot_lerobotv3//wash_clothes_hcc_20260414_compressed', '/data/share/1919650160032350208/foundation_model/datasets/astribot_lerobotv3//wash_clothes_opendoor_bxx_20260617_compressed', '/data/share/1919650160032350208/foundation_model/datasets/astribot_lerobotv3//wash_clothes_pickup1_bxx_20260609_compressed', '/data/share/1919650160032350208/foundation_model/datasets/astribot_lerobotv3//wash_clothes_pickup_bxx_20260525_compressed', '/data/share/1919650160032350208/foundation_model/datasets/astribot_lerobotv3//wash_clothes_pickup_bxx_20260617_compressed', '/data/share/1919650160032350208/foundation_model/datasets/astribot_lerobotv3//wash_clothes_putclothes_bxx_20260617_compressed']

Generating train split: 0 examples [00:00, ? examples/s]
Generating train split: 50581 examples [00:00, 497267.20 examples/s]
Generating train split: 100518 examples [00:00, 496156.85 examples/s]
Generating train split: 139625 examples [00:00, 509177.68 examples/s]

Casting the dataset:   0%|          | 0/139625 [00:00<?, ? examples/s]
Casting the dataset: 100%|██████████| 139625/139625 [00:00<00:00, 1520223.70 examples/s]

Generating train split: 0 examples [00:00, ? examples/s][TRAIN rank=6] >>> instantiate(cfg.model) DONE
[TRAIN rank=6] >>> build_datasets() START
[TRAIN rank=6]     dataset_dirs (train): ['/data/share/1919650160032350208/foundation_model/datasets/astribot_lerobotv3//oven_new_2_fx_20260513_compressed', '/data/share/1919650160032350208/foundation_model/datasets/astribot_lerobotv3//oven_new_2_fx_20260514_compressed', '/data/share/1919650160032350208/foundation_model/datasets/astribot_lerobotv3//oven_new_2_fx_20260515_compressed', '/data/share/1919650160032350208/foundation_model/datasets/astribot_lerobotv3//oven_new_2_fx_20260518_compressed', '/data/share/1919650160032350208/foundation_model/datasets/astribot_lerobotv3//fridge_chicken_golden_zjm_20260324_compressed', '/data/share/1919650160032350208/foundation_model/datasets/astribot_lerobotv3//fridge_chicken_golden_zjm_20260325_compressed', '/data/share/1919650160032350208/foundation_model/datasets/astribot_lerobotv3//fridge_chicken_golden_zjm_20260327_compressed', '/data/share/1919650160032350208/foundation_model/datasets/astribot_lerobotv3//fridge_fruits_fx_20260508_compressed', '/data/share/1919650160032350208/foundation_model/datasets/astribot_lerobotv3//fridge_fruits_fx_20260509_compressed', '/data/share/1919650160032350208/foundation_model/datasets/astribot_lerobotv3//fridge_fruits_fx_20260511_compressed', '/data/share/1919650160032350208/foundation_model/datasets/astribot_lerobotv3//fridge_fruits_fx_20260602_compressed', '/data/share/1919650160032350208/foundation_model/datasets/astribot_lerobotv3//fridge_fruits_fx_20260603_compressed', '/data/share/1919650160032350208/foundation_model/datasets/astribot_lerobotv3//fridge_meat_fx_20260428_compressed', '/data/share/1919650160032350208/foundation_model/datasets/astribot_lerobotv3//fridge_meat_fx_20260429_compressed', '/data/share/1919650160032350208/foundation_model/datasets/astribot_lerobotv3//fridge_meat_fx_20260430_compressed', '/data/share/1919650160032350208/foundation_model/datasets/astribot_lerobotv3//fridge_salmon_golden_zjm_20260310_compressed', '/data/share/1919650160032350208/foundation_model/datasets/astribot_lerobotv3//fridge_salmon_golden_zjm_20260311_compressed', '/data/share/1919650160032350208/foundation_model/datasets/astribot_lerobotv3//fridge_salmon_golden_zjm_20260312_compressed', '/data/share/1919650160032350208/foundation_model/datasets/astribot_lerobotv3//fridge_salmon_golden_zjm_20260313_compressed', '/data/share/1919650160032350208/foundation_model/datasets/astribot_lerobotv3//fridge_salmon_zjm_20260306_compressed', '/data/share/1919650160032350208/foundation_model/datasets/astribot_lerobotv3//fridge_salmon_zjm_20260309_compressed', '/data/share/1919650160032350208/foundation_model/datasets/astribot_lerobotv3//fridge_shrimp_fx_20260423_compressed', '/data/share/1919650160032350208/foundation_model/datasets/astribot_lerobotv3//fridge_shrimp_fx_20260424_1_compressed', '/data/share/1919650160032350208/foundation_model/datasets/astribot_lerobotv
Generating train split: 79886 examples [00:00, 522947.67 examples/s]

Casting the dataset:   0%|          | 0/79886 [00:00<?, ? examples/s]
Casting the dataset:   0%|          | 0/79886 [00:00<?, ? examples/s]
Casting the dataset:   0%|          | 0/79886 [00:00<?, ? examples/s]
Casting the dataset: 100%|██████████| 79886/79886 [00:00<00:00, 1486513.86 examples/s]

Casting the dataset: 100%|██████████| 79886/79886 [00:00<00:00, 1452319.87 examples/s]

Casting the dataset: 100%|██████████| 79886/79886 [00:00<00:00, 1120334.13 examples/s]

Generating train split: 0 examples [00:00, ? examples/s]
Generating train split: 51684 examples [00:00, 513714.82 examples/s]
Generating train split: 104018 examples [00:00, 514502.25 examples/s]
Generating train split: 108394 examples [00:00, 521092.88 examples/s]

Casting the dataset:   0%|          | 0/108394 [00:00<?, ? examples/s]
Casting the dataset:   0%|          | 0/108394 [00:00<?, ? examples/s]
Casting the dataset:   0%|          | 0/108394 [00:00<?, ? examples/s]
Casting the dataset: 100%|██████████| 108394/108394 [00:00<00:00, 1492459.16 examples/s]

Casting the dataset: 100%|██████████| 108394/108394 [00:00<00:00, 1476800.25 examples/s]

Casting the dataset: 100%|██████████| 108394/108394 [00:00<00:00, 1112385.19 examples/s]
[TRAIN rank=7] >>> instantiate(cfg.model) DONE
[TRAIN rank=7] >>> build_datasets() START
[TRAIN rank=7]     dataset_dirs (train): ['/data/share/1919650160032350208/foundation_model/datasets/astribot_lerobotv3//oven_new_2_fx_20260513_compressed', '/data/share/1919650160032350208/foundation_model/datasets/astribot_lerobotv3//oven_new_2_fx_20260514_compressed', '/data/share/1919650160032350208/foundation_model/datasets/astribot_lerobotv3//oven_new_2_fx_20260515_compressed', '/data/share/1919650160032350208/foundation_model/datasets/astribot_lerobotv3//oven_new_2_fx_20260518_compressed', '/data/share/1919650160032350208/foundation_model/datasets/astribot_lerobotv3//fridge_chicken_golden_zjm_20260324_compressed', '/data/share/1919650160032350208/foundation_model/datasets/astribot_lerobotv3//fridge_chicken_golden_zjm_20260325_compressed', '/data/share/1919650160032350208/foundation_model/datasets/astribot_lerobotv3//fridge_chicken_golden_zjm_20260327_compressed', '/data/share/1919650160032350208/foundation_model/datasets/astribot_lerobotv3//fridge_fruits_fx_20260508_compressed', '/data/share/1919650160032350208/foundation_model/datasets/astribot_lerobotv3//fridge_fruits_fx_20260509_compressed', '/data/share/1919650160032350208/foundation_model/datasets/astribot_lerobotv3//fridge_fruits_fx_20260511_compressed', '/data/share/1919650160032350208/foundation_model/datasets/astribot_lerobotv3//fridge_fruits_fx_20260602_compressed', '/data/share/1919650160032350208/foundation_model/datasets/astribot_lerobotv3//fridge_fruits_fx_20260603_compressed', '/data/share/1919650160032350208/foundation_model/datasets/astribot_lerobotv3//fridge_meat_fx_20260428_compressed', '/data/share/1919650160032350208/foundation_model/datasets/astribot_lerobotv3//fridge_meat_fx_20260429_compressed', '/data/share/1919650160032350208/foundation_model/datasets/astribot_lerobotv3//fridge_meat_fx_20260430_compressed', '/data/share/1919650160032350208/foundation_model/datasets/astribot_lerobotv3//fridge_salmon_golden_zjm_20260310_compressed', '/data/share/1919650160032350208/foundation_model/datasets/astribot_lerobotv3//fridge_salmon_golden_zjm_20260311_compressed', '/data/share/1919650160032350208/foundation_model/datasets/astribot_lerobotv3//fridge_salmon_golden_zjm_20260312_compressed', '/data/share/1919650160032350208/foundation_model/datasets/astribot_lerobotv3//fridge_salmon_golden_zjm_20260313_compressed', '/data/share/1919650160032350208/foundation_model/datasets/astribot_lerobotv3//fridge_salmon_zjm_20260306_compressed', '/data/share/1919650160032350208/foundation_model/datasets/astribot_lerobotv3//fridge_salmon_zjm_20260309_compressed', '/data/share/1919650160032350208/foundation_model/datasets/astribot_lerobotv3//fridge_shrimp_fx_20260423_compressed', '/data/share/1919650160032350208/foundation_model/datasets/astribot_lerobotv3//fridge_shrimp_fx_20260424_1_compressed', '/data/share/1919650160032350208/foundation_model/datasets/astribot_lerobotv3//fridge_shrimp_fx_20260424_2_compressed', '/data/share/1919650160032350208/foundation_model/datasets/astribot_lerobotv3//fridge_shrimp_fx_20260427_compressed', '/data/share/1919650160032350208/foundation_model/datasets/astribot_lerobotv3//fridge_shrimp_fx_20260428_compressed', '/data/share/1919650160032350208/foundation_model/datasets/astribot_lerobotv3//fridge_tray_middle_fx_20260610_compressed', '/data/share/1919650160032350208/foundation_model/datasets/astribot_lerobotv3//fridge_tray_middle_fx_20260611_compressed', '/data/share/1919650160032350208/foundation_model/datasets/astribot_lerobotv3//fridge_tray_middle_fx_20260615_compressed', '/data/share/1919650160032350208/foundation_model/datasets/astribot_lerobotv3//fridge_chicken_fx_20260506_compressed', '/data/share/1919650160032350208/foundation_model/datasets/astribot_lerobotv3//fridge_chicken_golden_zjm_20260323_compressed', '/data/share/1919650160032350208/foundation_model/datasets/astribot_lerobotv3//dishwasher_2_fx_20260407_compressed', '/data/share/1919650160032350208/foundation_model/datasets/astribot_lerobotv3//dishwasher_2_fx_20260409_compressed', '/data/share/1919650160032350208/foundation_model/datasets/astribot_lerobotv3//dishwasher_2_fx_20260410_compressed', '/data/share/1919650160032350208/foundation_model/datasets/astribot_lerobotv3//dishwasher_2_fx_20260529_compressed', '/data/share/1919650160032350208/foundation_model/datasets/astribot_lerobotv3//dishwasher_2_fx_20260605_compressed', '/data/share/1919650160032350208/foundation_model/datasets/astribot_lerobotv3//dishwasher_2_hcc_20260410_compressed', '/data/share/1919650160032350208/foundation_model/datasets/astribot_lerobotv3//dishwasher_2_hcc_20260416_compressed', '/data/share/1919650160032350208/foundation_model/datasets/astribot_lerobotv3//dishwasher_2_hcc_20260417_compressed', '/data/share/1919650160032350208/foundation_model/datasets/astribot_lerobotv3//dishwasher_2_hcc_20260421_compressed', '/data/share/1919650160032350208/foundation_model/datasets/astribot_lerobotv3//dishwasher_2_hcc_20260422_compressed', '/data/share/1919650160032350208/foundation_model/datasets/astribot_lerobotv3//dishwasher_2_hcc_20260423_compressed', '/data/share/1919650160032350208/foundation_model/datasets/astribot_lerobotv3//dishwasher_2_hcc_20260424_compressed', '/data/share/1919650160032350208/foundation_model/datasets/astribot_lerobotv3//dishwasher_2_hcc_20260507_compressed', '/data/share/1919650160032350208/foundation_model/datasets/astribot_lerobotv3//dishwasher_2_hcc_20260508_compressed', '/data/share/1919650160032350208/foundation_model/datasets/astribot_lerobotv3//dishwasher_2_hcc_20260509_compressed', '/data/share/1919650160032350208/foundation_model/datasets/astribot_lerobotv3//dishwasher_2_hcc_20260511_compressed', '/data/share/1919650160032350208/foundation_model/datasets/astribot_lerobotv3//dishwasher_2_hcc_20260512_compressed', '/data/share/1919650160032350208/foundation_model/datasets/astribot_lerobotv3//dishwasher_2_hcc_20260513_compressed', '/data/share/1919650160032350208/foundation_model/datasets/astribot_lerobotv3//dishwasher_2_hcc_20260518_compressed', '/data/share/1919650160032350208/foundation_model/datasets/astribot_lerobotv3//dishwasher_2_hcc_20260521_compressed', '/data/share/1919650160032350208/foundation_model/datasets/astribot_lerobotv3//dishwasher_2_hcc_20260522_compressed', '/data/share/1919650160032350208/foundation_model/datasets/astribot_lerobotv3//dishwasher_2_hcc_20260525_compressed', '/data/share/1919650160032350208/foundation_model/datasets/astribot_lerobotv3//dishwasher_2_hcc_20260526_compressed', '/data/share/1919650160032350208/foundation_model/datasets/astribot_lerobotv3//dishwasher_2_hcc_20260528_compressed', '/data/share/1919650160032350208/foundation_model/datasets/astribot_lerobotv3//dishwasher_2_hcc_20260601_compressed', '/data/share/1919650160032350208/foundation_model/datasets/astribot_lerobotv3//oven_takeout_fx_20260525_compressed', '/data/share/1919650160032350208/foundation_model/datasets/astribot_lerobotv3//oven_takeout_fx_20260526_compressed', '/data/share/1919650160032350208/foundation_model/datasets/astribot_lerobotv3//oven_takeout_fx_20260527_compressed', '/data/share/1919650160032350208/foundation_model/datasets/astribot_lerobotv3//oven_takeout_fx_20260528_compressed', '/data/share/1919650160032350208/foundation_model/datasets/astribot_lerobotv3//oven_takeout_fx_20260601_compressed', '/data/share/1919650160032350208/foundation_model/datasets/astribot_lerobotv3//oven_takeout_fx_20260608_compressed', '/data/share/1919650160032350208/foundation_model/datasets/astribot_lerobotv3//oven_takeout_fx_20260609_compressed', '/data/share/1919650160032350208/foundation_model/datasets/astribot_lerobotv3//collect_clothes_basket_bxx_20260622_compressed', '/data/share/1919650160032350208/foundation_model/datasets/astribot_lerobotv3//collect_clothes_bxx_20260528_compressed', '/data/share/1919650160032350208/foundation_model/datasets/astribot_lerobotv3//collect_clothes_bxx_20260529_compressed', '/data/share/1919650160032350208/foundation_model/datasets/astribot_lerobotv3//collect_clothes_bxx_20260601_compressed', '/data/share/1919650160032350208/foundation_model/datasets/astribot_lerobotv3//collect_clothes_bxx_20260610_compressed', '/data/share/1919650160032350208/foundation_model/datasets/astribot_lerobotv3//collect_clothes_bxx_20260611_compressed', '/data/share/1919650160032350208/foundation_model/datasets/astribot_lerobotv3//collect_clothes_bxx_20260615_compressed', '/data/share/1919650160032350208/foundation_model/datasets/astribot_lerobotv3//collect_clothes_bxx_20260616_compressed', '/data/share/1919650160032350208/foundation_model/datasets/astribot_lerobotv3//collect_clothes_fx_20260526_compressed', '/data/share/1919650160032350208/foundation_model/datasets/astribot_lerobotv3//collect_clothes_fx_20260528_compressed', '/data/share/1919650160032350208/foundation_model/datasets/astribot_lerobotv3//collect_clothes_fx_20260601_compressed', '/data/share/1919650160032350208/foundation_model/datasets/astribot_lerobotv3//collect_clothes_fx_20260604_compressed', '/data/share/1919650160032350208/foundation_model/datasets/astribot_lerobotv3//collect_clothes_fx_20260611_compressed', '/data/share/1919650160032350208/foundation_model/datasets/astribot_lerobotv3//collect_clothes_fx_20260612_compressed', '/data/share/1919650160032350208/foundation_model/datasets/astribot_lerobotv3//collect_clothes_fx_20260616_compressed', '/data/share/1919650160032350208/foundation_model/datasets/astribot_lerobotv3//collect_clothes_nearsofa_whb_20260622_compressed', '/data/share/1919650160032350208/foundation_model/datasets/astribot_lerobotv3//collect_clothes_recover_whb_20260622_compressed', '/data/share/1919650160032350208/foundation_model/datasets/astribot_lerobotv3//collect_clothes_recover_whb_20260623_compressed', '/data/share/1919650160032350208/foundation_model/datasets/astribot_lerobotv3//collect_clothes_twoclothes_bxx_20260622_compressed', '/data/share/1919650160032350208/foundation_model/datasets/astribot_lerobotv3//collect_clothes_twoclothesonthesoft_bxx_20260618_compressed', '/data/share/1919650160032350208/foundation_model/datasets/astribot_lerobotv3//collect_clothes_twoclothesonthesoft_whb_20260618_compressed', '/data/share/1919650160032350208/foundation_model/datasets/astribot_lerobotv3//collect_clothes_whb_20260615_compressed', '/data/share/1919650160032350208/foundation_model/datasets/astribot_lerobotv3//collect_clothes_whb_20260616_compressed', '/data/share/1919650160032350208/foundation_model/datasets/astribot_lerobotv3//collect_clothes_whb_20260617_compressed', '/data/share/1919650160032350208/foundation_model/datasets/astribot_lerobotv3//collect_twoclothes_onthefloor_bxx_20260610_compressed', '/data/share/1919650160032350208/foundation_model/datasets/astribot_lerobotv3//dry_clothes_bxx_20260508_compressed', '/data/share/1919650160032350208/foundation_model/datasets/astribot_lerobotv3//dry_clothes_bxx_20260509_compressed', '/data/share/1919650160032350208/foundation_model/datasets/astribot_lerobotv3//dry_clothes_bxx_20260513_compressed', '/data/share/1919650160032350208/foundation_model/datasets/astribot_lerobotv3//dry_clothes_bxx_20260514_compressed', '/data/share/1919650160032350208/foundation_model/datasets/astribot_lerobotv3//dry_clothes_bxx_20260520_compressed', '/data/share/1919650160032350208/foundation_model/datasets/astribot_lerobotv3//dry_clothes_bxx_20260521_compressed', '/data/share/1919650160032350208/foundation_model/datasets/astribot_lerobotv3//dry_clothes_bxx_20260522_compressed', '/data/share/1919650160032350208/foundation_model/datasets/astribot_lerobotv3//dry_clothes_bxx_20260527_compressed', '/data/share/1919650160032350208/foundation_model/datasets/astribot_lerobotv3//dry_clothes_bxx_20260528_compressed', '/data/share/1919650160032350208/foundation_model/datasets/astribot_lerobotv3//dry_clothes_bxx_20260601_compressed', '/data/share/1919650160032350208/foundation_model/datasets/astribot_lerobotv3//dry_clothes_bxx_20260602_compressed', '/data/share/1919650160032350208/foundation_model/datasets/astribot_lerobotv3//dry_clothes_bxx_20260603_compressed', '/data/share/1919650160032350208/foundation_model/datasets/astribot_lerobotv3//dry_clothes_bxx_20260604_compressed', '/data/share/1919650160032350208/foundation_model/datasets/astribot_lerobotv3//dry_clothes_bxx_20260605_compressed', '/data/share/1919650160032350208/foundation_model/datasets/astribot_lerobotv3//dry_clothes_bxx_20260609_compressed', '/data/share/1919650160032350208/foundation_model/datasets/astribot_lerobotv3//dry_clothes_grasp_whb_20260624_compressed', '/data/share/1919650160032350208/foundation_model/datasets/astribot_lerobotv3//dry_clothes_openandmove_bxx_20260623_compressed', '/data/share/1919650160032350208/foundation_model/datasets/astribot_lerobotv3//dry_clothes_openandmove_bxx_20260624_compressed', '/data/share/1919650160032350208/foundation_model/datasets/astribot_lerobotv3//dry_clothes_pickup_bxx_20260612_compressed', '/data/share/1919650160032350208/foundation_model/datasets/astribot_lerobotv3//dry_clothes_pickup_bxx_20260615_compressed', '/data/share/1919650160032350208/foundation_model/datasets/astribot_lerobotv3//dry_clothes_pickup_bxx_20260616_compressed', '/data/share/1919650160032350208/foundation_model/datasets/astribot_lerobotv3//dry_clothes_pickup_bxx_20260617_compressed', '/data/share/1919650160032350208/foundation_model/datasets/astribot_lerobotv3//wash_clothes_bxx_20260420_compressed', '/data/share/1919650160032350208/foundation_model/datasets/astribot_lerobotv3//wash_clothes_bxx_20260421_compressed', '/data/share/1919650160032350208/foundation_model/datasets/astribot_lerobotv3//wash_clothes_bxx_20260424_compressed', '/data/share/1919650160032350208/foundation_model/datasets/astribot_lerobotv3//wash_clothes_bxx_20260506_compressed', '/data/share/1919650160032350208/foundation_model/datasets/astribot_lerobotv3//wash_clothes_bxx_20260507_compressed', '/data/share/1919650160032350208/foundation_model/datasets/astribot_lerobotv3//wash_clothes_bxx_20260508_compressed', '/data/share/1919650160032350208/foundation_model/datasets/astribot_lerobotv3//wash_clothes_bxx_20260515_compressed', '/data/share/1919650160032350208/foundation_model/datasets/astribot_lerobotv3//wash_clothes_bxx_20260519_compressed', '/data/share/1919650160032350208/foundation_model/datasets/astribot_lerobotv3//wash_clothes_closeandmove_bxx_20260623_compressed', '/data/share/1919650160032350208/foundation_model/datasets/astribot_lerobotv3//wash_clothes_closeandmove_whb_20260623_compressed', '/data/share/1919650160032350208/foundation_model/datasets/astribot_lerobotv3//wash_clothes_hcc_20260413_compressed', '/data/share/1919650160032350208/foundation_model/datasets/astribot_lerobotv3//wash_clothes_hcc_20260414_compressed', '/data/share/1919650160032350208/foundation_model/datasets/astribot_lerobotv3//wash_clothes_opendoor_bxx_20260617_compressed', '/data/share/1919650160032350208/foundation_model/datasets/astribot_lerobotv3//wash_clothes_pickup1_bxx_20260609_compressed', '/data/share/1919650160032350208/foundation_model/datasets/astribot_lerobotv3//wash_clothes_pickup_bxx_20260525_compressed', '/data/share/1919650160032350208/foundation_model/datasets/astribot_lerobotv3//wash_clothes_pickup_bxx_20260617_compressed', '/data/share/1919650160032350208/foundation_model/datasets/astribot_lerobotv3//wash_clothes_putclothes_bxx_20260617_compressed']

Generating train split: 0 examples [00:00, ? examples/s]
Generating train split: 39044 examples [00:00, 385441.21 examples/s]
Generating train split: 89585 examples [00:00, 451573.93 examples/s]
Generating train split: 108083 examples [00:00, 442982.67 examples/s]

Casting the dataset:   0%|          | 0/108083 [00:00<?, ? examples/s]
Casting the dataset:   0%|          | 0/108083 [00:00<?, ? examples/s]
Casting the dataset:   0%|          | 0/108083 [00:00<?, ? examples/s]
Casting the dataset: 100%|██████████| 108083/108083 [00:00<00:00, 1502470.66 examples/s]

Casting the dataset: 100%|██████████| 108083/108083 [00:00<00:00, 1466375.63 examples/s]

Casting the dataset: 100%|██████████| 108083/108083 [00:00<00:00, 1122875.62 examples/s]

Generating train split: 0 examples [00:00, ? examples/s]
Generating train split: 45564 examples [00:00, 448220.85 examples/s]
Generating train split: 94127 examples [00:00, 462541.09 examples/s]
Generating train split: 123109 examples [00:00, 478367.49 examples/s]

Casting the dataset:   0%|          | 0/123109 [00:00<?, ? examples/s]
Casting the dataset:   0%|          | 0/123109 [00:00<?, ? examples/s]
Casting the dataset:   0%|          | 0/123109 [00:00<?, ? examples/s]
Casting the dataset: 100%|██████████| 123109/123109 [00:00<00:00, 1457814.88 examples/s]

Casting the dataset: 100%|██████████| 123109/123109 [00:00<00:00, 1525592.37 examples/s]

Casting the dataset: 100%|██████████| 123109/123109 [00:00<00:00, 1216410.61 examples/s]
Casting the dataset: 100%|██████████| 123109/123109 [00:00<00:00, 1154785.52 examples/s]

Generating train split: 0 examples [00:00, ? examples/s]
Generating train split: 45056 examples [00:00, 445516.07 examples/s]
Generating train split: 93495 examples [00:00, 463591.21 examples/s]
Generating train split: 131024 examples [00:00, 483289.67 examples/s]

Casting the dataset:   0%|          | 0/131024 [00:00<?, ? examples/s]
Casting the dataset:   0%|          | 0/131024 [00:00<?, ? examples/s]
Casting the dataset:   0%|          | 0/131024 [00:00<?, ? examples/s]
Casting the dataset: 100%|██████████| 131024/131024 [00:00<00:00, 1464357.91 examples/s]

Casting the dataset: 100%|██████████| 131024/131024 [00:00<00:00, 1540067.17 examples/s]

Casting the dataset: 100%|██████████| 131024/131024 [00:00<00:00, 1530349.11 examples/s]

Generating train split: 0 examples [00:00, ? examples/s]
Generating train split: 48860 examples [00:00, 479227.97 examples/s]
Generating train split: 94302 examples [00:00, 492732.62 examples/s]

Casting the dataset:   0%|          | 0/94302 [00:00<?, ? examples/s]
Casting the dataset:   0%|          | 0/94302 [00:00<?, ? examples/s]
Casting the dataset:   0%|          | 0/94302 [00:00<?, ? examples/s]
Casting the dataset: 100%|██████████| 94302/94302 [00:00<00:00, 1408572.04 examples/s]

Casting the dataset: 100%|██████████| 94302/94302 [00:00<00:00, 1466152.37 examples/s]

Casting the dataset: 100%|██████████| 94302/94302 [00:00<00:00, 1526092.99 examples/s]

Generating train split: 0 examples [00:00, ? examples/s]
Generating train split: 48435 examples [00:00, 476961.16 examples/s]
Generating train split: 52486 examples [00:00, 483189.80 examples/s]

Casting the dataset:   0%|          | 0/52486 [00:00<?, ? examples/s]
Casting the dataset:   0%|          | 0/52486 [00:00<?, ? examples/s]
Casting the dataset: 100%|██████████| 52486/52486 [00:00<00:00, 1362806.06 examples/s]

Casting the dataset:   0%|          | 0/52486 [00:00<?, ? examples/s]
Casting the dataset: 100%|██████████| 52486/52486 [00:00<00:00, 1064888.35 examples/s]

Casting the dataset: 100%|██████████| 52486/52486 [00:00<00:00, 1462836.33 examples/s]

Generating train split: 0 examples [00:00, ? examples/s]
Generating train split: 46877 examples [00:00, 463500.36 examples/s]
Generating train split: 47565 examples [00:00, 462806.67 examples/s]

Casting the dataset:   0%|          | 0/47565 [00:00<?, ? examples/s]
Casting the dataset:   0%|          | 0/47565 [00:00<?, ? examples/s]
Casting the dataset:   0%|          | 0/47565 [00:00<?, ? examples/s]
Casting the dataset: 100%|██████████| 47565/47565 [00:00<00:00, 1370950.38 examples/s]

Casting the dataset: 100%|██████████| 47565/47565 [00:00<00:00, 1430265.90 examples/s]

Casting the dataset: 100%|██████████| 47565/47565 [00:00<00:00, 1077236.63 examples/s]

Generating train split: 0 examples [00:00, ? examples/s]
Generating train split: 46844 examples [00:00, 465025.62 examples/s]
Generating train split: 77014 examples [00:00, 485431.40 examples/s]

Casting the dataset:   0%|          | 0/77014 [00:00<?, ? examples/s]
Casting the dataset:   0%|          | 0/77014 [00:00<?, ? examples/s]
Casting the dataset:   0%|          | 0/77014 [00:00<?, ? examples/s]
Casting the dataset: 100%|██████████| 77014/77014 [00:00<00:00, 1399627.92 examples/s]

Casting the dataset: 100%|██████████| 77014/77014 [00:00<00:00, 1435357.94 examples/s]

Casting the dataset: 100%|██████████| 77014/77014 [00:00<00:00, 1477744.31 examples/s]

Generating train split: 0 examples [00:00, ? examples/s]
Generating train split: 44837 examples [00:00, 444898.68 examples/s]
Generating train split: 95021 examples [00:00, 476543.81 examples/s]
Generating train split: 98332 examples [00:00, 474820.49 examples/s]

Casting the dataset:   0%|          | 0/98332 [00:00<?, ? examples/s]
Casting the dataset:   0%|          | 0/98332 [00:00<?, ? examples/s]
Casting the dataset:   0%|          | 0/98332 [00:00<?, ? examples/s]
Casting the dataset: 100%|██████████| 98332/98332 [00:00<00:00, 1451625.20 examples/s]

Casting the dataset: 100%|██████████| 98332/98332 [00:00<00:00, 1470191.53 examples/s]

Casting the dataset: 100%|██████████| 98332/98332 [00:00<00:00, 1522633.82 examples/s]

Generating train split: 0 examples [00:00, ? examples/s]
Generating train split: 53783 examples [00:00, 526183.54 examples/s]
Generating train split: 110037 examples [00:00, 542946.68 examples/s]
Generating train split: 169043 examples [00:00, 563680.82 examples/s]
Generating train split: 216507 examples [00:00, 557421.66 examples/s]

Casting the dataset:   0%|          | 0/216507 [00:00<?, ? examples/s]
Casting the dataset:   0%|          | 0/216507 [00:00<?, ? examples/s]
Casting the dataset:   0%|          | 0/216507 [00:00<?, ? examples/s]
Casting the dataset:  73%|███████▎  | 157000/216507 [00:00<00:00, 1541478.47 examples/s]
Casting the dataset:  74%|███████▍  | 160000/216507 [00:00<00:00, 1586764.30 examples/s]
Casting the dataset:  58%|█████▊    | 125000/216507 [00:00<00:00, 1220662.57 examples/s]
Casting the dataset: 100%|██████████| 216507/216507 [00:00<00:00, 1522588.56 examples/s]

Casting the dataset: 100%|██████████| 216507/216507 [00:00<00:00, 1487894.40 examples/s]

Casting the dataset: 100%|██████████| 216507/216507 [00:00<00:00, 1222378.16 examples/s]

Generating train split: 0 examples [00:00, ? examples/s]
Generating train split: 51387 examples [00:00, 504033.29 examples/s]
Generating train split: 106516 examples [00:00, 528415.71 examples/s]
Generating train split: 144551 examples [00:00, 545505.68 examples/s]

Casting the dataset:   0%|          | 0/144551 [00:00<?, ? examples/s]
Casting the dataset:   0%|          | 0/144551 [00:00<?, ? examples/s]
Casting the dataset:   0%|          | 0/144551 [00:00<?, ? examples/s]
Casting the dataset: 100%|██████████| 144551/144551 [00:00<00:00, 1567258.56 examples/s]

Casting the dataset: 100%|██████████| 144551/144551 [00:00<00:00, 1498568.48 examples/s]

Casting the dataset: 100%|██████████| 144551/144551 [00:00<00:00, 1565663.95 examples/s]
[TRAIN rank=10] >>> instantiate(cfg.model) DONE
[TRAIN rank=10] >>> build_datasets() START
[TRAIN rank=10]     dataset_dirs (train): ['/data/share/1919650160032350208/foundation_model/datasets/astribot_lerobotv3//oven_new_2_fx_20260513_compressed', '/data/share/1919650160032350208/foundation_model/datasets/astribot_lerobotv3//oven_new_2_fx_20260514_compressed', '/data/share/1919650160032350208/foundation_model/datasets/astribot_lerobotv3//oven_new_2_fx_20260515_compressed', '/data/share/1919650160032350208/foundation_model/datasets/astribot_lerobotv3//oven_new_2_fx_20260518_compressed', '/data/share/1919650160032350208/foundation_model/datasets/astribot_lerobotv3//fridge_chicken_golden_zjm_20260324_compressed', '/data/share/1919650160032350208/foundation_model/datasets/astribot_lerobotv3//fridge_chicken_golden_zjm_20260325_compressed', '/data/share/1919650160032350208/foundation_model/datasets/astribot_lerobotv3//fridge_chicken_golden_zjm_20260327_compressed', '/data/share/1919650160032350208/foundation_model/datasets/astribot_lerobotv3//fridge_fruits_fx_20260508_compressed', '/data/share/1919650160032350208/foundation_model/datasets/astribot_lerobotv3//fridge_fruits_fx_20260509_compressed', '/data/share/1919650160032350208/foundation_model/datasets/astribot_lerobotv3//fridge_fruits_fx_20260511_compressed', '/data/share/1919650160032350208/foundation_model/datasets/astribot_lerobotv3//fridge_fruits_fx_20260602_compressed', '/data/share/1919650160032350208/foundation_model/datasets/astribot_lerobotv3//fridge_fruits_fx_20260603_compressed', '/data/share/1919650160032350208/foundation_model/datasets/astribot_lerobotv3//fridge_meat_fx_20260428_compressed', '/data/share/1919650160032350208/foundation_model/datasets/astribot_lerobotv3//fridge_meat_fx_20260429_compressed', '/data/share/1919650160032350208/foundation_model/datasets/astribot_lerobotv3//fridge_meat_fx_20260430_compressed', '/data/share/1919650160032350208/foundation_model/datasets/astribot_lerobotv3//fridge_salmon_golden_zjm_20260310_compressed', '/data/share/1919650160032350208/foundation_model/datasets/astribot_lerobotv3//fridge_salmon_golden_zjm_20260311_compressed', '/data/share/1919650160032350208/foundation_model/datasets/astribot_lerobotv3//fridge_salmon_golden_zjm_20260312_compressed', '/data/share/1919650160032350208/foundation_model/datasets/astribot_lerobotv3//fridge_salmon_golden_zjm_20260313_compressed', '/data/share/1919650160032350208/foundation_model/datasets/astribot_lerobotv3//fridge_salmon_zjm_20260306_compressed', '/data/share/1919650160032350208/foundation_model/datasets/astribot_lerobotv3//fridge_salmon_zjm_20260309_compressed', '/data/share/1919650160032350208/foundation_model/datasets/astribot_lerobotv3//fridge_shrimp_fx_20260423_compressed', '/data/share/1919650160032350208/foundation_model/datasets/astribot_lerobotv3//fridge_shrimp_fx_20260424_1_compressed', '/data/share/1919650160032350208/foundation_model/datasets/astribot_lerobotv3//fridge_shrimp_fx_20260424_2_compressed', '/data/share/1919650160032350208/foundation_model/datasets/astribot_lerobotv3//fridge_shrimp_fx_20260427_compressed', '/data/share/1919650160032350208/foundation_model/datasets/astribot_lerobotv3//fridge_shrimp_fx_20260428_compressed', '/data/share/1919650160032350208/foundation_model/datasets/astribot_lerobotv3//fridge_tray_middle_fx_20260610_compressed', '/data/share/1919650160032350208/foundation_model/datasets/astribot_lerobotv3//fridge_tray_middle_fx_20260611_compressed', '/data/share/1919650160032350208/foundation_model/datasets/astribot_lerobotv3//fridge_tray_middle_fx_20260615_compressed', '/data/share/1919650160032350208/foundation_model/datasets/astribot_lerobotv3//fridge_chicken_fx_20260506_compressed', '/data/share/1919650160032350208/foundation_model/datasets/astribot_lerobotv3//fridge_chicken_golden_zjm_20260323_compressed', '/data/share/1919650160032350208/foundation_model/datasets/astribot_lerobotv3//dishwasher_2_fx_20260407_compressed', '/data/share/1919650160032350208/foundation_model/datasets/astribot_lerobotv3//dishwasher_2_fx_20260409_compressed', '/data/share/1919650160032350208/foundation_model/datasets/astribot_lerobotv3//dishwasher_2_fx_20260410_compressed', '/data/share/1919650160032350208/foundation_model/datasets/astribot_lerobotv3//dishwasher_2_fx_20260529_compressed', '/data/share/1919650160032350208/foundation_model/datasets/astribot_lerobotv3//dishwasher_2_fx_20260605_compressed', '/data/share/1919650160032350208/foundation_model/datasets/astribot_lerobotv3//dishwasher_2_hcc_20260410_compressed', '/data/share/1919650160032350208/foundation_model/datasets/astribot_lerobotv3//dishwasher_2_hcc_20260416_compressed', '/data/share/1919650160032350208/foundation_model/datasets/astribot_lerobotv3//dishwasher_2_hcc_20260417_compressed', '/data/share/1919650160032350208/foundation_model/datasets/astribot_lerobotv3//dishwasher_2_hcc_20260421_compressed', '/data/share/1919650160032350208/foundation_model/datasets/astribot_lerobotv3//dishwasher_2_hcc_20260422_compressed', '/data/share/1919650160032350208/foundation_model/datasets/astribot_lerobotv3//dishwasher_2_hcc_20260423_compressed', '/data/share/1919650160032350208/foundation_model/datasets/astribot_lerobotv3//dishwasher_2_hcc_20260424_compressed', '/data/share/1919650160032350208/foundation_model/datasets/astribot_lerobotv3//dishwasher_2_hcc_20260507_compressed', '/data/share/1919650160032350208/foundation_model/datasets/astribot_lerobotv3//dishwasher_2_hcc_20260508_compressed', '/data/share/1919650160032350208/foundation_model/datasets/astribot_lerobotv3//dishwasher_2_hcc_20260509_compressed', '/data/share/1919650160032350208/foundation_model/datasets/astribot_lerobotv3//dishwasher_2_hcc_20260511_compressed', '/data/share/1919650160032350208/foundation_model/datasets/astribot_lerobotv3//dishwasher_2_hcc_20260512_compressed', '/data/share/1919650160032350208/foundation_model/datasets/astribot_lerobotv3//dishwasher_2_hcc_20260513_compressed', '/data/share/1919650160032350208/foundation_model/datasets/astribot_lerobotv3//dishwasher_2_hcc_20260518_compressed', '/data/share/1919650160032350208/foundation_model/datasets/astribot_lerobotv3//dishwasher_2_hcc_20260521_compressed', '/data/share/1919650160032350208/foundation_model/datasets/astribot_lerobotv3//dishwasher_2_hcc_20260522_compressed', '/data/share/1919650160032350208/foundation_model/datasets/astribot_lerobotv3//dishwasher_2_hcc_20260525_compressed', '/data/share/1919650160032350208/foundation_model/datasets/astribot_lerobotv3//dishwasher_2_hcc_20260526_compressed', '/data/share/1919650160032350208/foundation_model/datasets/astribot_lerobotv3//dishwasher_2_hcc_20260528_compressed', '/data/share/1919650160032350208/foundation_model/datasets/astribot_lerobotv3//dishwasher_2_hcc_20260601_compressed', '/data/share/1919650160032350208/foundation_model/datasets/astribot_lerobotv3//oven_takeout_fx_20260525_compressed', '/data/share/1919650160032350208/foundation_model/datasets/astribot_lerobotv3//oven_takeout_fx_20260526_compressed', '/data/share/1919650160032350208/foundation_model/datasets/astribot_lerobotv3//oven_takeout_fx_20260527_compressed', '/data/share/1919650160032350208/foundation_model/datasets/astribot_lerobotv3//oven_takeout_fx_20260528_compressed', '/data/share/1919650160032350208/foundation_model/datasets/astribot_lerobotv3//oven_takeout_fx_20260601_compressed', '/data/share/1919650160032350208/foundation_model/datasets/astribot_lerobotv3//oven_takeout_fx_20260608_compressed', '/data/share/1919650160032350208/foundation_model/datasets/astribot_lerobotv3//oven_takeout_fx_20260609_compressed', '/data/share/1919650160032350208/foundation_model/datasets/astribot_lerobotv3//collect_clothes_basket_bxx_20260622_compressed', '/data/share/1919650160032350208/foundation_model/datasets/astribot_lerobotv3//collect_clothes_bxx_20260528_compressed', '/data/share/1919650160032350208/foundation_model/datasets/astribot_lerobotv3//collect_clothes_bxx_20260529_compressed', '/data/share/1919650160032350208/foundation_model/datasets/astribot_lerobotv3//collect_clothes_bxx_20260601_compressed', '/data/share/1919650160032350208/foundation_model/datasets/astribot_lerobotv3//collect_clothes_bxx_20260610_compressed', '/data/share/1919650160032350208/foundation_model/datasets/astribot_lerobotv3//collect_clothes_bxx_20260611_compressed', '/data/share/1919650160032350208/foundation_model/datasets/astribot_lerobotv3//collect_clothes_bxx_20260615_compressed', '/data/share/1919650160032350208/foundation_model/datasets/astribot_lerobotv3//collect_clothes_bxx_20260616_compressed', '/data/share/1919650160032350208/foundation_model/datasets/astribot_lerobotv3//collect_clothes_fx_20260526_compressed', '/data/share/1919650160032350208/foundation_model/datasets/astribot_lerobotv3//collect_clothes_fx_20260528_compressed', '/data/share/1919650160032350208/foundation_model/datasets/astribot_lerobotv3//collect_clothes_fx_20260601_compressed', '/data/share/1919650160032350208/foundation_model/datasets/astribot_lerobotv3//collect_clothes_fx_20260604_compressed', '/data/share/1919650160032350208/foundation_model/datasets/astribot_lerobotv3//collect_clothes_fx_20260611_compressed', '/data/share/1919650160032350208/foundation_model/datasets/astribot_lerobotv3//collect_clothes_fx_20260612_compressed', '/data/share/1919650160032350208/foundation_model/datasets/astribot_lerobotv3//collect_clothes_fx_20260616_compressed', '/data/share/1919650160032350208/foundation_model/datasets/astribot_lerobotv3//collect_clothes_nearsofa_whb_20260622_compressed', '/data/share/1919650160032350208/foundation_model/datasets/astribot_lerobotv3//collect_clothes_recover_whb_20260622_compressed', '/data/share/1919650160032350208/foundation_model/datasets/astribot_lerobotv3//collect_clothes_recover_whb_20260623_compressed', '/data/share/1919650160032350208/foundation_model/datasets/astribot_lerobotv3//collect_clothes_twoclothes_bxx_20260622_compressed', '/data/share/1919650160032350208/foundation_model/datasets/astribot_lerobotv3//collect_clothes_twoclothesonthesoft_bxx_20260618_compressed', '/data/share/1919650160032350208/foundation_model/datasets/astribot_lerobotv3//collect_clothes_twoclothesonthesoft_whb_20260618_compressed', '/data/share/1919650160032350208/foundation_model/datasets/astribot_lerobotv3//collect_clothes_whb_20260615_compressed', '/data/share/1919650160032350208/foundation_model/datasets/astribot_lerobotv3//collect_clothes_whb_20260616_compressed', '/data/share/1919650160032350208/foundation_model/datasets/astribot_lerobotv3//collect_clothes_whb_20260617_compressed', '/data/share/1919650160032350208/foundation_model/datasets/astribot_lerobotv3//collect_twoclothes_onthefloor_bxx_20260610_compressed', '/data/share/1919650160032350208/foundation_model/datasets/astribot_lerobotv3//dry_clothes_bxx_20260508_compressed', '/data/share/1919650160032350208/foundation_model/datasets/astribot_lerobotv3//dry_clothes_bxx_20260509_compressed', '/data/share/1919650160032350208/foundation_model/datasets/astribot_lerobotv3//dry_clothes_bxx_20260513_compressed', '/data/share/1919650160032350208/foundation_model/datasets/astribot_lerobotv3//dry_clothes_bxx_20260514_compressed', '/data/share/1919650160032350208/foundation_model/datasets/astribot_lerobotv3//dry_clothes_bxx_20260520_compressed', '/data/share/1919650160032350208/foundation_model/datasets/astribot_lerobotv3//dry_clothes_bxx_20260521_compressed', '/data/share/1919650160032350208/foundation_model/datasets/astribot_lerobotv3//dry_clothes_bxx_20260522_compressed', '/data/share/1919650160032350208/foundation_model/datasets/astribot_lerobotv3//dry_clothes_bxx_20260527_compressed', '/data/share/1919650160032350208/foundation_model/datasets/astribot_lerobotv3//dry_clothes_bxx_20260528_compressed', '/data/share/1919650160032350208/foundation_model/datasets/astribot_lerobotv3//dry_clothes_bxx_20260601_compressed', '/data/share/1919650160032350208/foundation_model/datasets/astribot_lerobotv3//dry_clothes_bxx_20260602_compressed', '/data/share/1919650160032350208/foundation_model/datasets/astribot_lerobotv3//dry_clothes_bxx_20260603_compressed', '/data/share/1919650160032350208/foundation_model/datasets/astribot_lerobotv3//dry_clothes_bxx_20260604_compressed', '/data/share/1919650160032350208/foundation_model/datasets/astribot_lerobotv3//dry_clothes_bxx_20260605_compressed', '/data/share/1919650160032350208/foundation_model/datasets/astribot_lerobotv3//dry_clothes_bxx_20260609_compressed', '/data/share/1919650160032350208/foundation_model/datasets/astribot_lerobotv3//dry_clothes_grasp_whb_20260624_compressed', '/data/share/1919650160032350208/foundation_model/datasets/astribot_lerobotv3//dry_clothes_openandmove_bxx_20260623_compressed', '/data/share/1919650160032350208/foundation_model/datasets/astribot_lerobotv3//dry_clothes_openandmove_bxx_20260624_compressed', '/data/share/1919650160032350208/foundation_model/datasets/astribot_lerobotv3//dry_clothes_pickup_bxx_20260612_compressed', '/data/share/1919650160032350208/foundation_model/datasets/astribot_lerobotv3//dry_clothes_pickup_bxx_20260615_compressed', '/data/share/1919650160032350208/foundation_model/datasets/astribot_lerobotv3//dry_clothes_pickup_bxx_20260616_compressed', '/data/share/1919650160032350208/foundation_model/datasets/astribot_lerobotv3//dry_clothes_pickup_bxx_20260617_compressed', '/data/share/1919650160032350208/foundation_model/datasets/astribot_lerobotv3//wash_clothes_bxx_20260420_compressed', '/data/share/1919650160032350208/foundation_model/datasets/astribot_lerobotv3//wash_clothes_bxx_20260421_compressed', '/data/share/1919650160032350208/foundation_model/datasets/astribot_lerobotv3//wash_clothes_bxx_20260424_compressed', '/data/share/1919650160032350208/foundation_model/datasets/astribot_lerobotv3//wash_clothes_bxx_20260506_compressed', '/data/share/1919650160032350208/foundation_model/datasets/astribot_lerobotv3//wash_clothes_bxx_20260507_compressed', '/data/share/1919650160032350208/foundation_model/datasets/astribot_lerobotv3//wash_clothes_bxx_20260508_compressed', '/data/share/1919650160032350208/foundation_model/datasets/astribot_lerobotv3//wash_clothes_bxx_20260515_compressed', '/data/share/1919650160032350208/foundation_model/datasets/astribot_lerobotv3//wash_clothes_bxx_20260519_compressed', '/data/share/1919650160032350208/foundation_model/datasets/astribot_lerobotv3//wash_clothes_closeandmove_bxx_20260623_compressed', '/data/share/1919650160032350208/foundation_model/datasets/astribot_lerobotv3//wash_clothes_closeandmove_whb_20260623_compressed', '/data/share/1919650160032350208/foundation_model/datasets/astribot_lerobotv3//wash_clothes_hcc_20260413_compressed', '/data/share/1919650160032350208/foundation_model/datasets/astribot_lerobotv3//wash_clothes_hcc_20260414_compressed', '/data/share/1919650160032350208/foundation_model/datasets/astribot_lerobotv3//wash_clothes_opendoor_bxx_20260617_compressed', '/data/share/1919650160032350208/foundation_model/datasets/astribot_lerobotv3//wash_clothes_pickup1_bxx_20260609_compressed', '/data/share/1919650160032350208/foundation_model/datasets/astribot_lerobotv3//wash_clothes_pickup_bxx_20260525_compressed', '/data/share/1919650160032350208/foundation_model/datasets/astribot_lerobotv3//wash_clothes_pickup_bxx_20260617_compressed', '/data/share/1919650160032350208/foundation_model/datasets/astribot_lerobotv3//wash_clothes_putclothes_bxx_20260617_compressed']

Generating train split: 0 examples [00:00, ? examples/s]
Generating train split: 53629 examples [00:00, 528043.10 examples/s]
Generating train split: 112309 examples [00:00, 551425.58 examples/s]
Generating train split: 172283 examples [00:00, 566720.23 examples/s]
Generating train split: 178570 examples [00:00, 565246.79 examples/s]

Casting the dataset:   0%|          | 0/178570 [00:00<?, ? examples/s]
Casting the dataset:   0%|          | 0/178570 [00:00<?, ? examples/s]
Casting the dataset:   0%|          | 0/178570 [00:00<?, ? examples/s]
Casting the dataset:  91%|█████████▏| 163000/178570 [00:00<00:00, 1602534.23 examples/s]
Casting the dataset: 100%|██████████| 178570/178570 [00:00<00:00, 1535002.55 examples/s]

Casting the dataset:  88%|████████▊ | 157000/178570 [00:00<00:00, 1553805.14 examples/s]
Casting the dataset: 100%|██████████| 178570/178570 [00:00<00:00, 1493842.68 examples/s]

Casting the dataset:  91%|█████████▏| 163000/178570 [00:00<00:00, 1606895.94 examples/s]
Casting the dataset: 100%|██████████| 178570/178570 [00:00<00:00, 1540432.70 examples/s]

Generating train split: 0 examples [00:00, ? examples/s]
Generating train split: 47374 examples [00:00, 452098.61 examples/s]
Generating train split: 96078 examples [00:00, 462746.91 examples/s]
Generating train split: 151776 examples [00:00, 496610.93 examples/s]
Generating train split: 158034 examples [00:00, 492553.20 examples/s]

Casting the dataset:   0%|          | 0/158034 [00:00<?, ? examples/s]
Casting the dataset:   0%|          | 0/158034 [00:00<?, ? examples/s]
Casting the dataset:   0%|          | 0/158034 [00:00<?, ? examples/s]
Casting the dataset: 100%|██████████| 158034/158034 [00:00<00:00, 1541702.46 examples/s]

Casting the dataset:  99%|█████████▉| 157000/158034 [00:00<00:00, 1552676.73 examples/s]
Casting the dataset: 100%|██████████| 158034/158034 [00:00<00:00, 1481219.22 examples/s]

Casting the dataset: 100%|██████████| 158034/158034 [00:00<00:00, 1535865.38 examples/s]

Generating train split: 0 examples [00:00, ? examples/s]
Generating train split: 34519 examples [00:00, 541541.10 examples/s]

Casting the dataset:   0%|          | 0/34519 [00:00<?, ? examples/s]
Casting the dataset:   0%|          | 0/34519 [00:00<?, ? examples/s]
Casting the dataset: 100%|██████████| 34519/34519 [00:00<00:00, 1404843.58 examples/s]

Casting the dataset: 100%|██████████| 34519/34519 [00:00<00:00, 1386998.06 examples/s]

Casting the dataset:   0%|          | 0/34519 [00:00<?, ? examples/s]
Casting the dataset: 100%|██████████| 34519/34519 [00:00<00:00, 1349934.54 examples/s]

Generating train split: 0 examples [00:00, ? examples/s]
Generating train split: 58960 examples [00:00, 546838.36 examples/s]
Generating train split: 125307 examples [00:00, 567255.34 examples/s]
Generating train split: 186523 examples [00:00, 578612.72 examples/s]
Generating train split: 203241 examples [00:00, 583248.58 examples/s]

Casting the dataset:   0%|          | 0/203241 [00:00<?, ? examples/s]
Casting the dataset:   0%|          | 0/203241 [00:00<?, ? examples/s]
Casting the dataset:   0%|          | 0/203241 [00:00<?, ? examples/s]
Casting the dataset:  81%|████████  | 164000/203241 [00:00<00:00, 1616024.92 examples/s]
Casting the dataset:  77%|███████▋  | 156000/203241 [00:00<00:00, 1533451.35 examples/s]
Casting the dataset: 100%|██████████| 203241/203241 [00:00<00:00, 1554011.46 examples/s]

Casting the dataset:  79%|███████▊  | 160000/203241 [00:00<00:00, 1577647.48 examples/s]
Casting the dataset: 100%|██████████| 203241/203241 [00:00<00:00, 1482207.41 examples/s]

Casting the dataset: 100%|██████████| 203241/203241 [00:00<00:00, 1516952.59 examples/s]

Generating train split: 0 examples [00:00, ? examples/s]
Generating train split: 47898 examples [00:00, 471999.99 examples/s]
Generating train split: 86742 examples [00:00, 499212.15 examples/s]

Casting the dataset:   0%|          | 0/86742 [00:00<?, ? examples/s]
Casting the dataset:   0%|          | 0/86742 [00:00<?, ? examples/s]
Casting the dataset:   0%|          | 0/86742 [00:00<?, ? examples/s]
Casting the dataset: 100%|██████████| 86742/86742 [00:00<00:00, 1484825.42 examples/s]

Casting the dataset: 100%|██████████| 86742/86742 [00:00<00:00, 1475102.85 examples/s]

Casting the dataset: 100%|██████████| 86742/86742 [00:00<00:00, 1483330.14 examples/s]
[TRAIN rank=9] >>> instantiate(cfg.model) DONE
[TRAIN rank=9] >>> build_datasets() START
[TRAIN rank=9]     dataset_dirs (train): ['/data/share/1919650160032350208/foundation_model/datasets/astribot_lerobotv3//oven_new_2_fx_20260513_compressed', '/data/share/1919650160032350208/foundation_model/datasets/astribot_lerobotv3//oven_new_2_fx_20260514_compressed', '/data/share/1919650160032350208/foundation_model/datasets/astribot_lerobotv3//oven_new_2_fx_20260515_compressed', '/data/share/1919650160032350208/foundation_model/datasets/astribot_lerobotv3//oven_new_2_fx_20260518_compressed', '/data/share/1919650160032350208/foundation_model/datasets/astribot_lerobotv3//fridge_chicken_golden_zjm_20260324_compressed', '/data/share/1919650160032350208/foundation_model/datasets/astribot_lerobotv3//fridge_chicken_golden_zjm_20260325_compressed', '/data/share/1919650160032350208/foundation_model/datasets/astribot_lerobotv3//fridge_chicken_golden_zjm_20260327_compressed', '/data/share/1919650160032350208/foundation_model/datasets/astribot_lerobotv3//fridge_fruits_fx_20260508_compressed', '/data/share/1919650160032350208/foundation_model/datasets/astribot_lerobotv3//fridge_fruits_fx_20260509_compressed', '/data/share/1919650160032350208/foundation_model/datasets/astribot_lerobotv3//fridge_fruits_fx_20260511_compressed', '/data/share/1919650160032350208/foundation_model/datasets/astribot_lerobotv3//fridge_fruits_fx_20260602_compressed', '/data/share/1919650160032350208/foundation_model/datasets/astribot_lerobotv3//fridge_fruits_fx_20260603_compressed', '/data/share/1919650160032350208/foundation_model/datasets/astribot_lerobotv3//fridge_meat_fx_20260428_compressed', '/data/share/1919650160032350208/foundation_model/datasets/astribot_lerobotv3//fridge_meat_fx_20260429_compressed', '/data/share/1919650160032350208/foundation_model/datasets/astribot_lerobotv3//fridge_meat_fx_20260430_compressed', '/data/share/1919650160032350208/foundation_model/datasets/astribot_lerobotv3//fridge_salmon_golden_zjm_20260310_compressed', '/data/share/1919650160032350208/foundation_model/datasets/astribot_lerobotv3//fridge_salmon_golden_zjm_20260311_compressed', '/data/share/1919650160032350208/foundation_model/datasets/astribot_lerobotv3//fridge_salmon_golden_zjm_20260312_compressed', '/data/share/1919650160032350208/foundation_model/datasets/astribot_lerobotv3//fridge_salmon_golden_zjm_20260313_compressed', '/data/share/1919650160032350208/foundation_model/datasets/astribot_lerobotv3//fridge_salmon_zjm_20260306_compressed', '/data/share/1919650160032350208/foundation_model/datasets/astribot_lerobotv3//fridge_salmon_zjm_20260309_compressed', '/data/share/1919650160032350208/foundation_model/datasets/astribot_lerobotv3//fridge_shrimp_fx_20260423_compressed', '/data/share/1919650160032350208/foundation_model/datasets/astribot_lerobotv3//fridge_shrimp_fx_20260424_1_compressed', '/data/share/1919650160032350208/foundation_model/datasets/astribot_lerobotv3//fridge_shrimp_fx_20260424_2_compressed', '/data/share/1919650160032350208/foundation_model/datasets/astribot_lerobotv3//fridge_shrimp_fx_20260427_compressed', '/data/share/1919650160032350208/foundation_model/datasets/astribot_lerobotv3//fridge_shrimp_fx_20260428_compressed', '/data/share/1919650160032350208/foundation_model/datasets/astribot_lerobotv3//fridge_tray_middle_fx_20260610_compressed', '/data/share/1919650160032350208/foundation_model/datasets/astribot_lerobotv3//fridge_tray_middle_fx_20260611_compressed', '/data/share/1919650160032350208/foundation_model/datasets/astribot_lerobotv3//fridge_tray_middle_fx_20260615_compressed', '/data/share/1919650160032350208/foundation_model/datasets/astribot_lerobotv3//fridge_chicken_fx_20260506_compressed', '/data/share/1919650160032350208/foundation_model/datasets/astribot_lerobotv3//fridge_chicken_golden_zjm_20260323_compressed', '/data/share/1919650160032350208/foundation_model/datasets/astribot_lerobotv3//dishwasher_2_fx_20260407_compressed', '/data/share/1919650160032350208/foundation_model/datasets/astribot_lerobotv3//dishwasher_2_fx_20260409_compressed', '/data/share/1919650160032350208/foundation_model/datasets/astribot_lerobotv3//dishwasher_2_fx_20260410_compressed', '/data/share/1919650160032350208/foundation_model/datasets/astribot_lerobotv3//dishwasher_2_fx_20260529_compressed', '/data/share/1919650160032350208/foundation_model/datasets/astribot_lerobotv3//dishwasher_2_fx_20260605_compressed', '/data/share/1919650160032350208/foundation_model/datasets/astribot_lerobotv3//dishwasher_2_hcc_20260410_compressed', '/data/share/1919650160032350208/foundation_model/datasets/astribot_lerobotv3//dishwasher_2_hcc_20260416_compressed', '/data/share/1919650160032350208/foundation_model/datasets/astribot_lerobotv3//dishwasher_2_hcc_20260417_compressed', '/data/share/1919650160032350208/foundation_model/datasets/astribot_lerobotv3//dishwasher_2_hcc_20260421_compressed', '/data/share/1919650160032350208/foundation_model/datasets/astribot_lerobotv3//dishwasher_2_hcc_20260422_compressed', '/data/share/1919650160032350208/foundation_model/datasets/astribot_lerobotv3//dishwasher_2_hcc_20260423_compressed', '/data/share/1919650160032350208/foundation_model/datasets/astribot_lerobotv3//dishwasher_2_hcc_20260424_compressed', '/data/share/1919650160032350208/foundation_model/datasets/astribot_lerobotv3//dishwasher_2_hcc_20260507_compressed', '/data/share/1919650160032350208/foundation_model/datasets/astribot_lerobotv3//dishwasher_2_hcc_20260508_compressed', '/data/share/1919650160032350208/foundation_model/datasets/astribot_lerobotv3//dishwasher_2_hcc_20260509_compressed', '/data/share/1919650160032350208/foundation_model/datasets/astribot_lerobotv3//dishwasher_2_hcc_20260511_compressed', '/data/share/1919650160032350208/foundation_model/datasets/astribot_lerobotv3//dishwasher_2_hcc_20260512_compressed', '/data/share/1919650160032350208/foundation_model/datasets/astribot_lerobotv3//dishwasher_2_hcc_20260513_compressed', '/data/share/1919650160032350208/foundation_model/datasets/astribot_lerobotv3//dishwasher_2_hcc_20260518_compressed', '/data/share/1919650160032350208/foundation_model/datasets/astribot_lerobotv3//dishwasher_2_hcc_20260521_compressed', '/data/share/1919650160032350208/foundation_model/datasets/astribot_lerobotv3//dishwasher_2_hcc_20260522_compressed', '/data/share/1919650160032350208/foundation_model/datasets/astribot_lerobotv3//dishwasher_2_hcc_20260525_compressed', '/data/share/1919650160032350208/foundation_model/datasets/astribot_lerobotv3//dishwasher_2_hcc_20260526_compressed', '/data/share/1919650160032350208/foundation_model/datasets/astribot_lerobotv3//dishwasher_2_hcc_20260528_compressed', '/data/share/1919650160032350208/foundation_model/datasets/astribot_lerobotv3//dishwasher_2_hcc_20260601_compressed', '/data/share/1919650160032350208/foundation_model/datasets/astribot_lerobotv3//oven_takeout_fx_20260525_compressed', '/data/share/1919650160032350208/foundation_model/datasets/astribot_lerobotv3//oven_takeout_fx_20260526_compressed', '/data/share/1919650160032350208/foundation_model/datasets/astribot_lerobotv3//oven_takeout_fx_20260527_compressed', '/data/share/1919650160032350208/foundation_model/datasets/astribot_lerobotv3//oven_takeout_fx_20260528_compressed', '/data/share/1919650160032350208/foundation_model/datasets/astribot_lerobotv3//oven_takeout_fx_20260601_compressed', '/data/share/1919650160032350208/foundation_model/datasets/astribot_lerobotv3//oven_takeout_fx_20260608_compressed', '/data/share/1919650160032350208/foundation_model/datasets/astribot_lerobotv3//oven_takeout_fx_20260609_compressed', '/data/share/1919650160032350208/foundation_model/datasets/astribot_lerobotv3//collect_clothes_basket_bxx_20260622_compressed', '/data/share/1919650160032350208/foundation_model/datasets/astribot_lerobotv3//collect_clothes_bxx_20260528_compressed', '/data/share/1919650160032350208/foundation_model/datasets/astribot_lerobotv3//collect_clothes_bxx_20260529_compressed', '/data/share/1919650160032350208/foundation_model/datasets/astribot_lerobotv3//collect_clothes_bxx_20260601_compressed', '/data/share/1919650160032350208/foundation_model/datasets/astribot_lerobotv3//collect_clothes_bxx_20260610_compressed', '/data/share/1919650160032350208/foundation_model/datasets/astribot_lerobotv3//collect_clothes_bxx_20260611_compressed', '/data/share/1919650160032350208/foundation_model/datasets/astribot_lerobotv3//collect_clothes_bxx_20260615_compressed', '/data/share/1919650160032350208/foundation_model/datasets/astribot_lerobotv3//collect_clothes_bxx_20260616_compressed', '/data/share/1919650160032350208/foundation_model/datasets/astribot_lerobotv3//collect_clothes_fx_20260526_compressed', '/data/share/1919650160032350208/foundation_model/datasets/astribot_lerobotv3//collect_clothes_fx_20260528_compressed', '/data/share/1919650160032350208/foundation_model/datasets/astribot_lerobotv3//collect_clothes_fx_20260601_compressed', '/data/share/1919650160032350208/foundation_model/datasets/astribot_lerobotv3//collect_clothes_fx_20260604_compressed', '/data/share/1919650160032350208/foundation_model/datasets/astribot_lerobotv3//collect_clothes_fx_20260611_compressed', '/data/share/1919650160032350208/foundation_model/datasets/astribot_lerobotv3//collect_clothes_fx_20260612_compressed', '/data/share/1919650160032350208/foundation_model/datasets/astribot_lerobotv3//collect_clothes_fx_20260616_compressed', '/data/share/1919650160032350208/foundation_model/datasets/astribot_lerobotv3//collect_clothes_nearsofa_whb_20260622_compressed', '/data/share/1919650160032350208/foundation_model/datasets/astribot_lerobotv3//collect_clothes_recover_whb_20260622_compressed', '/data/share/1919650160032350208/foundation_model/datasets/astribot_lerobotv3//collect_clothes_recover_whb_20260623_compressed', '/data/share/1919650160032350208/foundation_model/datasets/astribot_lerobotv3//collect_clothes_twoclothes_bxx_20260622_compressed', '/data/share/1919650160032350208/foundation_model/datasets/astribot_lerobotv3//collect_clothes_twoclothesonthesoft_bxx_20260618_compressed', '/data/share/1919650160032350208/foundation_model/datasets/astribot_lerobotv3//collect_clothes_twoclothesonthesoft_whb_20260618_compressed', '/data/share/1919650160032350208/foundation_model/datasets/astribot_lerobotv3//collect_clothes_whb_20260615_compressed', '/data/share/1919650160032350208/foundation_model/datasets/astribot_lerobotv3//collect_clothes_whb_20260616_compressed', '/data/share/1919650160032350208/foundation_model/datasets/astribot_lerobotv3//collect_clothes_whb_20260617_compressed', '/data/share/1919650160032350208/foundation_model/datasets/astribot_lerobotv3//collect_twoclothes_onthefloor_bxx_20260610_compressed', '/data/share/1919650160032350208/foundation_model/datasets/astribot_lerobotv3//dry_clothes_bxx_20260508_compressed', '/data/share/1919650160032350208/foundation_model/datasets/astribot_lerobotv3//dry_clothes_bxx_20260509_compressed', '/data/share/1919650160032350208/foundation_model/datasets/astribot_lerobotv3//dry_clothes_bxx_20260513_compressed', '/data/share/1919650160032350208/foundation_model/datasets/astribot_lerobotv3//dry_clothes_bxx_20260514_compressed', '/data/share/1919650160032350208/foundation_model/datasets/astribot_lerobotv3//dry_clothes_bxx_20260520_compressed', '/data/share/1919650160032350208/foundation_model/datasets/astribot_lerobotv3//dry_clothes_bxx_20260521_compressed', '/data/share/1919650160032350208/foundation_model/datasets/astribot_lerobotv3//dry_clothes_bxx_20260522_compressed', '/data/share/1919650160032350208/foundation_model/datasets/astribot_lerobotv3//dry_clothes_bxx_20260527_compressed', '/data/share/1919650160032350208/foundation_model/datasets/astribot_lerobotv3//dry_clothes_bxx_20260528_compressed', '/data/share/1919650160032350208/foundation_model/datasets/astribot_lerobotv3//dry_clothes_bxx_20260601_compressed', '/data/share/1919650160032350208/foundation_model/datasets/astribot_lerobotv3//dry_clothes_bxx_20260602_compressed', '/data/share/1919650160032350208/foundation_model/datasets/astribot_lerobotv3//dry_clothes_bxx_20260603_compressed', '/data/share/1919650160032350208/foundation_model/datasets/astribot_lerobotv3//dry_clothes_bxx_20260604_compressed', '/data/share/1919650160032350208/foundation_model/datasets/astribot_lerobotv3//dry_clothes_bxx_20260605_compressed', '/data/share/1919650160032350208/foundation_model/datasets/astribot_lerobotv3//dry_clothes_bxx_20260609_compressed', '/data/share/1919650160032350208/foundation_model/datasets/astribot_lerobotv3//dry_clothes_grasp_whb_20260624_compressed', '/data/share/1919650160032350208/foundation_model/datasets/astribot_lerobotv3//dry_clothes_openandmove_bxx_20260623_compressed', '/data/share/1919650160032350208/foundation_model/datasets/astribot_lerobotv3//dry_clothes_openandmove_bxx_20260624_compressed', '/data/share/1919650160032350208/foundation_model/datasets/astribot_lerobotv3//dry_clothes_pickup_bxx_20260612_compressed', '/data/share/1919650160032350208/foundation_model/datasets/astribot_lerobotv3//dry_clothes_pickup_bxx_20260615_compressed', '/data/share/1919650160032350208/foundation_model/datasets/astribot_lerobotv3//dry_clothes_pickup_bxx_20260616_compressed', '/data/share/1919650160032350208/foundation_model/datasets/astribot_lerobotv3//dry_clothes_pickup_bxx_20260617_compressed', '/data/share/1919650160032350208/foundation_model/datasets/astribot_lerobotv3//wash_clothes_bxx_20260420_compressed', '/data/share/1919650160032350208/foundation_model/datasets/astribot_lerobotv3//wash_clothes_bxx_20260421_compressed', '/data/share/1919650160032350208/foundation_model/datasets/astribot_lerobotv3//wash_clothes_bxx_20260424_compressed', '/data/share/1919650160032350208/foundation_model/datasets/astribot_lerobotv3//wash_clothes_bxx_20260506_compressed', '/data/share/1919650160032350208/foundation_model/datasets/astribot_lerobotv3//wash_clothes_bxx_20260507_compressed', '/data/share/1919650160032350208/foundation_model/datasets/astribot_lerobotv3//wash_clothes_bxx_20260508_compressed', '/data/share/1919650160032350208/foundation_model/datasets/astribot_lerobotv3//wash_clothes_bxx_20260515_compressed', '/data/share/1919650160032350208/foundation_model/datasets/astribot_lerobotv3//wash_clothes_bxx_20260519_compressed', '/data/share/1919650160032350208/foundation_model/datasets/astribot_lerobotv3//wash_clothes_closeandmove_bxx_20260623_compressed', '/data/share/1919650160032350208/foundation_model/datasets/astribot_lerobotv3//wash_clothes_closeandmove_whb_20260623_compressed', '/data/share/1919650160032350208/foundation_model/datasets/astribot_lerobotv3//wash_clothes_hcc_20260413_compressed', '/data/share/1919650160032350208/foundation_model/datasets/astribot_lerobotv3//wash_clothes_hcc_20260414_compressed', '/data/share/1919650160032350208/foundation_model/datasets/astribot_lerobotv3//wash_clothes_opendoor_bxx_20260617_compressed', '/data/share/1919650160032350208/foundation_model/datasets/astribot_lerobotv3//wash_clothes_pickup1_bxx_20260609_compressed', '/data/share/1919650160032350208/foundation_model/datasets/astribot_lerobotv3//wash_clothes_pickup_bxx_20260525_compressed', '/data/share/1919650160032350208/foundation_model/datasets/astribot_lerobotv3//wash_clothes_pickup_bxx_20260617_compressed', '/data/share/1919650160032350208/foundation_model/datasets/astribot_lerobotv3//wash_clothes_putclothes_bxx_20260617_compressed']

Generating train split: 0 examples [00:00, ? examples/s]
Generating train split: 47503 examples [00:00, 466430.90 examples/s]
Generating train split: 64765 examples [00:00, 480450.98 examples/s]

Casting the dataset:   0%|          | 0/64765 [00:00<?, ? examples/s]
Casting the dataset:   0%|          | 0/64765 [00:00<?, ? examples/s]
Casting the dataset: 100%|██████████| 64765/64765 [00:00<00:00, 1473587.67 examples/s]

Casting the dataset:   0%|          | 0/64765 [00:00<?, ? examples/s]
Casting the dataset: 100%|██████████| 64765/64765 [00:00<00:00, 1407562.60 examples/s]

Casting the dataset: 100%|██████████| 64765/64765 [00:00<00:00, 1459502.68 examples/s]

Generating train split: 0 examples [00:00, ? examples/s][TRAIN rank=13] >>> instantiate(cfg.model) DONE
[TRAIN rank=13] >>> build_datasets() START
[TRAIN rank=13]     dataset_dirs (train): ['/data/share/1919650160032350208/foundation_model/datasets/astribot_lerobotv3//oven_new_2_fx_20260513_compressed', '/data/share/1919650160032350208/foundation_model/datasets/astribot_lerobotv3//oven_new_2_fx_20260514_compressed', '/data/share/1919650160032350208/foundation_model/datasets/astribot_lerobotv3//oven_new_2_fx_20260515_compressed', '/data/share/1919650160032350208/foundation_model/datasets/astribot_lerobotv3//oven_new_2_fx_20260518_compressed', '/data/share/1919650160032350208/foundation_model/datasets/astribot_lerobotv3//fridge_chicken_golden_zjm_20260324_compressed', '/data/share/1919650160032350208/foundation_model/datasets/astribot_lerobotv3//fridge_chicken_golden_zjm_20260325_compressed', '/data/share/1919650160032350208/foundation_model/datasets/astribot_lerobotv3//fridge_chicken_golden_zjm_20260327_compressed', '/data/share/1919650160032350208/foundation_model/datasets/astribot_lerobotv3//fridge_fruits_fx_20260508_compressed', '/data/share/1919650160032350208/foundation_model/datasets/astribot_lerobotv3//fridge_fruits_fx_20260509_compressed', '/data/share/1919650160032350208/foundation_model/datasets/astribot_lerobotv3//fridge_fruits_fx_20260511_compressed', '/data/share/1919650160032350208/foundation_model/datasets/astribot_lerobotv3//fridge_fruits_fx_20260602_compressed', '/data/share/1919650160032350208/foundation_model/datasets/astribot_lerobotv3//fridge_fruits_fx_20260603_compressed', '/data/share/1919650160032350208/foundation_model/datasets/astribot_lerobotv3//fridge_meat_fx_20260428_compressed', '/data/share/1919650160032350208/foundation_model/datasets/astribot_lerobotv3//fridge_meat_fx_20260429_compressed', '/data/share/1919650160032350208/foundation_model/datasets/astribot_lerobotv3//fridge_meat_fx_20260430_compressed', '/data/share/1919650160032350208/foundation_model/datasets/astribot_lerobotv3//fridge_salmon_golden_zjm_20260310_compressed', '/data/share/1919650160032350208/foundation_model/datasets/astribot_lerobotv3//fridge_salmon_golden_zjm_20260311_compressed', '/data/share/1919650160032350208/foundation_model/datasets/astribot_lerobotv3//fridge_salmon_golden_zjm_20260312_compressed', '/data/share/1919650160032350208/foundation_model/datasets/astribot_lerobotv3//fridge_salmon_golden_zjm_20260313_compressed', '/data/share/1919650160032350208/foundation_model/datasets/astribot_lerobotv3//fridge_salmon_zjm_20260306_compressed', '/data/share/1919650160032350208/foundation_model/datasets/astribot_lerobotv3//fridge_salmon_zjm_20260309_compressed', '/data/share/1919650160032350208/foundation_model/datasets/astribot_lerobotv3//fridge_shrimp_fx_20260423_compressed', '/data/share/1919650160032350208/foundation_model/datasets/astribot_lerobotv3//fridge_shrimp_fx_20260424_1_compressed', '/data/share/1919650160032350208/foundation_model/datasets/astribot_lerobotv3//fridge_shrimp_fx_20260424_2_compressed', '/data/share/1919650160032350208/foundation_model/datasets/astribot_lerobotv3//fridge_shrimp_fx_20260427_compressed', '/data/share/1919650160032350208/foundation_model/datasets/astribot_lerobotv3//fridge_shrimp_fx_20260428_compressed', '/data/share/1919650160032350208/foundation_model/datasets/astribot_lerobotv3//fridge_tray_middle_fx_20260610_compressed', '/data/share/1919650160032350208/foundation_model/datasets/astribot_lerobotv3//fridge_tray_middle_fx_20260611_compressed', '/data/share/1919650160032350208/foundation_model/datasets/astribot_lerobotv3//fridge_tray_middle_fx_20260615_compressed', '/data/share/1919650160032350208/foundation_model/datasets/astribot_lerobotv3//fridge_chicken_fx_20260506_compressed', '/data/share/1919650160032350208/foundation_model/datasets/astribot_lerobotv3//fridge_chicken_golden_zjm_20260323_compressed', '/data/share/1919650160032350208/foundation_model/datasets/astribot_lerobotv3//dishwasher_2_fx_20260407_compressed', '/data/share/1919650160032350208/foundation_model/datasets/astribot_lerobotv3//dishwasher_2_fx_20260409_compressed', '/data/share/1919650160032350208/foundation_model/datasets/astribot_lerobotv3//dishwasher_2_fx_20260410_compressed', '/data/share/1919650160032350208/foundation_model/datasets/astribot_lerobotv3//dishwasher_2_fx_20260529_compressed', '/data/share/1919650160032350208/foundation_model/datasets/astribot_lerobotv3//dishwasher_2_fx_20260605_compressed', '/data/share/1919650160032350208/foundation_model/datasets/astribot_lerobotv3//dishwasher_2_hcc_20260410_compressed', '/data/share/1919650160032350208/foundation_model/datasets/astribot_lerobotv3//dishwasher_2_hcc_20260416_compressed', '/data/share/1919650160032350208/foundation_model/datasets/astribot_lerobotv3//dishwasher_2_hcc_20260417_compressed', '/data/share/1919650160032350208/foundation_model/datasets/astribot_lerobotv3//dishwasher_2_hcc_20260421_compressed', '/data/share/1919650160032350208/foundation_model/datasets/astribot_lerobotv3//dishwasher_2_hcc_20260422_compressed', '/data/share/1919650160032350208/foundation_model/datasets/astribot_lerobotv3//dishwasher_2_hcc_20260423_compressed', '/data/share/1919650160032350208/foundation_model/datasets/astribot_lerobotv3//dishwasher_2_hcc_20260424_compressed', '/data/share/1919650160032350208/foundation_model/datasets/astribot_lerobotv3//dishwasher_2_hcc_20260507_compressed', '/data/share/1919650160032350208/foundation_model/datasets/astribot_lerobotv3//dishwasher_2_hcc_20260508_compressed', '/data/share/1919650160032350208/foundation_model/datasets/astribot_lerobotv3//dishwasher_2_hcc_20260509_compressed', '/data/share/1919650160032350208/foundation_model/datasets/astribot_lerobotv3//dishwasher_2_hcc_20260511_compressed', '/data/share/1919650160032350208/foundation_model/datasets/astribot_lerobotv3//dishwasher_2_hcc_20260512_compressed', '/data/share/1919650160032350208/foundation_model/datasets/astribot_lerobotv3//dishwasher_2_hcc_20260513_compressed', '/data/share/1919650160032350208/foundation_model/datasets/astribot_lerobotv3//dishwasher_2_hcc_20260518_compressed', '/data/share/1919650160032350208/foundation_model/datasets/astribot_lerobotv3//dishwasher_2_hcc_20260521_compressed', '/data/share/1919650160032350208/foundation_model/datasets/astribot_lerobotv3//dishwasher_2_hcc_20260522_compressed', '/data/share/1919650160032350208/foundation_model/datasets/astribot_lerobotv3//dishwasher_2_hcc_20260525_compressed', '/data/share/1919650160032350208/foundation_model/datasets/astribot_lerobotv3//dishwasher_2_hcc_20260526_compressed', '/data/share/1919650160032350208/foundation_model/datasets/astribot_lerobotv3//dishwasher_2_hcc_20260528_compressed', '/data/share/1919650160032350208/foundation_model/datasets/astribot_lerobotv3//dishwasher_2_hcc_20260601_compressed', '/data/share/1919650160032350208/foundation_model/datasets/astribot_lerobotv3//oven_takeout_fx_20260525_compressed', '/data/share/1919650160032350208/foundation_model/datasets/astribot_lerobotv3//oven_takeout_fx_20260526_compressed', '/data/share/1919650160032350208/foundation_model/datasets/astribot_lerobotv3//oven_takeout_fx_20260527_compressed', '/data/share/1919650160032350208/foundation_model/datasets/astribot_lerobotv3//oven_takeout_fx_20260528_compressed', '/data/share/1919650160032350208/foundation_model/datasets/astribot_lerobotv3//oven_takeout_fx_20260601_compressed', '/data/share/1919650160032350208/foundation_model/datasets/astribot_lerobotv3//oven_takeout_fx_20260608_compressed', '/data/share/1919650160032350208/foundation_model/datasets/astribot_lerobotv3//oven_takeout_fx_20260609_compressed', '/data/share/1919650160032350208/foundation_model/datasets/astribot_lerobotv3//collect_clothes_basket_bxx_20260622_compressed', '/data/share/1919650160032350208/foundation_model/datasets/astribot_lerobotv3//collect_clothes_bxx_20260528_compressed', '/data/share/1919650160032350208/foundation_model/datasets/astribot_lerobotv3//collect_clothes_bxx_20260529_compressed', '/data/share/1919650160032350208/foundation_model/datasets/astribot_lerobotv3//collect_clothes_bxx_20260601_compressed', '/data/share/1919650160032350208/foundation_model/datasets/astribot_lerobotv3//collect_clothes_bxx_20260610_compressed', '/data/share/1919650160032350208/foundation_model/datasets/astribot_lerobotv3//collect_clothes_bxx_20260611_compressed', '/data/share/1919650160032350208/foundation_model/datasets/astribot_lerobotv3//collect_clothes_bxx_20260615_compressed', '/data/share/1919650160032350208/foundation_model/datasets/astribot_lerobotv3//collect_clothes_bxx_20260616_compressed', '/data/share/1919650160032350208/foundation_model/datasets/astribot_lerobotv3//collect_clothes_fx_20260526_compressed', '/data/share/1919650160032350208/foundation_model/datasets/astribot_lerobotv3//collect_clothes_fx_20260528_compressed', '/data/share/1919650160032350208/foundation_model/datasets/astribot_lerobotv3//collect_clothes_fx_20260601_compressed', '/data/share/1919650160032350208/foundation_model/datasets/astribot_lerobotv3//collect_clothes_fx_20260604_compressed', '/data/share/1919650160032350208/foundation_model/datasets/astribot_lerobotv3//collect_clothes_fx_20260611_compressed', '/data/share/1919650160032350208/foundation_model/datasets/astribot_lerobotv3//collect_clothes_fx_20260612_compressed', '/data/share/1919650160032350208/foundation_model/datasets/astribot_lerobotv3//collect_clothes_fx_20260616_compressed', '/data/share/1919650160032350208/foundation_model/datasets/astribot_lerobotv3//collect_clothes_nearsofa_whb_20260622_compressed', '/data/share/1919650160032350208/foundation_model/datasets/astribot_lerobotv3//collect_clothes_recover_whb_20260622_compressed', '/data/share/1919650160032350208/foundation_model/datasets/astribot_lerobotv3//collect_clothes_recover_whb_20260623_compressed', '/data/share/1919650160032350208/foundation_model/datasets/astribot_lerobotv3//collect_clothes_twoclothes_bxx_20260622_compressed', '/data/share/1919650160032350208/foundation_model/datasets/astribot_lerobotv3//collect_clothes_twoclothesonthesoft_bxx_20260618_compressed', '/data/share/1919650160032350208/foundation_model/datasets/astribot_lerobotv3//collect_clothes_twoclothesonthesoft_whb_20260618_compressed', '/data/share/1919650160032350208/foundation_model/datasets/astribot_lerobotv3//collect_clothes_whb_20260615_compressed', '/data/share/1919650160032350208/foundation_model/datasets/astribot_lerobotv3//collect_clothes_whb_20260616_compressed', '/data/share/1919650160032350208/foundation_model/datasets/astribot_lerobotv3//collect_clothes_whb_20260617_compressed', '/data/share/1919650160032350208/foundation_model/datasets/astribot_lerobotv3//collect_twoclothes_onthefloor_bxx_20260610_compressed', '/data/share/1919650160032350208/foundation_model/datasets/astribot_lerobotv3//dry_clothes_bxx_20260508_compressed', '/data/share/1919650160032350208/foundation_model/datasets/astribot_lerobotv3//dry_clothes_bxx_20260509_compressed', '/data/share/1919650160032350208/foundation_model/datasets/astribot_lerobotv3//dry_clothes_bxx_20260513_compressed', '/data/share/1919650160032350208/foundation_model/datasets/astribot_lerobotv3//dry_clothes_bxx_20260514_compressed', '/data/share/1919650160032350208/foundation_model/datasets/astribot_lerobotv3//dry_clothes_bxx_20260520_compressed', '/data/share/1919650160032350208/foundation_model/datasets/astribot_lerobotv3//dry_clothes_bxx_20260521_compressed', '/data/share/1919650160032350208/foundation_model/datasets/astribot_lerobotv3//dry_clothes_bxx_20260522_compressed', '/data/share/1919650160032350208/foundation_model/datasets/astribot_lerobotv3//dry_clothes_bxx_20260527_compressed', '/data/share/1919650160032350208/foundation_model/datasets/astribot_lerobotv3//dry_clothes_bxx_20260528_compressed', '/data/share/1919650160032350208/foundation_model/datasets/astribot_lerobotv3//dry_clothes_bxx_20260601_compressed', '/data/share/1919650160032350208/foundation_model/datasets/astribot_lerobotv3//dry_clothes_bxx_20260602_compressed', '/data/share/1919650160032350208/foundation_model/datasets/astribot_lerobotv3//dry_clothes_bxx_20260603_compressed', '/data/share/1919650160032350208/foundation_model/datasets/astribot_lerobotv3//dry_clothes_bxx_20260604_compressed', '/data/share/1919650160032350208/foundation_model/datasets/astribot_lerobotv3//dry_clothes_bxx_20260605_compressed', '/data/share/1919650160032350208/foundation_model/datasets/astribot_lerobotv3//dry_clothes_bxx_20260609_compressed', '/data/share/1919650160032350208/foundation_model/datasets/astribot_lerobotv3//dry_clothes_grasp_whb_20260624_compressed', '/data/share/1919650160032350208/foundation_model/datasets/astribot_lerobotv3//dry_clothes_openandmove_bxx_20260623_compressed', '/data/share/1919650160032350208/foundation_model/datasets/astribot_lerobotv3//dry_clothes_openandmove_bxx_20260624_compressed', '/data/share/1919650160032350208/foundation_model/datasets/astribot_lerobotv3//dry_clothes_pickup_bxx_20260612_compressed', '/data/share/1919650160032350208/foundation_model/datasets/astribot_lerobotv3//dry_clothes_pickup_bxx_20260615_compressed', '/data/share/1919650160032350208/foundation_model/datasets/astribot_lerobotv3//dry_clothes_pickup_bxx_20260616_compressed', '/data/share/1919650160032350208/foundation_model/datasets/astribot_lerobotv3//dry_clothes_pickup_bxx_20260617_compressed', '/data/share/1919650160032350208/foundation_model/datasets/astribot_lerobotv3//wash_clothes_bxx_20260420_compressed', '/data/share/1919650160032350208/foundation_model/datasets/astribot_lerobotv3//wash_clothes_bxx_20260421_compressed', '/data/share/1919650160032350208/foundation_model/datasets/astribot_lerobotv3//wash_clothes_bxx_20260424_compressed', '/data/share/1919650160032350208/foundation_model/datasets/astribot_lerobotv3//wash_clothes_bxx_20260506_compressed', '/data/share/1919650160032350208/foundation_model/datasets/astribot_lerobotv3//wash_clothes_bxx_20260507_compressed', '/data/share/1919650160032350208/foundation_model/datasets/astribot_lerobotv3//wash_clothes_bxx_20260508_compressed', '/data/share/1919650160032350208/foundation_model/datasets/astribot_lerobotv3//wash_clothes_bxx_20260515_compressed', '/data/share/1919650160032350208/foundation_model/datasets/astribot_lerobotv3//wash_clothes_bxx_20260519_compressed', '/data/share/1919650160032350208/foundation_model/datasets/astribot_lerobotv3//wash_clothes_closeandmove_bxx_20260623_compressed', '/data/share/1919650160032350208/foundation_model/datasets/astribot_lerobotv3//wash_clothes_closeandmove_whb_20260623_compressed', '/data/share/1919650160032350208/foundation_model/datasets/astribot_lerobotv3//wash_clothes_hcc_20260413_compressed', '/data/share/1919650160032350208/foundation_model/datasets/astribot_lerobotv3//wash_clothes_hcc_20260414_compressed', '/data/share/1919650160032350208/foundation_model/datasets/astribot_lerobotv3//wash_clothes_opendoor_bxx_20260617_compressed', '/data/share/1919650160032350208/foundation_model/datasets/astribot_lerobotv3//wash_clothes_pickup1_bxx_20260609_compressed', '/data/share/1919650160032350208/foundation_model/datasets/astribot_lerobotv3//wash_clothes_pickup_bxx_20260525_compressed', '/data/share/1919650160032350208/foundation_model/datasets/astribot_lerobotv3//wash_clothes_pickup_bxx_20260617_compressed', '/data/share/1919650160032350208/foundation_model/datasets/astribot_lerobotv3//wash_clothes_putclothes_bxx_20260617_compressed']
[TRAIN rank=11] >>> instantiate(cfg.model) DONE
[TRAIN rank=11] >>> build_datasets() START
[TRAIN rank=11]     dataset_dirs (train): ['/data/share/1919650160032350208/foundation_model/datasets/astribot_lerobotv3//oven_new_2_fx_20260513_compressed', '/data/share/1919650160032350208/foundation_model/datasets/astribot_lerobotv3//oven_new_2_fx_20260514_compressed', '/data/share/1919650160032350208/foundation_model/datasets/astribot_lerobotv3//oven_new_2_fx_20260515_compressed', '/data/share/1919650160032350208/foundation_model/datasets/astribot_lerobotv3//oven_new_2_fx_20260518_compressed', '/data/share/1919650160032350208/foundation_model/datasets/astribot_lerobotv3//fridge_chicken_golden_zjm_20260324_compressed', '/data/share/1919650160032350208/foundation_model/datasets/astribot_lerobotv3//fridge_chicken_golden_zjm_20260325_compressed', '/data/share/1919650160032350208/foundation_model/datasets/astribot_lerobotv3//fridge_chicken_golden_zjm_20260327_compressed', '/data/share/1919650160032350208/foundation_model/datasets/astribot_lerobotv3//fridge_fruits_fx_20260508_compressed', '/data/share/1919650160032350208/foundation_model/datasets/astribot_lerobotv3//fridge_fruits_fx_20260509_compressed', '/data/share/1919650160032350208/foundation_model/datasets/astribot_lerobotv3//fridge_fruits_fx_20260511_compressed', '/data/share/1919650160032350208/foundation_model/datasets/astribot_lerobotv3//fridge_fruits_fx_20260602_compressed', '/data/share/1919650160032350208/foundation_model/datasets/astribot_lerobotv3//fridge_fruits_fx_20260603_compressed', '/data/share/1919650160032350208/foundation_model/datasets/astribot_lerobotv3//fridge_meat_fx_20260428_compressed', '/data/share/1919650160032350208/foundation_model/datasets/astribot_lerobotv3//fridge_meat_fx_20260429_compressed', '/data/share/1919650160032350208/foundation_model/datasets/astribot_lerobotv3//fridge_meat_fx_20260430_compressed', '/data/share/1919650160032350208/foundation_model/datasets/astribot_lerobotv3//fridge_salmon_golden_zjm_20260310_compressed', '/data/share/1919650160032350208/foundation_model/datasets/astribot_lerobotv3//fridge_salmon_golden_zjm_20260311_compressed', '/data/share/1919650160032350208/foundation_model/datasets/astribot_lerobotv3//fridge_salmon_golden_zjm_20260312_compressed', '/data/share/1919650160032350208/foundation_model/datasets/astribot_lerobotv3//fridge_salmon_golden_zjm_20260313_compressed', '/data/share/1919650160032350208/foundation_model/datasets/astribot_lerobotv3//fridge_salmon_zjm_20260306_compressed', '/data/share/1919650160032350208/foundation_model/datasets/astribot_lerobotv3//fridge_salmon_zjm_20260309_compressed', '/data/share/1919650160032350208/foundation_model/datasets/astribot_lerobotv3//fridge_shrimp_fx_20260423_compressed', '/data/share/1919650160032350208/foundation_model/datasets/astribot_lerobotv3//fridge_shrimp_fx_20260424_1_compressed', '/data/share/1919650160032350208/foundation_model/datasets/astribot_lerobotv3//fridge_shrimp_fx_20260424_2_compressed', '/data/share/1919650160032350208/foundation_model/datasets/astribot_lerobotv3//fridge_shrimp_fx_20260427_compressed', '/data/share/1919650160032350208/foundation_model/datasets/astribot_lerobotv3//fridge_shrimp_fx_20260428_compressed', '/data/share/1919650160032350208/foundation_model/datasets/astribot_lerobotv3//fridge_tray_middle_fx_20260610_compressed', '/data/share/1919650160032350208/foundation_model/datasets/astribot_lerobotv3//fridge_tray_middle_fx_20260611_compressed', '/data/share/1919650160032350208/foundation_model/datasets/astribot_lerobotv3//fridge_tray_middle_fx_20260615_compressed', '/data/share/1919650160032350208/foundation_model/datasets/astribot_lerobotv3//fridge_chicken_fx_20260506_compressed', '/data/share/1919650160032350208/foundation_model/datasets/astribot_lerobotv3//fridge_chicken_golden_zjm_20260323_compressed', '/data/share/1919650160032350208/foundation_model/datasets/astribot_lerobotv3//dishwasher_2_fx_20260407_compressed', '/data/share/1919650160032350208/foundation_model/datasets/astribot_lerobotv3//dishwasher_2_fx_20260409_compressed', '/data/share/1919650160032350208/foundation_model/datasets/astribot_lerobotv3//dishwasher_2_fx_20260410_compressed', '/data/share/1919650160032350208/foundation_model/datasets/astribot_lerobotv3//dishwasher_2_fx_20260529_compressed', '/data/share/1919650160032350208/foundation_model/datasets/astribot_lerobotv3//dishwasher_2_fx_20260605_compressed', '/data/share/1919650160032350208/foundation_model/datasets/astribot_lerobotv3//dishwasher_2_hcc_20260410_compressed', '/data/share/1919650160032350208/foundation_model/datasets/astribot_lerobotv3//dishwasher_2_hcc_20260416_compressed', '/data/share/1919650160032350208/foundation_model/datasets/astribot_lerobotv3//dishwasher_2_hcc_20260417_compressed', '/data/share/1919650160032350208/foundation_model/datasets/astribot_lerobotv3//dishwasher_2_hcc_20260421_compressed', '/data/share/1919650160032350208/foundation_model/datasets/astribot_lerobotv3//dishwasher_2_hcc_20260422_compressed', '/data/share/1919650160032350208/foundation_model/datasets/astribot_lerobotv3//dishwasher_2_hcc_20260423_compressed', '/data/share/1919650160032350208/foundation_model/datasets/astribot_lerobotv3//dishwasher_2_hcc_20260424_compressed', '/data/share/1919650160032350208/foundation_model/datasets/astribot_lerobotv3//dishwasher_2_hcc_20260507_compressed', '/data/share/1919650160032350208/foundation_model/datasets/astribot_lerobotv3//dishwasher_2_hcc_20260508_compressed', '/data/share/1919650160032350208/foundation_model/datasets/astribot_lerobotv3//dishwasher_2_hcc_20260509_compressed', '/data/share/1919650160032350208/foundation_model/datasets/astribot_lerobotv3//dishwasher_2_hcc_20260511_compressed', '/data/share/1919650160032350208/foundation_model/datasets/astribot_lerobotv3//dishwasher_2_hcc_20260512_compressed', '/data/share/1919650160032350208/foundation_model/datasets/astribot_lerobotv3//dishwasher_2_hcc_20260513_compressed', '/data/share/1919650160032350208/foundation_model/datasets/astribot_lerobotv3//dishwasher_2_hcc_20260518_compressed', '/data/share/1919650160032350208/foundation_model/datasets/astribot_lerobotv3//dishwasher_2_hcc_20260521_compressed', '/data/share/1919650160032350208/foundation_model/datasets/astribot_lerobotv3//dishwasher_2_hcc_20260522_compressed', '/data/share/1919650160032350208/foundation_model/datasets/astribot_lerobotv3//dishwasher_2_hcc_20260525_compressed', '/data/share/1919650160032350208/foundation_model/datasets/astribot_lerobotv3//dishwasher_2_hcc_20260526_compressed', '/data/share/1919650160032350208/foundation_model/datasets/astribot_lerobotv3//dishwasher_2_hcc_20260528_compressed', '/data/share/1919650160032350208/foundation_model/datasets/astribot_lerobotv3//dishwasher_2_hcc_20260601_compressed', '/data/share/1919650160032350208/foundation_model/datasets/astribot_lerobotv3//oven_takeout_fx_20260525_compressed', '/data/share/1919650160032350208/foundation_model/datasets/astribot_lerobotv3//oven_takeout_fx_20260526_compressed', '/data/share/1919650160032350208/foundation_model/datasets/astribot_lerobotv3//oven_takeout_fx_20260527_compressed', '/data/share/1919650160032350208/foundation_model/datasets/astribot_lerobotv3//oven_takeout_fx_20260528_compressed', '/data/share/1919650160032350208/foundation_model/datasets/astribot_lerobotv3//oven_takeout_fx_20260601_compressed', '/data/share/1919650160032350208/foundation_model/datasets/astribot_lerobotv3//oven_takeout_fx_20260608_compressed', '/data/share/1919650160032350208/foundation_model/datasets/astribot_lerobotv3//oven_takeout_fx_20260609_compressed', '/data/share/1919650160032350208/foundation_model/datasets/astribot_lerobotv3//collect_clothes_basket_bxx_20260622_compressed', '/data/share/1919650160032350208/foundation_model/datasets/astribot_lerobotv3//collect_clothes_bxx_20260528_compressed', '/data/share/1919650160032350208/foundation_model/datasets/astribot_lerobotv3//collect_clothes_bxx_20260529_compressed', '/data/share/1919650160032350208/foundation_model/datasets/astribot_lerobotv3//collect_clothes_bxx_20260601_compressed', '/data/share/1919650160032350208/foundation_model/datasets/astribot_lerobotv3//collect_clothes_bxx_20260610_compressed', '/data/share/1919650160032350208/foundation_model/datasets/astribot_lerobotv3//collect_clothes_bxx_20260611_compressed', '/data/share/1919650160032350208/foundation_model/datasets/astribot_lerobotv3//collect_clothes_bxx_20260615_compressed', '/data/share/1919650160032350208/foundation_model/datasets/astribot_lerobotv3//collect_clothes_bxx_20260616_compressed', '/data/share/1919650160032350208/foundation_model/datasets/astribot_lerobotv3//collect_clothes_fx_20260526_compressed', '/data/share/1919650160032350208/foundation_model/datasets/astribot_lerobotv3//collect_clothes_fx_20260528_compressed', '/data/share/1919650160032350208/foundation_model/datasets/astribot_lerobotv3//collect_clothes_fx_20260601_compressed', '/data/share/1919650160032350208/foundation_model/datasets/astribot_lerobotv3//collect_clothes_fx_20260604_compressed', '/data/share/1919650160032350208/foundation_model/datasets/astribot_lerobotv3//collect_clothes_fx_20260611_compressed', '/data/share/1919650160032350208/foundation_model/datasets/astribot_lerobotv3//collect_clothes_fx_20260612_compressed', '/data/share/1919650160032350208/foundation_model/datasets/astribot_lerobotv3//collect_clothes_fx_20260616_compressed', '/data/share/1919650160032350208/foundation_model/datasets/astribot_lerobotv3//collect_clothes_nearsofa_whb_20260622_compressed', '/data/share/1919650160032350208/foundation_model/datasets/astribot_lerobotv3//collect_clothes_recover_whb_20260622_compressed', '/data/share/1919650160032350208/foundation_model/datasets/astribot_lerobotv3//collect_clothes_recover_whb_20260623_compressed', '/data/share/1919650160032350208/foundation_model/datasets/astribot_lerobotv3//collect_clothes_twoclothes_bxx_20260622_compressed', '/data/share/1919650160032350208/foundation_model/datasets/astribot_lerobotv3//collect_clothes_twoclothesonthesoft_bxx_20260618_compressed', '/data/share/1919650160032350208/foundation_model/datasets/astribot_lerobotv3//collect_clothes_twoclothesonthesoft_whb_20260618_compressed', '/data/share/1919650160032350208/foundation_model/datasets/astribot_lerobotv3//collect_clothes_whb_20260615_compressed', '/data/share/1919650160032350208/foundation_model/datasets/astribot_lerobotv3//collect_clothes_whb_20260616_compressed', '/data/share/1919650160032350208/foundation_model/datasets/astribot_lerobotv3//collect_clothes_whb_20260617_compressed', '/data/share/1919650160032350208/foundation_model/datasets/astribot_lerobotv3//collect_twoclothes_onthefloor_bxx_20260610_compressed', '/data/share/1919650160032350208/foundation_model/datasets/astribot_lerobotv3//dry_clothes_bxx_20260508_compressed', '/data/share/1919650160032350208/foundation_model/datasets/astribot_lerobotv3//dry_clothes_bxx_20260509_compressed', '/data/share/1919650160032350208/foundation_model/datasets/astribot_lerobotv3//dry_clothes_bxx_20260513_compressed', '/data/share/1919650160032350208/foundation_model/datasets/astribot_lerobotv3//dry_clothes_bxx_20260514_compressed', '/data/share/1919650160032350208/foundation_model/datasets/astribot_lerobotv3//dry_clothes_bxx_20260520_compressed', '/data/share/1919650160032350208/foundation_model/datasets/astribot_lerobotv3//dry_clothes_bxx_20260521_compressed', '/data/share/1919650160032350208/foundation_model/datasets/astribot_lerobotv3//dry_clothes_bxx_20260522_compressed', '/data/share/1919650160032350208/foundation_model/datasets/astribot_lerobotv3//dry_clothes_bxx_20260527_compressed', '/data/share/1919650160032350208/foundation_model/datasets/astribot_lerobotv3//dry_clothes_bxx_20260528_compressed', '/data/share/1919650160032350208/foundation_model/datasets/astribot_lerobotv3//dry_clothes_bxx_20260601_compressed', '/data/share/1919650160032350208/foundation_model/datasets/astribot_lerobotv3//dry_clothes_bxx_20260602_compressed', '/data/share/1919650160032350208/foundation_model/datasets/astribot_lerobotv3//dry_clothes_bxx_20260603_compressed', '/data/share/1919650160032350208/foundation_model/datasets/astribot_lerobotv3//dry_clothes_bxx_20260604_compressed', '/data/share/1919650160032350208/foundation_model/datasets/astribot_lerobotv3//dry_clothes_bxx_20260605_compressed', '/data/share/1919650160032350208/foundation_model/datasets/astribot_lerobotv3//dry_clothes_bxx_20260609_compressed', '/data/share/1919650160032350208/foundation_model/datasets/astribot_lerobotv3//dry_clothes_grasp_whb_20260624_compressed', '/data/share/1919650160032350208/foundation_model/datasets/astribot_lerobotv3//dry_clothes_openandmove_bxx_20260623_compressed', '/data/share/1919650160032350208/foundation_model/datasets/astribot_lerobotv3//dry_clothes_openandmove_bxx_20260624_compressed', '/data/share/1919650160032350208/foundation_model/datasets/astribot_lerobotv3//dry_clothes_pickup_bxx_20260612_compressed', '/data/share/1919650160032350208/foundation_model/datasets/astribot_lerobotv3//dry_clothes_pickup_bxx_20260615_compressed', '/data/share/1919650160032350208/foundation_model/datasets/astribot_lerobotv3//dry_clothes_pickup_bxx_20260616_compressed', '/data/share/1919650160032350208/foundation_model/datasets/astribot_lerobotv3//dry_clothes_pickup_bxx_20260617_compressed', '/data/share/1919650160032350208/foundation_model/datasets/astribot_lerobotv3//wash_clothes_bxx_20260420_compressed', '/data/share/1919650160032350208/foundation_model/datasets/astribot_lerobotv3//wash_clothes_bxx_20260421_compressed', '/data/share/1919650160032350208/foundation_model/datasets/astribot_lerobotv3//wash_clothes_bxx_20260424_compressed', '/data/share/1919650160032350208/foundation_model/datasets/astribot_lerobotv3//wash_clothes_bxx_20260506_compressed', '/data/share/1919650160032350208/foundation_model/datasets/astribot_lerobotv3//wash_clothes_bxx_20260507_compressed', '/data/share/1919650160032350208/foundation_model/datasets/astribot_lerobotv3//wash_clothes_bxx_20260508_compressed', '/data/share/1919650160032350208/foundation_model/datasets/astribot_lerobotv3//wash_clothes_bxx_20260515_compressed', '/data/share/1919650160032350208/foundation_model/datasets/astribot_lerobotv3//wash_clothes_bxx_20260519_compressed', '/data/share/1919650160032350208/foundation_model/datasets/astribot_lerobotv3//wash_clothes_closeandmove_bxx_20260623_compressed', '/data/share/1919650160032350208/foundation_model/datasets/astribot_lerobotv3//wash_clothes_closeandmove_whb_20260623_compressed', '/data/share/1919650160032350208/foundation_model/datasets/astribot_lerobotv3//wash_clothes_hcc_20260413_compressed', '/data/share/1919650160032350208/foundation_model/datasets/astribot_lerobotv3//wash_clothes_hcc_20260414_compressed', '/data/share/1919650160032350208/foundation_model/datasets/astribot_lerobotv3//wash_clothes_opendoor_bxx_20260617_compressed', '/data/share/1919650160032350208/foundation_model/datasets/astribot_lerobotv3//wash_clothes_pickup1_bxx_20260609_compressed', '/data/share/1919650160032350208/foundation_model/datasets/astribot_lerobotv3//wash_clothes_pickup_bxx_20260525_compressed', '/data/share/1919650160032350208/foundation_model/datasets/astribot_lerobotv3//wash_clothes_pickup_bxx_20260617_compressed', '/data/share/1919650160032350208/foundation_model/datasets/astribot_lerobotv3//wash_clothes_putclothes_bxx_20260617_compressed']

Generating train split: 43767 examples [00:00, 474315.88 examples/s]

Casting the dataset:   0%|          | 0/43767 [00:00<?, ? examples/s]
Casting the dataset:   0%|          | 0/43767 [00:00<?, ? examples/s]
Casting the dataset: 100%|██████████| 43767/43767 [00:00<00:00, 1430669.80 examples/s]

Casting the dataset:   0%|          | 0/43767 [00:00<?, ? examples/s]
Casting the dataset: 100%|██████████| 43767/43767 [00:00<00:00, 1374804.18 examples/s]

Casting the dataset: 100%|██████████| 43767/43767 [00:00<00:00, 1422543.32 examples/s]
[TRAIN rank=12] >>> instantiate(cfg.model) DONE
[TRAIN rank=12] >>> build_datasets() START
[TRAIN rank=12]     dataset_dirs (train): ['/data/share/1919650160032350208/foundation_model/datasets/astribot_lerobotv3//oven_new_2_fx_20260513_compressed', '/data/share/1919650160032350208/foundation_model/datasets/astribot_lerobotv3//oven_new_2_fx_20260514_compressed', '/data/share/1919650160032350208/foundation_model/datasets/astribot_lerobotv3//oven_new_2_fx_20260515_compressed', '/data/share/1919650160032350208/foundation_model/datasets/astribot_lerobotv3//oven_new_2_fx_20260518_compressed', '/data/share/1919650160032350208/foundation_model/datasets/astribot_lerobotv3//fridge_chicken_golden_zjm_20260324_compressed', '/data/share/1919650160032350208/foundation_model/datasets/astribot_lerobotv3//fridge_chicken_golden_zjm_20260325_compressed', '/data/share/1919650160032350208/foundation_model/datasets/astribot_lerobotv3//fridge_chicken_golden_zjm_20260327_compressed', '/data/share/1919650160032350208/foundation_model/datasets/astribot_lerobotv3//fridge_fruits_fx_20260508_compressed', '/data/share/1919650160032350208/foundation_model/datasets/astribot_lerobotv3//fridge_fruits_fx_20260509_compressed', '/data/share/1919650160032350208/foundation_model/datasets/astribot_lerobotv3//fridge_fruits_fx_20260511_compressed', '/data/share/1919650160032350208/foundation_model/datasets/astribot_lerobotv3//fridge_fruits_fx_20260602_compressed', '/data/share/1919650160032350208/foundation_model/datasets/astribot_lerobotv3//fridge_fruits_fx_20260603_compressed', '/data/share/1919650160032350208/foundation_model/datasets/astribot_lerobotv3//fridge_meat_fx_20260428_compressed', '/data/share/1919650160032350208/foundation_model/datasets/astribot_lerobotv3//fridge_meat_fx_20260429_compressed', '/data/share/1919650160032350208/foundation_model/datasets/astribot_lerobotv3//fridge_meat_fx_20260430_compressed', '/data/share/1919650160032350208/foundation_model/datasets/astribot_lerobotv3//fridge_salmon_golden_zjm_20260310_compressed', '/data/share/1919650160032350208/foundation_model/datasets/astribot_lerobotv3//fridge_salmon_golden_zjm_20260311_compressed', '/data/share/1919650160032350208/foundation_model/datasets/astribot_lerobotv3//fridge_salmon_golden_zjm_20260312_compressed', '/data/share/1919650160032350208/foundation_model/datasets/astribot_lerobotv3//fridge_salmon_golden_zjm_20260313_compressed', '/data/share/1919650160032350208/foundation_model/datasets/astribot_lerobotv3//fridge_salmon_zjm_20260306_compressed', '/data/share/1919650160032350208/foundation_model/datasets/astribot_lerobotv3//fridge_salmon_zjm_20260309_compressed', '/data/share/1919650160032350208/foundation_model/datasets/astribot_lerobotv3//fridge_shrimp_fx_20260423_compressed', '/data/share/1919650160032350208/foundation_model/datasets/astribot_lerobotv3//fridge_shrimp_fx_20260424_1_compressed', '/data/share/1919650160032350208/foundation_model/datasets/astribot_lerobotv3//fridge_shrimp_fx_20260424_2_compressed', '/data/share/1919650160032350208/foundation_model/datasets/astribot_lerobotv3//fridge_shrimp_fx_20260427_compressed', '/data/share/1919650160032350208/foundation_model/datasets/astribot_lerobotv3//fridge_shrimp_fx_20260428_compressed', '/data/share/1919650160032350208/foundation_model/datasets/astribot_lerobotv3//fridge_tray_middle_fx_20260610_compressed', '/data/share/1919650160032350208/foundation_model/datasets/astribot_lerobotv3//fridge_tray_middle_fx_20260611_compressed', '/data/share/1919650160032350208/foundation_model/datasets/astribot_lerobotv3//fridge_tray_middle_fx_20260615_compressed', '/data/share/1919650160032350208/foundation_model/datasets/astribot_lerobotv3//fridge_chicken_fx_20260506_compressed', '/data/share/1919650160032350208/foundation_model/datasets/astribot_lerobotv3//fridge_chicken_golden_zjm_20260323_compressed', '/data/share/1919650160032350208/foundation_model/datasets/astribot_lerobotv3//dishwasher_2_fx_20260407_compressed', '/data/share/1919650160032350208/foundation_model/datasets/astribot_lerobotv3//dishwasher_2_fx_20260409_compressed', '/data/share/1919650160032350208/foundation_model/datasets/astribot_lerobotv3//dishwasher_2_fx_20260410_compressed', '/data/share/1919650160032350208/foundation_model/datasets/astribot_lerobotv3//dishwasher_2_fx_20260529_compressed', '/data/share/1919650160032350208/foundation_model/datasets/astribot_lerobotv3//dishwasher_2_fx_20260605_compressed', '/data/share/1919650160032350208/foundation_model/datasets/astribot_lerobotv3//dishwasher_2_hcc_20260410_compressed', '/data/share/1919650160032350208/foundation_model/datasets/astribot_lerobotv3//dishwasher_2_hcc_20260416_compressed', '/data/share/1919650160032350208/foundation_model/datasets/astribot_lerobotv3//dishwasher_2_hcc_20260417_compressed', '/data/share/1919650160032350208/foundation_model/datasets/astribot_lerobotv3//dishwasher_2_hcc_20260421_compressed', '/data/share/1919650160032350208/foundation_model/datasets/astribot_lerobotv3//dishwasher_2_hcc_20260422_compressed', '/data/share/1919650160032350208/foundation_model/datasets/astribot_lerobotv3//dishwasher_2_hcc_20260423_compressed', '/data/share/1919650160032350208/foundation_model/datasets/astribot_lerobotv3//dishwasher_2_hcc_20260424_compressed', '/data/share/1919650160032350208/foundation_model/datasets/astribot_lerobotv3//dishwasher_2_hcc_20260507_compressed', '/data/share/1919650160032350208/foundation_model/datasets/astribot_lerobotv3//dishwasher_2_hcc_20260508_compressed', '/data/share/1919650160032350208/foundation_model/datasets/astribot_lerobotv3//dishwasher_2_hcc_20260509_compressed', '/data/share/1919650160032350208/foundation_model/datasets/astribot_lerobotv3//dishwasher_2_hcc_20260511_compressed', '/data/share/1919650160032350208/foundation_model/datasets/astribot_lerobotv3//dishwasher_2_hcc_20260512_compressed', '/data/share/1919650160032350208/foundation_model/datasets/astribot_lerobotv3//dishwasher_2_hcc_20260513_compressed', '/data/share/1919650160032350208/foundation_model/datasets/astribot_lerobotv3//dishwasher_2_hcc_20260518_compressed', '/data/share/1919650160032350208/foundation_model/datasets/astribot_lerobotv3//dishwasher_2_hcc_20260521_compressed', '/data/share/1919650160032350208/foundation_model/datasets/astribot_lerobotv3//dishwasher_2_hcc_20260522_compressed', '/data/share/1919650160032350208/foundation_model/datasets/astribot_lerobotv3//dishwasher_2_hcc_20260525_compressed', '/data/share/1919650160032350208/foundation_model/datasets/astribot_lerobotv3//dishwasher_2_hcc_20260526_compressed', '/data/share/1919650160032350208/foundation_model/datasets/astribot_lerobotv3//dishwasher_2_hcc_20260528_compressed', '/data/share/1919650160032350208/foundation_model/datasets/astribot_lerobotv3//dishwasher_2_hcc_20260601_compressed', '/data/share/1919650160032350208/foundation_model/datasets/astribot_lerobotv3//oven_takeout_fx_20260525_compressed', '/data/share/1919650160032350208/foundation_model/datasets/astribot_lerobotv3//oven_takeout_fx_20260526_compressed', '/data/share/1919650160032350208/foundation_model/datasets/astribot_lerobotv3//oven_takeout_fx_20260527_compressed', '/data/share/1919650160032350208/foundation_model/datasets/astribot_lerobotv3//oven_takeout_fx_20260528_compressed', '/data/share/1919650160032350208/foundation_model/datasets/astribot_lerobotv3//oven_takeout_fx_20260601_compressed', '/data/share/1919650160032350208/foundation_model/datasets/astribot_lerobotv3//oven_takeout_fx_20260608_compressed', '/data/share/1919650160032350208/foundation_model/datasets/astribot_lerobotv3//oven_takeout_fx_20260609_compressed', '/data/share/1919650160032350208/foundation_model/datasets/astribot_lerobotv3//collect_clothes_basket_bxx_20260622_compressed', '/data/share/1919650160032350208/foundation_model/datasets/astribot_lerobotv3//collect_clothes_bxx_20260528_compressed', '/data/share/1919650160032350208/foundation_model/datasets/astribot_lerobotv3//collect_clothes_bxx_20260529_compressed', '/data/share/1919650160032350208/foundation_model/datasets/astribot_lerobotv3//collect_clothes_bxx_20260601_compressed', '/data/share/1919650160032350208/foundation_model/datasets/astribot_lerobotv3//collect_clothes_bxx_20260610_compressed', '/data/share/1919650160032350208/foundation_model/datasets/astribot_lerobotv3//collect_clothes_bxx_20260611_compressed', '/data/share/1919650160032350208/foundation_model/datasets/astribot_lerobotv3//collect_clothes_bxx_20260615_compressed', '/data/share/1919650160032350208/foundation_model/datasets/astribot_lerobotv3//collect_clothes_bxx_20260616_compressed', '/data/share/1919650160032350208/foundation_model/datasets/astribot_lerobotv3//collect_clothes_fx_20260526_compressed', '/data/share/1919650160032350208/foundation_model/datasets/astribot_lerobotv3//collect_clothes_fx_20260528_compressed', '/data/share/1919650160032350208/foundation_model/datasets/astribot_lerobotv3//collect_clothes_fx_20260601_compressed', '/data/share/1919650160032350208/foundation_model/datasets/astribot_lerobotv3//collect_clothes_fx_20260604_compressed', '/data/share/1919650160032350208/foundation_model/datasets/astribot_lerobotv3//collect_clothes_fx_20260611_compressed', '/data/share/1919650160032350208/foundation_model/datasets/astribot_lerobotv3//collect_clothes_fx_20260612_compressed', '/data/share/1919650160032350208/foundation_model/datasets/astribot_lerobotv3//collect_clothes_fx_20260616_compressed', '/data/share/1919650160032350208/foundation_model/datasets/astribot_lerobotv3//collect_clothes_nearsofa_whb_20260622_compressed', '/data/share/1919650160032350208/foundation_model/datasets/astribot_lerobotv3//collect_clothes_recover_whb_20260622_compressed', '/data/share/1919650160032350208/foundation_model/datasets/astribot_lerobotv3//collect_clothes_recover_whb_20260623_compressed', '/data/share/1919650160032350208/foundation_model/datasets/astribot_lerobotv3//collect_clothes_twoclothes_bxx_20260622_compressed', '/data/share/1919650160032350208/foundation_model/datasets/astribot_lerobotv3//collect_clothes_twoclothesonthesoft_bxx_20260618_compressed', '/data/share/1919650160032350208/foundation_model/datasets/astribot_lerobotv3//collect_clothes_twoclothesonthesoft_whb_20260618_compressed', '/data/share/1919650160032350208/foundation_model/datasets/astribot_lerobotv3//collect_clothes_whb_20260615_compressed', '/data/share/1919650160032350208/foundation_model/datasets/astribot_lerobotv3//collect_clothes_whb_20260616_compressed', '/data/share/1919650160032350208/foundation_model/datasets/astribot_lerobotv3//collect_clothes_whb_20260617_compressed', '/data/share/1919650160032350208/foundation_model/datasets/astribot_lerobotv3//collect_twoclothes_onthefloor_bxx_20260610_compressed', '/data/share/1919650160032350208/foundation_model/datasets/astribot_lerobotv3//dry_clothes_bxx_20260508_compressed', '/data/share/1919650160032350208/foundation_model/datasets/astribot_lerobotv3//dry_clothes_bxx_20260509_compressed', '/data/share/1919650160032350208/foundation_model/datasets/astribot_lerobotv3//dry_clothes_bxx_20260513_compressed', '/data/share/1919650160032350208/foundation_model/datasets/astribot_lerobotv3//dry_clothes_bxx_20260514_compressed', '/data/share/1919650160032350208/foundation_model/datasets/astribot_lerobotv3//dry_clothes_bxx_20260520_compressed', '/data/share/1919650160032350208/foundation_model/datasets/astribot_lerobotv3//dry_clothes_bxx_20260521_compressed', '/data/share/1919650160032350208/foundation_model/datasets/astribot_lerobotv3//dry_clothes_bxx_20260522_compressed', '/data/share/1919650160032350208/foundation_model/datasets/astribot_lerobotv3//dry_clothes_bxx_20260527_compressed', '/data/share/1919650160032350208/foundation_model/datasets/astribot_lerobotv3//dry_clothes_bxx_20260528_compressed', '/data/share/1919650160032350208/foundation_model/datasets/astribot_lerobotv3//dry_clothes_bxx_20260601_compressed', '/data/share/1919650160032350208/foundation_model/datasets/astribot_lerobotv3//dry_clothes_bxx_20260602_compressed', '/data/share/1919650160032350208/foundation_model/datasets/astribot_lerobotv3//dry_clothes_bxx_20260603_compressed', '/data/share/1919650160032350208/foundation_model/datasets/astribot_lerobotv3//dry_clothes_bxx_20260604_compressed', '/data/share/1919650160032350208/foundation_model/datasets/astribot_lerobotv3//dry_clothes_bxx_20260605_compressed', '/data/share/1919650160032350208/foundation_model/datasets/astribot_lerobotv3//dry_clothes_bxx_20260609_compressed', '/data/share/1919650160032350208/foundation_model/datasets/astribot_lerobotv3//dry_clothes_grasp_whb_20260624_compressed', '/data/share/1919650160032350208/foundation_model/datasets/astribot_lerobotv3//dry_clothes_openandmove_bxx_20260623_compressed', '/data/share/1919650160032350208/foundation_model/datasets/astribot_lerobotv3//dry_clothes_openandmove_bxx_20260624_compressed', '/data/share/1919650160032350208/foundation_model/datasets/astribot_lerobotv3//dry_clothes_pickup_bxx_20260612_compressed', '/data/share/1919650160032350208/foundation_model/datasets/astribot_lerobotv3//dry_clothes_pickup_bxx_20260615_compressed', '/data/share/1919650160032350208/foundation_model/datasets/astribot_lerobotv3//dry_clothes_pickup_bxx_20260616_compressed', '/data/share/1919650160032350208/foundation_model/datasets/astribot_lerobotv3//dry_clothes_pickup_bxx_20260617_compressed', '/data/share/1919650160032350208/foundation_model/datasets/astribot_lerobotv3//wash_clothes_bxx_20260420_compressed', '/data/share/1919650160032350208/foundation_model/datasets/astribot_lerobotv3//wash_clothes_bxx_20260421_compressed', '/data/share/1919650160032350208/foundation_model/datasets/astribot_lerobotv3//wash_clothes_bxx_20260424_compressed', '/data/share/1919650160032350208/foundation_model/datasets/astribot_lerobotv3//wash_clothes_bxx_20260506_compressed', '/data/share/1919650160032350208/foundation_model/datasets/astribot_lerobotv3//wash_clothes_bxx_20260507_compressed', '/data/share/1919650160032350208/foundation_model/datasets/astribot_lerobotv3//wash_clothes_bxx_20260508_compressed', '/data/share/1919650160032350208/foundation_model/datasets/astribot_lerobotv3//wash_clothes_bxx_20260515_compressed', '/data/share/1919650160032350208/foundation_model/datasets/astribot_lerobotv3//wash_clothes_bxx_20260519_compressed', '/data/share/1919650160032350208/foundation_model/datasets/astribot_lerobotv3//wash_clothes_closeandmove_bxx_20260623_compressed', '/data/share/1919650160032350208/foundation_model/datasets/astribot_lerobotv3//wash_clothes_closeandmove_whb_20260623_compressed', '/data/share/1919650160032350208/foundation_model/datasets/astribot_lerobotv3//wash_clothes_hcc_20260413_compressed', '/data/share/1919650160032350208/foundation_model/datasets/astribot_lerobotv3//wash_clothes_hcc_20260414_compressed', '/data/share/1919650160032350208/foundation_model/datasets/astribot_lerobotv3//wash_clothes_opendoor_bxx_20260617_compressed', '/data/share/1919650160032350208/foundation_model/datasets/astribot_lerobotv3//wash_clothes_pickup1_bxx_20260609_compressed', '/data/share/1919650160032350208/foundation_model/datasets/astribot_lerobotv3//wash_clothes_pickup_bxx_20260525_compressed', '/data/share/1919650160032350208/foundation_model/datasets/astribot_lerobotv3//wash_clothes_pickup_bxx_20260617_compressed', '/data/share/1919650160032350208/foundation_model/datasets/astribot_lerobotv3//wash_clothes_putclothes_bxx_20260617_compressed']

Generating train split: 0 examples [00:00, ? examples/s]
Generating train split: 45737 examples [00:00, 451538.75 examples/s]
Generating train split: 98013 examples [00:00, 487231.62 examples/s]

Casting the dataset:   0%|          | 0/98013 [00:00<?, ? examples/s]
Casting the dataset:   0%|          | 0/98013 [00:00<?, ? examples/s]
Casting the dataset:   0%|          | 0/98013 [00:00<?, ? examples/s]
Casting the dataset: 100%|██████████| 98013/98013 [00:00<00:00, 1466786.73 examples/s]

Casting the dataset: 100%|██████████| 98013/98013 [00:00<00:00, 1478200.10 examples/s]

Casting the dataset: 100%|██████████| 98013/98013 [00:00<00:00, 1483539.88 examples/s]

Generating train split: 0 examples [00:00, ? examples/s]
Generating train split: 48261 examples [00:00, 479327.18 examples/s]
Generating train split: 70883 examples [00:00, 499704.77 examples/s]

Casting the dataset:   0%|          | 0/70883 [00:00<?, ? examples/s]
Casting the dataset:   0%|          | 0/70883 [00:00<?, ? examples/s]
Casting the dataset:   0%|          | 0/70883 [00:00<?, ? examples/s]
Casting the dataset: 100%|██████████| 70883/70883 [00:00<00:00, 1450409.07 examples/s]

Casting the dataset: 100%|██████████| 70883/70883 [00:00<00:00, 1445676.66 examples/s]

Casting the dataset: 100%|██████████| 70883/70883 [00:00<00:00, 1424296.73 examples/s]

Casting the dataset:   0%|          | 0/143295 [00:00<?, ? examples/s]
Casting the dataset: 100%|██████████| 143295/143295 [00:00<00:00, 1419089.67 examples/s]
Casting the dataset: 100%|██████████| 143295/143295 [00:00<00:00, 1357507.32 examples/s]

Generating train split: 0 examples [00:00, ? examples/s]
Casting the dataset:   0%|          | 0/189453 [00:00<?, ? examples/s]
Generating train split: 31453 examples [00:00, 303516.49 examples/s]
Casting the dataset:  77%|███████▋  | 145000/189453 [00:00<00:00, 1428383.05 examples/s]
Casting the dataset: 100%|██████████| 189453/189453 [00:00<00:00, 1377691.41 examples/s]

Generating train split: 69621 examples [00:00, 347265.05 examples/s][TRAIN rank=8] >>> instantiate(cfg.model) DONE
[TRAIN rank=8] >>> build_datasets() START
[TRAIN rank=8]     dataset_dirs (train): ['/data/share/1919650160032350208/foundation_model/datasets/astribot_lerobotv3//oven_new_2_fx_20260513_compressed', '/data/share/1919650160032350208/foundation_model/datasets/astribot_lerobotv3//oven_new_2_fx_20260514_compressed', '/data/share/1919650160032350208/foundation_model/datasets/astribot_lerobotv3//oven_new_2_fx_20260515_compressed', '/data/share/1919650160032350208/foundation_model/datasets/astribot_lerobotv3//oven_new_2_fx_20260518_compressed', '/data/share/1919650160032350208/foundation_model/datasets/astribot_lerobotv3//fridge_chicken_golden_zjm_20260324_compressed', '/data/share/1919650160032350208/foundation_model/datasets/astribot_lerobotv3//fridge_chicken_golden_zjm_20260325_compressed', '/data/share/1919650160032350208/foundation_model/datasets/astribot_lerobotv3//fridge_chicken_golden_zjm_20260327_compressed', '/data/share/1919650160032350208/foundation_model/datasets/astribot_lerobotv3//fridge_fruits_fx_20260508_compressed', '/data/share/1919650160032350208/foundation_model/datasets/astribot_lerobotv3//fridge_fruits_fx_20260509_compressed', '/data/share/1919650160032350208/foundation_model/datasets/astribot_lerobotv3//fridge_fruits_fx_20260511_compressed', '/data/share/1919650160032350208/foundation_model/datasets/astribot_lerobotv3//fridge_fruits_fx_20260602_compressed', '/data/share/1919650160032350208/foundation_model/datasets/astribot_lerobotv3//fridge_fruits_fx_20260603_compressed', '/data/share/1919650160032350208/foundation_model/datasets/astribot_lerobotv3//fridge_meat_fx_20260428_compressed', '/data/share/1919650160032350208/foundation_model/datasets/astribot_lerobotv3//fridge_meat_fx_20260429_compressed', '/data/share/1919650160032350208/foundation_model/datasets/astribot_lerobotv3//fridge_meat_fx_20260430_compressed', '/data/share/1919650160032350208/foundation_model/datasets/astribot_lerobotv3//fridge_salmon_golden_zjm_20260310_compressed', '/data/share/1919650160032350208/foundation_model/datasets/astribot_lerobotv3//fridge_salmon_golden_zjm_20260311_compressed', '/data/share/1919650160032350208/foundation_model/datasets/astribot_lerobotv3//fridge_salmon_golden_zjm_20260312_compressed', '/data/share/1919650160032350208/foundation_model/datasets/astribot_lerobotv3//fridge_salmon_golden_zjm_20260313_compressed', '/data/share/1919650160032350208/foundation_model/datasets/astribot_lerobotv3//fridge_salmon_zjm_20260306_compressed', '/data/share/1919650160032350208/foundation_model/datasets/astribot_lerobotv3//fridge_salmon_zjm_20260309_compressed', '/data/share/1919650160032350208/foundation_model/datasets/astribot_lerobotv3//fridge_shrimp_fx_20260423_compressed', '/data/share/1919650160032350208/foundation_model/datasets/astribot_lerobotv3//fridge_shrimp_fx_20260424_1_compressed', '/data/share/1919650160032350208/foundation_model/datasets/astribot_lerobotv3//fridge_shrimp_fx_20260424_2_compressed', '/data/share/1919650160032350208/foundation_model/datasets/astribot_lerobotv3//fridge_shrimp_fx_20260427_compressed', '/data/share/1919650160032350208/foundation_model/datasets/astribot_lerobotv3//fridge_shrimp_fx_20260428_compressed', '/data/share/1919650160032350208/foundation_model/datasets/astribot_lerobotv3//fridge_tray_middle_fx_20260610_compressed', '/data/share/1919650160032350208/foundation_model/datasets/astribot_lerobotv3//fridge_tray_middle_fx_20260611_compressed', '/data/share/1919650160032350208/foundation_model/datasets/astribot_lerobotv3//fridge_tray_middle_fx_20260615_compressed', '/data/share/1919650160032350208/foundation_model/datasets/astribot_lerobotv3//fridge_chicken_fx_20260506_compressed', '/data/share/1919650160032350208/foundation_model/datasets/astribot_lerobotv3//fridge_chicken_golden_zjm_20260323_compressed', '/data/share/1919650160032350208/foundation_model/datasets/astribot_lerobotv3//dishwasher_2_fx_20260407_compressed', '/data/share/1919650160032350208/foundation_model/datasets/astribot_lerobotv3//dishwasher_2_fx_20260409_compressed', '/data/share/1919650160032350208/foundation_model/datasets/astribot_lerobotv3//dishwasher_2_fx_20260410_compressed', '/data/share/1919650160032350208/foundation_model/datasets/astribot_lerobotv3//dishwasher_2_fx_20260529_compressed', '/data/share/1919650160032350208/foundation_model/datasets/astribot_lerobotv3//dishwasher_2_fx_20260605_compressed', '/data/share/1919650160032350208/foundation_model/datasets/astribot_lerobotv3//dishwasher_2_hcc_20260410_compressed', '/data/share/1919650160032350208/foundation_model/datasets/astribot_lerobotv3//dishwasher_2_hcc_20260416_compressed', '/data/share/1919650160032350208/foundation_model/datasets/astribot_lerobotv3//dishwasher_2_hcc_20260417_compressed', '/data/share/1919650160032350208/foundation_model/datasets/astribot_lerobotv3//dishwasher_2_hcc_20260421_compressed', '/data/share/1919650160032350208/foundation_model/datasets/astribot_lerobotv3//dishwasher_2_hcc_20260422_compressed', '/data/share/1919650160032350208/foundation_model/datasets/astribot_lerobotv3//dishwasher_2_hcc_20260423_compressed', '/data/share/1919650160032350208/foundation_model/datasets/astribot_lerobotv3//dishwasher_2_hcc_20260424_compressed', '/data/share/1919650160032350208/foundation_model/datasets/astribot_lerobotv3//dishwasher_2_hcc_20260507_compressed', '/data/share/1919650160032350208/foundation_model/datasets/astribot_lerobotv3//dishwasher_2_hcc_20260508_compressed', '/data/share/1919650160032350208/foundation_model/datasets/astribot_lerobotv3//dishwasher_2_hcc_20260509_compressed', '/data/share/1919650160032350208/foundation_model/datasets/astribot_lerobotv3//dishwasher_2_hcc_20260511_compressed', '/data/share/1919650160032350208/foundation_model/datasets/astribot_lerobotv3//dishwasher_2_hcc_20260512_compressed', '/data/share/1919650160032350208/foundation_model/datasets/astribot_lerobotv3//dishwasher_2_hcc_20260513_compressed', '/data/share/1919650160032350208/foundation_model/datasets/astribot_lerobotv3//dishwasher_2_hcc_20260518_compressed', '/data/share/1919650160032350208/foundation_model/datasets/astribot_lerobotv3//dishwasher_2_hcc_20260521_compressed', '/data/share/1919650160032350208/foundation_model/datasets/astribot_lerobotv3//dishwasher_2_hcc_20260522_compressed', '/data/share/1919650160032350208/foundation_model/datasets/astribot_lerobotv3//dishwasher_2_hcc_20260525_compressed', '/data/share/1919650160032350208/foundation_model/datasets/astribot_lerobotv3//dishwasher_2_hcc_20260526_compressed', '/data/share/1919650160032350208/foundation_model/datasets/astribot_lerobotv3//dishwasher_2_hcc_20260528_compressed', '/data/share/1919650160032350208/foundation_model/datasets/astribot_lerobotv3//dishwasher_2_hcc_20260601_compressed', '/data/share/1919650160032350208/foundation_model/datasets/astribot_lerobotv3//oven_takeout_fx_20260525_compressed', '/data/share/1919650160032350208/foundation_model/datasets/astribot_lerobotv3//oven_takeout_fx_20260526_compressed', '/data/share/1919650160032350208/foundation_model/datasets/astribot_lerobotv3//oven_takeout_fx_20260527_compressed', '/data/share/1919650160032350208/foundation_model/datasets/astribot_lerobotv3//oven_takeout_fx_20260528_compressed', '/data/share/1919650160032350208/foundation_model/datasets/astribot_lerobotv3//oven_takeout_fx_20260601_compressed', '/data/share/1919650160032350208/foundation_model/datasets/astribot_lerobotv3//oven_takeout_fx_20260608_compressed', '/data/share/1919650160032350208/foundation_model/datasets/astribot_lerobotv3//oven_takeout_fx_20260609_compressed', '/data/share/1919650160032350208/foundation_model/datasets/astribot_lerobotv3//collect_clothes_basket_bxx_20260622_compressed', '/data/share/1919650160032350208/foundation_model/datasets/astribot_lerobotv3//collect_clothes_bxx_20260528_compressed', '/data/share/1919650160032350208/foundation_model/datasets/astribot_lerobotv3//collect_clothes_bxx_20260529_compressed', '/data/share/1919650160032350208/foundation_model/datasets/astribot_lerobotv3//collect_clothes_bxx_20260601_compressed', '/data/share/1919650160032350208/foundation_model/datasets/astribot_lerobotv3//collect_clothes_bxx_20260610_compressed', '/data/share/1919650160032350208/foundation_model/datasets/astribot_lerobotv3//collect_clothes_bxx_20260611_compressed', '/data/share/1919650160032350208/foundation_model/datasets/astribot_lerobotv3//collect_clothes_bxx_20260615_compressed', '/data/share/1919650160032350208/foundation_model/datasets/astribot_lerobotv3//collect_clothes_bxx_20260616_compressed', '/data/share/1919650160032350208/foundation_model/datasets/astribot_lerobotv3//collect_clothes_fx_20260526_compressed', '/data/share/1919650160032350208/foundation_model/datasets/astribot_lerobotv3//collect_clothes_fx_20260528_compressed', '/data/share/1919650160032350208/foundation_model/datasets/astribot_lerobotv3//collect_clothes_fx_20260601_compressed', '/data/share/1919650160032350208/foundation_model/datasets/astribot_lerobotv3//collect_clothes_fx_20260604_compressed', '/data/share/1919650160032350208/foundation_model/datasets/astribot_lerobotv3//collect_clothes_fx_20260611_compressed', '/data/share/1919650160032350208/foundation_model/datasets/astribot_lerobotv3//collect_clothes_fx_20260612_compressed', '/data/share/1919650160032350208/foundation_model/datasets/astribot_lerobotv3//collect_clothes_fx_20260616_compressed', '/data/share/1919650160032350208/foundation_model/datasets/astribot_lerobotv3//collect_clothes_nearsofa_whb_20260622_compressed', '/data/share/1919650160032350208/foundation_model/datasets/astribot_lerobotv3//collect_clothes_recover_whb_20260622_compressed', '/data/share/1919650160032350208/foundation_model/datasets/astribot_lerobotv3//collect_clothes_recover_whb_20260623_compressed', '/data/share/1919650160032350208/foundation_model/datasets/astribot_lerobotv3//collect_clothes_twoclothes_bxx_20260622_compressed', '/data/share/1919650160032350208/foundation_model/datasets/astribot_lerobotv3//collect_clothes_twoclothesonthesoft_bxx_20260618_compressed', '/data/share/1919650160032350208/foundation_model/datasets/astribot_lerobotv3//collect_clothes_twoclothesonthesoft_whb_20260618_compressed', '/data/share/1919650160032350208/foundation_model/datasets/astribot_lerobotv3//collect_clothes_whb_20260615_compressed', '/data/share/1919650160032350208/foundation_model/datasets/astribot_lerobotv3//collect_clothes_whb_20260616_compressed', '/data/share/1919650160032350208/foundation_model/datasets/astribot_lerobotv3//collect_clothes_whb_20260617_compressed', '/data/share/1919650160032350208/foundation_model/datasets/astribot_lerobotv3//collect_twoclothes_onthefloor_bxx_20260610_compressed', '/data/share/1919650160032350208/foundation_model/datasets/astribot_lerobotv3//dry_clothes_bxx_20260508_compressed', '/data/share/1919650160032350208/foundation_model/datasets/astribot_lerobotv3//dry_clothes_bxx_20260509_compressed', '/data/share/1919650160032350208/foundation_model/datasets/astribot_lerobotv3//dry_clothes_bxx_20260513_compressed', '/data/share/1919650160032350208/foundation_model/datasets/astribot_lerobotv3//dry_clothes_bxx_20260514_compressed', '/data/share/1919650160032350208/foundation_model/datasets/astribot_lerobotv3//dry_clothes_bxx_20260520_compressed', '/data/share/1919650160032350208/foundation_model/datasets/astribot_lerobotv3//dry_clothes_bxx_20260521_compressed', '/data/share/1919650160032350208/foundation_model/datasets/astribot_lerobotv3//dry_clothes_bxx_20260522_compressed', '/data/share/1919650160032350208/foundation_model/datasets/astribot_lerobotv3//dry_clothes_bxx_20260527_compressed', '/data/share/1919650160032350208/foundation_model/datasets/astribot_lerobotv3//dry_clothes_bxx_20260528_compressed', '/data/share/1919650160032350208/foundation_model/datasets/astribot_lerobotv3//dry_clothes_bxx_20260601_compressed', '/data/share/1919650160032350208/foundation_model/datasets/astribot_lerobotv3//dry_clothes_bxx_20260602_compressed', '/data/share/1919650160032350208/foundation_model/datasets/astribot_lerobotv3//dry_clothes_bxx_20260603_compressed', '/data/share/1919650160032350208/foundation_model/datasets/astribot_lerobotv3//dry_clothes_bxx_20260604_compressed', '/data/share/1919650160032350208/foundation_model/datasets/astribot_lerobotv3//dry_clothes_bxx_20260605_compressed', '/data/share/1919650160032350208/foundation_model/datasets/astribot_lerobotv3//dry_clothes_bxx_20260609_compressed', '/data/share/1919650160032350208/foundation_model/datasets/astribot_lerobotv3//dry_clothes_grasp_whb_20260624_compressed', '/data/share/1919650160032350208/foundation_model/datasets/astribot_lerobotv3//dry_clothes_openandmove_bxx_20260623_compressed', '/data/share/1919650160032350208/foundation_model/datasets/astribot_lerobotv3//dry_clothes_openandmove_bxx_20260624_compressed', '/data/share/1919650160032350208/foundation_model/datasets/astribot_lerobotv3//dry_clothes_pickup_bxx_20260612_compressed', '/data/share/1919650160032350208/foundation_model/datasets/astribot_lerobotv3//dry_clothes_pickup_bxx_20260615_compressed', '/data/share/1919650160032350208/foundation_model/datasets/astribot_lerobotv3//dry_clothes_pickup_bxx_20260616_compressed', '/data/share/1919650160032350208/foundation_model/datasets/astribot_lerobotv3//dry_clothes_pickup_bxx_20260617_compressed', '/data/share/1919650160032350208/foundation_model/datasets/astribot_lerobotv3//wash_clothes_bxx_20260420_compressed', '/data/share/1919650160032350208/foundation_model/datasets/astribot_lerobotv3//wash_clothes_bxx_20260421_compressed', '/data/share/1919650160032350208/foundation_model/datasets/astribot_lerobotv3//wash_clothes_bxx_20260424_compressed', '/data/share/1919650160032350208/foundation_model/datasets/astribot_lerobotv3//wash_clothes_bxx_20260506_compressed', '/data/share/1919650160032350208/foundation_model/datasets/astribot_lerobotv3//wash_clothes_bxx_20260507_compressed', '/data/share/1919650160032350208/foundation_model/datasets/astribot_lerobotv3//wash_clothes_bxx_20260508_compressed', '/data/share/1919650160032350208/foundation_model/datasets/astribot_lerobotv3//wash_clothes_bxx_20260515_compressed', '/data/share/1919650160032350208/foundation_model/datasets/astribot_lerobotv3//wash_clothes_bxx_20260519_compressed', '/data/share/1919650160032350208/foundation_model/datasets/astribot_lerobotv3//wash_clothes_closeandmove_bxx_20260623_compressed', '/data/share/1919650160032350208/foundation_model/datasets/astribot_lerobotv3//wash_clothes_closeandmove_whb_20260623_compressed', '/data/share/1919650160032350208/foundation_model/datasets/astribot_lerobotv3//wash_clothes_hcc_20260413_compressed', '/data/share/1919650160032350208/foundation_model/datasets/astribot_lerobotv3//wash_clothes_hcc_20260414_compressed', '/data/share/1919650160032350208/foundation_model/datasets/astribot_lerobotv3//wash_clothes_opendoor_bxx_20260617_compressed', '/data/share/1919650160032350208/foundation_model/datasets/astribot_lerobotv3//wash_clothes_pickup1_bxx_20260609_compressed', '/data/share/1919650160032350208/foundation_model/datasets/astribot_lerobotv3//wash_clothes_pickup_bxx_20260525_compressed', '/data/share/1919650160032350208/foundation_model/datasets/astribot_lerobotv3//wash_clothes_pickup_bxx_20260617_compressed', '/data/share/1919650160032350208/foundation_model/datasets/astribot_lerobotv3//wash_clothes_putclothes_bxx_20260617_compressed']
[TRAIN rank=14] >>> instantiate(cfg.model) DONE
[TRAIN rank=14] >>> build_datasets() START
[TRAIN rank=14]     dataset_dirs (train): ['/data/share/1919650160032350208/foundation_model/datasets/astribot_lerobotv3//oven_new_2_fx_20260513_compressed', '/data/share/1919650160032350208/foundation_model/datasets/astribot_lerobotv3//oven_new_2_fx_20260514_compressed', '/data/share/1919650160032350208/foundation_model/datasets/astribot_lerobotv3//oven_new_2_fx_20260515_compressed', '/data/share/1919650160032350208/foundation_model/datasets/astribot_lerobotv3//oven_new_2_fx_20260518_compressed', '/data/share/1919650160032350208/foundation_model/datasets/astribot_lerobotv3//fridge_chicken_golden_zjm_20260324_compressed', '/data/share/1919650160032350208/foundation_model/datasets/astribot_lerobotv3//fridge_chicken_golden_zjm_20260325_compressed', '/data/share/1919650160032350208/foundation_model/datasets/astribot_lerobotv3//fridge_chicken_golden_zjm_20260327_compressed', '/data/share/1919650160032350208/foundation_model/datasets/astribot_lerobotv3//fridge_fruits_fx_20260508_compressed', '/data/share/1919650160032350208/foundation_model/datasets/astribot_lerobotv3//fridge_fruits_fx_20260509_compressed', '/data/share/1919650160032350208/foundation_model/datasets/astribot_lerobotv3//fridge_fruits_fx_20260511_compressed', '/data/share/1919650160032350208/foundation_model/datasets/astribot_lerobotv3//fridge_fruits_fx_20260602_compressed', '/data/share/1919650160032350208/foundation_model/datasets/astribot_lerobotv3//fridge_fruits_fx_20260603_compressed', '/data/share/1919650160032350208/foundation_model/datasets/astribot_lerobotv3//fridge_meat_fx_20260428_compressed', '/data/share/1919650160032350208/foundation_model/datasets/astribot_lerobotv3//fridge_meat_fx_20260429_compressed', '/data/share/1919650160032350208/foundation_model/datasets/astribot_lerobotv3//fridge_meat_fx_20260430_compressed', '/data/share/1919650160032350208/foundation_model/datasets/astribot_lerobotv3//fridge_salmon_golden_zjm_20260310_compressed', '/data/share/1919650160032350208/foundation_model/datasets/astribot_lerobotv3//fridge_salmon_golden_zjm_20260311_compressed', '/data/share/1919650160032350208/foundation_model/datasets/astribot_lerobotv3//fridge_salmon_golden_zjm_20260312_compressed', '/data/share/1919650160032350208/foundation_model/datasets/astribot_lerobotv3//fridge_salmon_golden_zjm_20260313_compressed', '/data/share/1919650160032350208/foundation_model/datasets/astribot_lerobotv3//fridge_salmon_zjm_20260306_compressed', '/data/share/1919650160032350208/foundation_model/datasets/astribot_lerobotv3//fridge_salmon_zjm_20260309_compressed', '/data/share/1919650160032350208/foundation_model/datasets/astribot_lerobotv3//fridge_shrimp_fx_20260423_compressed', '/data/share/1919650160032350208/foundation_model/datasets/astribot_lerobotv3//fridge_shrimp_fx_20260424_1_compressed', '/data/share/1919650160032350208/foundation_model/datasets/astribot_lerobotv3//fridge_shrimp_fx_20260424_2_compressed', '/data/share/1919650160032350208/foundation_model/datasets/astribot_lerobotv3//fridge_shrimp_fx_20260427_compressed', '/data/share/1919650160032350208/foundation_model/datasets/astribot_lerobotv3//fridge_shrimp_fx_20260428_compressed', '/data/share/1919650160032350208/foundation_model/datasets/astribot_lerobotv3//fridge_tray_middle_fx_20260610_compressed', '/data/share/1919650160032350208/foundation_model/datasets/astribot_lerobotv3//fridge_tray_middle_fx_20260611_compressed', '/data/share/1919650160032350208/foundation_model/datasets/astribot_lerobotv3//fridge_tray_middle_fx_20260615_compressed', '/data/share/1919650160032350208/foundation_model/datasets/astribot_lerobotv3//fridge_chicken_fx_20260506_compressed', '/data/share/1919650160032350208/foundation_model/datasets/astribot_lerobotv3//fridge_chicken_golden_zjm_20260323_compressed', '/data/share/1919650160032350208/foundation_model/datasets/astribot_lerobotv3//dishwasher_2_fx_20260407_compressed', '/data/share/1919650160032350208/foundation_model/datasets/astribot_lerobotv3//dishwasher_2_fx_20260409_compressed', '/data/share/1919650160032350208/foundation_model/datasets/astribot_lerobotv3//dishwasher_2_fx_20260410_compressed', '/data/share/1919650160032350208/foundation_model/datasets/astribot_lerobotv3//dishwasher_2_fx_20260529_compressed', '/data/share/1919650160032350208/foundation_model/datasets/astribot_lerobotv3//dishwasher_2_fx_20260605_compressed', '/data/share/1919650160032350208/foundation_model/datasets/astribot_lerobotv3//dishwasher_2_hcc_20260410_compressed', '/data/share/1919650160032350208/foundation_model/datasets/astribot_lerobotv3//dishwasher_2_hcc_20260416_compressed', '/data/share/1919650160032350208/foundation_model/datasets/astribot_lerobotv3//dishwasher_2_hcc_20260417_compressed', '/data/share/1919650160032350208/foundation_model/datasets/astribot_lerobotv3//dishwasher_2_hcc_20260421_compressed', '/data/share/1919650160032350208/foundation_model/datasets/astribot_lerobotv3//dishwasher_2_hcc_20260422_compressed', '/data/share/1919650160032350208/foundation_model/datasets/astribot_lerobotv3//dishwasher_2_hcc_20260423_compressed', '/data/share/1919650160032350208/foundation_model/datasets/astribot_lerobotv3//dishwasher_2_hcc_20260424_compressed', '/data/share/1919650160032350208/foundation_model/datasets/astribot_lerobotv3//dishwasher_2_hcc_20260507_compressed', '/data/share/1919650160032350208/foundation_model/datasets/astribot_lerobotv3//dishwasher_2_hcc_20260508_compressed', '/data/share/1919650160032350208/foundation_model/datasets/astribot_lerobotv3//dishwasher_2_hcc_20260509_compressed', '/data/share/1919650160032350208/foundation_model/datasets/astribot_lerobotv3//dishwasher_2_hcc_20260511_compressed', '/data/share/1919650160032350208/foundation_model/datasets/astribot_lerobotv3//dishwasher_2_hcc_20260512_compressed', '/data/share/1919650160032350208/foundation_model/datasets/astribot_lerobotv3//dishwasher_2_hcc_20260513_compressed', '/data/share/1919650160032350208/foundation_model/datasets/astribot_lerobotv3//dishwasher_2_hcc_20260518_compressed', '/data/share/1919650160032350208/foundation_model/datasets/astribot_lerobotv3//dishwasher_2_hcc_20260521_compressed', '/data/share/1919650160032350208/foundation_model/datasets/astribot_lerobotv3//dishwasher_2_hcc_20260522_compressed', '/data/share/1919650160032350208/foundation_model/datasets/astribot_lerobotv3//dishwasher_2_hcc_20260525_compressed', '/data/share/1919650160032350208/foundation_model/datasets/astribot_lerobotv3//dishwasher_2_hcc_20260526_compressed', '/data/share/1919650160032350208/foundation_model/datasets/astribot_lerobotv3//dishwasher_2_hcc_20260528_compressed', '/data/share/1919650160032350208/foundation_model/datasets/astribot_lerobotv3//dishwasher_2_hcc_20260601_compressed', '/data/share/1919650160032350208/foundation_model/datasets/astribot_lerobotv3//oven_takeout_fx_20260525_compressed', '/data/share/1919650160032350208/foundation_model/datasets/astribot_lerobotv3//oven_takeout_fx_20260526_compressed', '/data/share/1919650160032350208/foundation_model/datasets/astribot_lerobotv3//oven_takeout_fx_20260527_compressed', '/data/share/1919650160032350208/foundation_model/datasets/astribot_lerobotv3//oven_takeout_fx_20260528_compressed', '/data/share/1919650160032350208/foundation_model/datasets/astribot_lerobotv3//oven_takeout_fx_20260601_compressed', '/data/share/1919650160032350208/foundation_model/datasets/astribot_lerobotv3//oven_takeout_fx_20260608_compressed', '/data/share/1919650160032350208/foundation_model/datasets/astribot_lerobotv3//oven_takeout_fx_20260609_compressed', '/data/share/1919650160032350208/foundation_model/datasets/astribot_lerobotv3//collect_clothes_basket_bxx_20260622_compressed', '/data/share/1919650160032350208/foundation_model/datasets/astribot_lerobotv3//collect_clothes_bxx_20260528_compressed', '/data/share/1919650160032350208/foundation_model/datasets/astribot_lerobotv3//collect_clothes_bxx_20260529_compressed', '/data/share/1919650160032350208/foundation_model/datasets/astribot_lerobotv3//collect_clothes_bxx_20260601_compressed', '/data/share/1919650160032350208/foundation_model/datasets/astribot_lerobotv3//collect_clothes_bxx_20260610_compressed', '/data/share/1919650160032350208/foundation_model/datasets/astribot_lerobotv3//collect_clothes_bxx_20260611_compressed', '/data/share/1919650160032350208/foundation_model/datasets/astribot_lerobotv3//collect_clothes_bxx_20260615_compressed', '/data/share/1919650160032350208/foundation_model/datasets/astribot_lerobotv3//collect_clothes_bxx_20260616_compressed', '/data/share/1919650160032350208/foundation_model/datasets/astribot_lerobotv3//collect_clothes_fx_20260526_compressed', '/data/share/1919650160032350208/foundation_model/datasets/astribot_lerobotv3//collect_clothes_fx_20260528_compressed', '/data/share/1919650160032350208/foundation_model/datasets/astribot_lerobotv3//collect_clothes_fx_20260601_compressed', '/data/share/1919650160032350208/foundation_model/datasets/astribot_lerobotv3//collect_clothes_fx_20260604_compressed', '/data/share/1919650160032350208/foundation_model/datasets/astribot_lerobotv3//collect_clothes_fx_20260611_compressed', '/data/share/1919650160032350208/foundation_model/datasets/astribot_lerobotv3//collect_clothes_fx_20260612_compressed', '/data/share/1919650160032350208/foundation_model/datasets/astribot_lerobotv3//collect_clothes_fx_20260616_compressed', '/data/share/1919650160032350208/foundation_model/datasets/astribot_lerobotv3//collect_clothes_nearsofa_whb_20260622_compressed', '/data/share/1919650160032350208/foundation_model/datasets/astribot_lerobotv3//collect_clothes_recover_whb_20260622_compressed', '/data/share/1919650160032350208/foundation_model/datasets/astribot_lerobotv3//collect_clothes_recover_whb_20260623_compressed', '/data/share/1919650160032350208/foundation_model/datasets/astribot_lerobotv3//collect_clothes_twoclothes_bxx_20260622_compressed', '/data/share/1919650160032350208/foundation_model/datasets/astribot_lerobotv3//collect_clothes_twoclothesonthesoft_bxx_20260618_compressed', '/data/share/1919650160032350208/foundation_model/datasets/astribot_lerobotv3//collect_clothes_twoclothesonthesoft_whb_20260618_compressed', '/data/share/1919650160032350208/foundation_model/datasets/astribot_lerobotv3//collect_clothes_whb_20260615_compressed', '/data/share/1919650160032350208/foundation_model/datasets/astribot_lerobotv3//collect_clothes_whb_20260616_compressed', '/data/share/1919650160032350208/foundation_model/datasets/astribot_lerobotv3//collect_clothes_whb_20260617_compressed', '/data/share/1919650160032350208/foundation_model/datasets/astribot_lerobotv3//collect_twoclothes_onthefloor_bxx_20260610_compressed', '/data/share/1919650160032350208/foundation_model/datasets/astribot_lerobotv3//dry_clothes_bxx_20260508_compressed', '/data/share/1919650160032350208/foundation_model/datasets/astribot_lerobotv3//dry_clothes_bxx_20260509_compressed', '/data/share/1919650160032350208/foundation_model/datasets/astribot_lerobotv3//dry_clothes_bxx_20260513_compressed', '/data/share/1919650160032350208/foundation_model/datasets/astribot_lerobotv3//dry_clothes_bxx_20260514_compressed', '/data/share/1919650160032350208/foundation_model/datasets/astribot_lerobotv3//dry_clothes_bxx_20260520_compressed', '/data/share/1919650160032350208/foundation_model/datasets/astribot_lerobotv3//dry_clothes_bxx_20260521_compressed', '/data/share/1919650160032350208/foundation_model/datasets/astribot_lerobotv3//dry_clothes_bxx_20260522_compressed', '/data/share/1919650160032350208/foundation_model/datasets/astribot_lerobotv3//dry_clothes_bxx_20260527_compressed', '/data/share/1919650160032350208/foundation_model/datasets/astribot_lerobotv3//dry_clothes_bxx_20260528_compressed', '/data/share/1919650160032350208/foundation_model/datasets/astribot_lerobotv3//dry_clothes_bxx_20260601_compressed', '/data/share/1919650160032350208/foundation_model/datasets/astribot_lerobotv3//dry_clothes_bxx_20260602_compressed', '/data/share/1919650160032350208/foundation_model/datasets/astribot_lerobotv3//dry_clothes_bxx_20260603_compressed', '/data/share/1919650160032350208/foundation_model/datasets/astribot_lerobotv3//dry_clothes_bxx_20260604_compressed', '/data/share/1919650160032350208/foundation_model/datasets/astribot_lerobotv3//dry_clothes_bxx_20260605_compressed', '/data/share/1919650160032350208/foundation_model/datasets/astribot_lerobotv3//dry_clothes_bxx_20260609_compressed', '/data/share/1919650160032350208/foundation_model/datasets/astribot_lerobotv3//dry_clothes_grasp_whb_20260624_compressed', '/data/share/1919650160032350208/foundation_model/datasets/astribot_lerobotv3//dry_clothes_openandmove_bxx_20260623_compressed', '/data/share/1919650160032350208/foundation_model/datasets/astribot_lerobotv3//dry_clothes_openandmove_bxx_20260624_compressed', '/data/share/1919650160032350208/foundation_model/datasets/astribot_lerobotv3//dry_clothes_pickup_bxx_20260612_compressed', '/data/share/1919650160032350208/foundation_model/datasets/astribot_lerobotv3//dry_clothes_pickup_bxx_20260615_compressed', '/data/share/1919650160032350208/foundation_model/datasets/astribot_lerobotv3//dry_clothes_pickup_bxx_20260616_compressed', '/data/share/1919650160032350208/foundation_model/datasets/astribot_lerobotv3//dry_clothes_pickup_bxx_20260617_compressed', '/data/share/1919650160032350208/foundation_model/datasets/astribot_lerobotv3//wash_clothes_bxx_20260420_compressed', '/data/share/1919650160032350208/foundation_model/datasets/astribot_lerobotv3//wash_clothes_bxx_20260421_compressed', '/data/share/1919650160032350208/foundation_model/datasets/astribot_lerobotv3//wash_clothes_bxx_20260424_compressed', '/data/share/1919650160032350208/foundation_model/datasets/astribot_lerobotv3//wash_clothes_bxx_20260506_compressed', '/data/share/1919650160032350208/foundation_model/datasets/astribot_lerobotv3//wash_clothes_bxx_20260507_compressed', '/data/share/1919650160032350208/foundation_model/datasets/astribot_lerobotv3//wash_clothes_bxx_20260508_compressed', '/data/share/1919650160032350208/foundation_model/datasets/astribot_lerobotv3//wash_clothes_bxx_20260515_compressed', '/data/share/1919650160032350208/foundation_model/datasets/astribot_lerobotv3//wash_clothes_bxx_20260519_compressed', '/data/share/1919650160032350208/foundation_model/datasets/astribot_lerobotv3//wash_clothes_closeandmove_bxx_20260623_compressed', '/data/share/1919650160032350208/foundation_model/datasets/astribot_lerobotv3//wash_clothes_closeandmove_whb_20260623_compressed', '/data/share/1919650160032350208/foundation_model/datasets/astribot_lerobotv3//wash_clothes_hcc_20260413_compressed', '/data/share/1919650160032350208/foundation_model/datasets/astribot_lerobotv3//wash_clothes_hcc_20260414_compressed', '/data/share/1919650160032350208/foundation_model/datasets/astribot_lerobotv3//wash_clothes_opendoor_bxx_20260617_compressed', '/data/share/1919650160032350208/foundation_model/datasets/astribot_lerobotv3//wash_clothes_pickup1_bxx_20260609_compressed', '/data/share/1919650160032350208/foundation_model/datasets/astribot_lerobotv3//wash_clothes_pickup_bxx_20260525_compressed', '/data/share/1919650160032350208/foundation_model/datasets/astribot_lerobotv3//wash_clothes_pickup_bxx_20260617_compressed', '/data/share/1919650160032350208/foundation_model/datasets/astribot_lerobotv3//wash_clothes_putclothes_bxx_20260617_compressed']

Generating train split: 92133 examples [00:00, 351846.27 examples/s]

Casting the dataset:   0%|          | 0/92133 [00:00<?, ? examples/s]
Casting the dataset:   0%|          | 0/92133 [00:00<?, ? examples/s]
Casting the dataset:   0%|          | 0/92133 [00:00<?, ? examples/s]
Casting the dataset: 100%|██████████| 92133/92133 [00:00<00:00, 1404779.65 examples/s]

Casting the dataset: 100%|██████████| 92133/92133 [00:00<00:00, 1381122.07 examples/s]

Casting the dataset: 100%|██████████| 92133/92133 [00:00<00:00, 1434754.14 examples/s]

Casting the dataset:   0%|          | 0/163551 [00:00<?, ? examples/s][TRAIN rank=6] >>> instantiate(cfg.model) DONE
[TRAIN rank=6] >>> build_datasets() START
[TRAIN rank=6]     dataset_dirs (train): ['/data/share/1919650160032350208/foundation_model/datasets/astribot_lerobotv3//oven_new_2_fx_20260513_compressed', '/data/share/1919650160032350208/foundation_model/datasets/astribot_lerobotv3//oven_new_2_fx_20260514_compressed', '/data/share/1919650160032350208/foundation_model/datasets/astribot_lerobotv3//oven_new_2_fx_20260515_compressed', '/data/share/1919650160032350208/foundation_model/datasets/astribot_lerobotv3//oven_new_2_fx_20260518_compressed', '/data/share/1919650160032350208/foundation_model/datasets/astribot_lerobotv3//fridge_chicken_golden_zjm_20260324_compressed', '/data/share/1919650160032350208/foundation_model/datasets/astribot_lerobotv3//fridge_chicken_golden_zjm_20260325_compressed', '/data/share/1919650160032350208/foundation_model/datasets/astribot_lerobotv3//fridge_chicken_golden_zjm_20260327_compressed', '/data/share/1919650160032350208/foundation_model/datasets/astribot_lerobotv3//fridge_fruits_fx_20260508_compressed', '/data/share/1919650160032350208/foundation_model/datasets/astribot_lerobotv3//fridge_fruits_fx_20260509_compressed', '/data/share/1919650160032350208/foundation_model/datasets/astribot_lerobotv3//fridge_fruits_fx_20260511_compressed', '/data/share/1919650160032350208/foundation_model/datasets/astribot_lerobotv3//fridge_fruits_fx_20260602_compressed', '/data/share/1919650160032350208/foundation_model/datasets/astribot_lerobotv3//fridge_fruits_fx_20260603_compressed', '/data/share/1919650160032350208/foundation_model/datasets/astribot_lerobotv3//fridge_meat_fx_20260428_compressed', '/data/share/1919650160032350208/foundation_model/datasets/astribot_lerobotv3//fridge_meat_fx_20260429_compressed', '/data/share/1919650160032350208/foundation_model/datasets/astribot_lerobotv3//fridge_meat_fx_20260430_compressed', '/data/share/1919650160032350208/foundation_model/datasets/astribot_lerobotv3//fridge_salmon_golden_zjm_20260310_compressed', '/data/share/1919650160032350208/foundation_model/datasets/astribot_lerobotv3//fridge_salmon_golden_zjm_20260311_compressed', '/data/share/1919650160032350208/foundation_model/datasets/astribot_lerobotv3//fridge_salmon_golden_zjm_20260312_compressed', '/data/share/1919650160032350208/foundation_model/datasets/astribot_lerobotv3//fridge_salmon_golden_zjm_20260313_compressed', '/data/share/1919650160032350208/foundation_model/datasets/astribot_lerobotv3//fridge_salmon_zjm_20260306_compressed', '/data/share/1919650160032350208/foundation_model/datasets/astribot_lerobotv3//fridge_salmon_zjm_20260309_compressed', '/data/share/1919650160032350208/foundation_model/datasets/astribot_lerobotv3//fridge_shrimp_fx_20260423_compressed', '/data/share/1919650160032350208/foundation_model/datasets/astribot_lerobotv3//fridge_shrimp_fx_20260424_1_compressed', '/data/share/1919650160032350208/foundation_model/datasets/astribot_lerobotv3//fridge_shrimp_fx_20260424_2_compressed', '/data/share/1919650160032350208/foundation_model/datasets/astribot_lerobotv3//fridge_shrimp_fx_20260427_compressed', '/data/share/1919650160032350208/foundation_model/datasets/astribot_lerobotv3//fridge_shrimp_fx_20260428_compressed', '/data/share/1919650160032350208/foundation_model/datasets/astribot_lerobotv3//fridge_tray_middle_fx_20260610_compressed', '/data/share/1919650160032350208/foundation_model/datasets/astribot_lerobotv3//fridge_tray_middle_fx_20260611_compressed', '/data/share/1919650160032350208/foundation_model/datasets/astribot_lerobotv3//fridge_tray_middle_fx_20260615_compressed', '/data/share/1919650160032350208/foundation_model/datasets/astribot_lerobotv3//fridge_chicken_fx_20260506_compressed', '/data/share/1919650160032350208/foundation_model/datasets/astribot_lerobotv3//fridge_chicken_golden_zjm_20260323_compressed', '/data/share/1919650160032350208/foundation_model/datasets/astribot_lerobotv3//dishwasher_2_fx_20260407_compressed', '/data/share/1919650160032350208/foundation_model/datasets/astribot_lerobotv3//dishwasher_2_fx_20260409_compressed', '/data/share/1919650160032350208/foundation_model/datasets/astribot_lerobotv3//dishwasher_2_fx_20260410_compressed', '/data/share/1919650160032350208/foundation_model/datasets/astribot_lerobotv3//dishwasher_2_fx_20260529_compressed', '/data/share/1919650160032350208/foundation_model/datasets/astribot_lerobotv3//dishwasher_2_fx_20260605_compressed', '/data/share/1919650160032350208/foundation_model/datasets/astribot_lerobotv3//dishwasher_2_hcc_20260410_compressed', '/data/share/1919650160032350208/foundation_model/datasets/astribot_lerobotv3//dishwasher_2_hcc_20260416_compressed', '/data/share/1919650160032350208/foundation_model/datasets/astribot_lerobotv3//dishwasher_2_hcc_20260417_compressed', '/data/share/1919650160032350208/foundation_model/datasets/astribot_lerobotv3//dishwasher_2_hcc_20260421_compressed', '/data/share/1919650160032350208/foundation_model/datasets/astribot_lerobotv3//dishwasher_2_hcc_20260422_compressed', '/data/share/1919650160032350208/foundation_model/datasets/astribot_lerobotv3//dishwasher_2_hcc_20260423_compressed', '/data/share/1919650160032350208/foundation_model/datasets/astribot_lerobotv3//dishwasher_2_hcc_20260424_compressed', '/data/share/1919650160032350208/foundation_model/datasets/astribot_lerobotv3//dishwasher_2_hcc_20260507_compressed', '/data/share/1919650160032350208/foundation_model/datasets/astribot_lerobotv3//dishwasher_2_hcc_20260508_compressed', '/data/share/1919650160032350208/foundation_model/datasets/astribot_lerobotv3//dishwasher_2_hcc_20260509_compressed', '/data/share/1919650160032350208/foundation_model/datasets/astribot_lerobotv3//dishwasher_2_hcc_20260511_compressed', '/data/share/1919650160032350208/foundation_model/datasets/astribot_lerobotv3//dishwasher_2_hcc_20260512_compressed', '/data/share/1919650160032350208/foundation_model/datasets/astribot_lerobotv3//dishwasher_2_hcc_20260513_compressed', '/data/share/1919650160032350208/foundation_model/datasets/astribot_lerobotv3//dishwasher_2_hcc_20260518_compressed', '/data/share/1919650160032350208/foundation_model/datasets/astribot_lerobotv3//dishwasher_2_hcc_20260521_compressed', '/data/share/1919650160032350208/foundation_model/datasets/astribot_lerobotv3//dishwasher_2_hcc_20260522_compressed', '/data/share/1919650160032350208/foundation_model/datasets/astribot_lerobotv3//dishwasher_2_hcc_20260525_compressed', '/data/share/1919650160032350208/foundation_model/datasets/astribot_lerobotv3//dishwasher_2_hcc_20260526_compressed', '/data/share/1919650160032350208/foundation_model/datasets/astribot_lerobotv3//dishwasher_2_hcc_20260528_compressed', '/data/share/1919650160032350208/foundation_model/datasets/astribot_lerobotv3//dishwasher_2_hcc_20260601_compressed', '/data/share/1919650160032350208/foundation_model/datasets/astribot_lerobotv3//oven_takeout_fx_20260525_compressed', '/data/share/1919650160032350208/foundation_model/datasets/astribot_lerobotv3//oven_takeout_fx_20260526_compressed', '/data/share/1919650160032350208/foundation_model/datasets/astribot_lerobotv3//oven_takeout_fx_20260527_compressed', '/data/share/1919650160032350208/foundation_model/datasets/astribot_lerobotv3//oven_takeout_fx_20260528_compressed', '/data/share/1919650160032350208/foundation_model/datasets/astribot_lerobotv3//oven_takeout_fx_20260601_compressed', '/data/share/1919650160032350208/foundation_model/datasets/astribot_lerobotv3//oven_takeout_fx_20260608_compressed', '/data/share/1919650160032350208/foundation_model/datasets/astribot_lerobotv3//oven_takeout_fx_20260609_compressed', '/data/share/1919650160032350208/foundation_model/datasets/astribot_lerobotv3//collect_clothes_basket_bxx_20260622_compressed', '/data/share/1919650160032350208/foundation_model/datasets/astribot_lerobotv3//collect_clothes_bxx_20260528_compressed', '/data/share/1919650160032350208/foundation_model/datasets/astribot_lerobotv3//collect_clothes_bxx_20260529_compressed', '/data/share/1919650160032350208/foundation_model/datasets/astribot_lerobotv3//collect_clothes_bxx_20260601_compressed', '/data/share/1919650160032350208/foundation_model/datasets/astribot_lerobotv3//collect_clothes_bxx_20260610_compressed', '/data/share/1919650160032350208/foundation_model/datasets/astribot_lerobotv3//collect_clothes_bxx_20260611_compressed', '/data/share/1919650160032350208/foundation_model/datasets/astribot_lerobotv3//collect_clothes_bxx_20260615_compressed', '/data/share/1919650160032350208/foundation_model/datasets/astribot_lerobotv3//collect_clothes_bxx_20260616_compressed', '/data/share/1919650160032350208/foundation_model/datasets/astribot_lerobotv3//collect_clothes_fx_20260526_compressed', '/data/share/1919650160032350208/foundation_model/datasets/astribot_lerobotv3//collect_clothes_fx_20260528_compressed', '/data/share/1919650160032350208/foundation_model/datasets/astribot_lerobotv3//collect_clothes_fx_20260601_compressed', '/data/share/1919650160032350208/foundation_model/datasets/astribot_lerobotv3//collect_clothes_fx_20260604_compressed', '/data/share/1919650160032350208/foundation_model/datasets/astribot_lerobotv3//collect_clothes_fx_20260611_compressed', '/data/share/1919650160032350208/foundation_model/datasets/astribot_lerobotv3//collect_clothes_fx_20260612_compressed', '/data/share/1919650160032350208/foundation_model/datasets/astribot_lerobotv3//collect_clothes_fx_20260616_compressed', '/data/share/1919650160032350208/foundation_model/datasets/astribot_lerobotv3//collect_clothes_nearsofa_whb_20260622_compressed', '/data/share/1919650160032350208/foundation_model/datasets/astribot_lerobotv3//collect_clothes_recover_whb_20260622_compressed', '/data/share/1919650160032350208/foundation_model/datasets/astribot_lerobotv3//collect_clothes_recover_whb_20260623_compressed', '/data/share/1919650160032350208/foundation_model/datasets/astribot_lerobotv3//collect_clothes_twoclothes_bxx_20260622_compressed', '/data/share/1919650160032350208/foundation_model/datasets/astribot_lerobotv3//collect_clothes_twoclothesonthesoft_bxx_20260618_compressed', '/data/share/1919650160032350208/foundation_model/datasets/astribot_lerobotv3//collect_clothes_twoclothesonthesoft_whb_20260618_compressed', '/data/share/1919650160032350208/foundation_model/datasets/astribot_lerobotv3//collect_clothes_whb_20260615_compressed', '/data/share/1919650160032350208/foundation_model/datasets/astribot_lerobotv3//collect_clothes_whb_20260616_compressed', '/data/share/1919650160032350208/foundation_model/datasets/astribot_lerobotv3//collect_clothes_whb_20260617_compressed', '/data/share/1919650160032350208/foundation_model/datasets/astribot_lerobotv3//collect_twoclothes_onthefloor_bxx_20260610_compressed', '/data/share/1919650160032350208/foundation_model/datasets/astribot_lerobotv3//dry_clothes_bxx_20260508_compressed', '/data/share/1919650160032350208/foundation_model/datasets/astribot_lerobotv3//dry_clothes_bxx_20260509_compressed', '/data/share/1919650160032350208/foundation_model/datasets/astribot_lerobotv3//dry_clothes_bxx_20260513_compressed', '/data/share/1919650160032350208/foundation_model/datasets/astribot_lerobotv3//dry_clothes_bxx_20260514_compressed', '/data/share/1919650160032350208/foundation_model/datasets/astribot_lerobotv3//dry_clothes_bxx_20260520_compressed', '/data/share/1919650160032350208/foundation_model/datasets/astribot_lerobotv3//dry_clothes_bxx_20260521_compressed', '/data/share/1919650160032350208/foundation_model/datasets/astribot_lerobotv3//dry_clothes_bxx_20260522_compressed', '/data/share/1919650160032350208/foundation_model/datasets/astribot_lerobotv3//dry_clothes_bxx_20260527_compressed', '/data/share/1919650160032350208/foundation_model/datasets/astribot_lerobotv3//dry_clothes_bxx_20260528_compressed', '/data/share/1919650160032350208/foundation_model/datasets/astribot_lerobotv3//dry_clothes_bxx_20260601_compressed', '/data/share/1919650160032350208/foundation_model/datasets/astribot_lerobotv3//dry_clothes_bxx_20260602_compressed', '/data/share/1919650160032350208/foundation_model/datasets/astribot_lerobotv3//dry_clothes_bxx_20260603_compressed', '/data/share/1919650160032350208/foundation_model/datasets/astribot_lerobotv3//dry_clothes_bxx_20260604_compressed', '/data/share/1919650160032350208/foundation_model/datasets/astribot_lerobotv3//dry_clothes_bxx_20260605_compressed', '/data/share/1919650160032350208/foundation_model/datasets/astribot_lerobotv3//dry_clothes_bxx_20260609_compressed', '/data/share/1919650160032350208/foundation_model/datasets/astribot_lerobotv3//dry_clothes_grasp_whb_20260624_compressed', '/data/share/1919650160032350208/foundation_model/datasets/astribot_lerobotv3//dry_clothes_openandmove_bxx_20260623_compressed', '/data/share/1919650160032350208/foundation_model/datasets/astribot_lerobotv3//dry_clothes_openandmove_bxx_20260624_compressed', '/data/share/1919650160032350208/foundation_model/datasets/astribot_lerobotv3//dry_clothes_pickup_bxx_20260612_compressed', '/data/share/1919650160032350208/foundation_model/datasets/astribot_lerobotv3//dry_clothes_pickup_bxx_20260615_compressed', '/data/share/1919650160032350208/foundation_model/datasets/astribot_lerobotv3//dry_clothes_pickup_bxx_20260616_compressed', '/data/share/1919650160032350208/foundation_model/datasets/astribot_lerobotv3//dry_clothes_pickup_bxx_20260617_compressed', '/data/share/1919650160032350208/foundation_model/datasets/astribot_lerobotv3//wash_clothes_bxx_20260420_compressed', '/data/share/1919650160032350208/foundation_model/datasets/astribot_lerobotv3//wash_clothes_bxx_20260421_compressed', '/data/share/1919650160032350208/foundation_model/datasets/astribot_lerobotv3//wash_clothes_bxx_20260424_compressed', '/data/share/1919650160032350208/foundation_model/datasets/astribot_lerobotv3//wash_clothes_bxx_20260506_compressed', '/data/share/1919650160032350208/foundation_model/datasets/astribot_lerobotv3//wash_clothes_bxx_20260507_compressed', '/data/share/1919650160032350208/foundation_model/datasets/astribot_lerobotv3//wash_clothes_bxx_20260508_compressed', '/data/share/1919650160032350208/foundation_model/datasets/astribot_lerobotv3//wash_clothes_bxx_20260515_compressed', '/data/share/1919650160032350208/foundation_model/datasets/astribot_lerobotv3//wash_clothes_bxx_20260519_compressed', '/data/share/1919650160032350208/foundation_model/datasets/astribot_lerobotv3//wash_clothes_closeandmove_bxx_20260623_compressed', '/data/share/1919650160032350208/foundation_model/datasets/astribot_lerobotv3//wash_clothes_closeandmove_whb_20260623_compressed', '/data/share/1919650160032350208/foundation_model/datasets/astribot_lerobotv3//wash_clothes_hcc_20260413_compressed', '/data/share/1919650160032350208/foundation_model/datasets/astribot_lerobotv3//wash_clothes_hcc_20260414_compressed', '/data/share/1919650160032350208/foundation_model/datasets/astribot_lerobotv3//wash_clothes_opendoor_bxx_20260617_compressed', '/data/share/1919650160032350208/foundation_model/datasets/astribot_lerobotv3//wash_clothes_pickup1_bxx_20260609_compressed', '/data/share/1919650160032350208/foundation_model/datasets/astribot_lerobotv3//wash_clothes_pickup_bxx_20260525_compressed', '/data/share/1919650160032350208/foundation_model/datasets/astribot_lerobotv3//wash_clothes_pickup_bxx_20260617_compressed', '/data/share/1919650160032350208/foundation_model/datasets/astribot_lerobotv3//wash_clothes_putclothes_bxx_20260617_compressed']

Casting the dataset:  90%|████████▉ | 147000/163551 [00:00<00:00, 1449801.04 examples/s]
Casting the dataset: 100%|██████████| 163551/163551 [00:00<00:00, 1393630.61 examples/s]

Generating train split: 0 examples [00:00, ? examples/s][TRAIN rank=15] >>> instantiate(cfg.model) DONE
[TRAIN rank=15] >>> build_datasets() START
[TRAIN rank=15]     dataset_dirs (train): ['/data/share/1919650160032350208/foundation_model/datasets/astribot_lerobotv3//oven_new_2_fx_20260513_compressed', '/data/share/1919650160032350208/foundation_model/datasets/astribot_lerobotv3//oven_new_2_fx_20260514_compressed', '/data/share/1919650160032350208/foundation_model/datasets/astribot_lerobotv3//oven_new_2_fx_20260515_compressed', '/data/share/1919650160032350208/foundation_model/datasets/astribot_lerobotv3//oven_new_2_fx_20260518_compressed', '/data/share/1919650160032350208/foundation_model/datasets/astribot_lerobotv3//fridge_chicken_golden_zjm_20260324_compressed', '/data/share/1919650160032350208/foundation_model/datasets/astribot_lerobotv3//fridge_chicken_golden_zjm_20260325_compressed', '/data/share/1919650160032350208/foundation_model/datasets/astribot_lerobotv3//fridge_chicken_golden_zjm_20260327_compressed', '/data/share/1919650160032350208/foundation_model/datasets/astribot_lerobotv3//fridge_fruits_fx_20260508_compressed', '/data/share/1919650160032350208/foundation_model/datasets/astribot_lerobotv3//fridge_fruits_fx_20260509_compressed', '/data/share/1919650160032350208/foundation_model/datasets/astribot_lerobotv3//fridge_fruits_fx_20260511_compressed', '/data/share/1919650160032350208/foundation_model/datasets/astribot_lerobotv3//fridge_fruits_fx_20260602_compressed', '/data/share/1919650160032350208/foundation_model/datasets/astribot_lerobotv3//fridge_fruits_fx_20260603_compressed', '/data/share/1919650160032350208/foundation_model/datasets/astribot_lerobotv3//fridge_meat_fx_20260428_compressed', '/data/share/1919650160032350208/foundation_model/datasets/astribot_lerobotv3//fridge_meat_fx_20260429_compressed', '/data/share/1919650160032350208/foundation_model/datasets/astribot_lerobotv3//fridge_meat_fx_20260430_compressed', '/data/share/1919650160032350208/foundation_model/datasets/astribot_lerobotv3//fridge_salmon_golden_zjm_20260310_compressed', '/data/share/1919650160032350208/foundation_model/datasets/astribot_lerobotv3//fridge_salmon_golden_zjm_20260311_compressed', '/data/share/1919650160032350208/foundation_model/datasets/astribot_lerobotv3//fridge_salmon_golden_zjm_20260312_compressed', '/data/share/1919650160032350208/foundation_model/datasets/astribot_lerobotv3//fridge_salmon_golden_zjm_20260313_compressed', '/data/share/1919650160032350208/foundation_model/datasets/astribot_lerobotv3//fridge_salmon_zjm_20260306_compressed', '/data/share/1919650160032350208/foundation_model/datasets/astribot_lerobotv3//fridge_salmon_zjm_20260309_compressed', '/data/share/1919650160032350208/foundation_model/datasets/astribot_lerobotv3//fridge_shrimp_fx_20260423_compressed', '/data/share/1919650160032350208/foundation_model/datasets/astribot_lerobotv3//fridge_shrimp_fx_20260424_1_compressed', '/data/share/1919650160032350208/foundation_model/datasets/astribot_lerobotv3//fridge_shrimp_fx_20260424_2_compressed', '/data/share/1919650160032350208/foundation_model/datasets/astribot_lerobotv3//fridge_shrimp_fx_20260427_compressed', '/data/share/1919650160032350208/foundation_model/datasets/astribot_lerobotv3//fridge_shrimp_fx_20260428_compressed', '/data/share/1919650160032350208/foundation_model/datasets/astribot_lerobotv3//fridge_tray_middle_fx_20260610_compressed', '/data/share/1919650160032350208/foundation_model/datasets/astribot_lerobotv3//fridge_tray_middle_fx_20260611_compressed', '/data/share/1919650160032350208/foundation_model/datasets/astribot_lerobotv3//fridge_tray_middle_fx_20260615_compressed', '/data/share/1919650160032350208/foundation_model/datasets/astribot_lerobotv3//fridge_chicken_fx_20260506_compressed', '/data/share/1919650160032350208/foundation_model/datasets/astribot_lerobotv3//fridge_chicken_golden_zjm_20260323_compressed', '/data/share/1919650160032350208/foundation_model/datasets/astribot_lerobotv3//dishwasher_2_fx_20260407_compressed', '/data/share/1919650160032350208/foundation_model/datasets/astribot_lerobotv3//dishwasher_2_fx_20260409_compressed', '/data/share/1919650160032350208/foundation_model/datasets/astribot_lerobotv3//dishwasher_2_fx_20260410_compressed', '/data/share/1919650160032350208/foundation_model/datasets/astribot_lerobotv3//dishwasher_2_fx_20260529_compressed', '/data/share/1919650160032350208/foundation_model/datasets/astribot_lerobotv3//dishwasher_2_fx_20260605_compressed', '/data/share/1919650160032350208/foundation_model/datasets/astribot_lerobotv3//dishwasher_2_hcc_20260410_compressed', '/data/share/1919650160032350208/foundation_model/datasets/astribot_lerobotv3//dishwasher_2_hcc_20260416_compressed', '/data/share/1919650160032350208/foundation_model/datasets/astribot_lerobotv3//dishwasher_2_hcc_20260417_compressed', '/data/share/1919650160032350208/foundation_model/datasets/astribot_lerobotv3//dishwasher_2_hcc_20260421_compressed', '/data/share/1919650160032350208/foundation_model/datasets/astribot_lerobotv3//dishwasher_2_hcc_20260422_compressed', '/data/share/1919650160032350208/foundation_model/datasets/astribot_lerobotv3//dishwasher_2_hcc_20260423_compressed', '/data/share/1919650160032350208/foundation_model/datasets/astribot_lerobotv3//dishwasher_2_hcc_20260424_compressed', '/data/share/1919650160032350208/foundation_model/datasets/astribot_lerobotv3//dishwasher_2_hcc_20260507_compressed', '/data/share/1919650160032350208/foundation_model/datasets/astribot_lerobotv3//dishwasher_2_hcc_20260508_compressed', '/data/share/1919650160032350208/foundation_model/datasets/astribot_lerobotv3//dishwasher_2_hcc_20260509_compressed', '/data/share/1919650160032350208/foundation_model/datasets/astribot_lerobotv3//dishwasher_2_hcc_20260511_compressed', '/data/share/1919650160032350208/foundation_model/datasets/astribot_lerobotv3//dishwasher_2_hcc_20260512_compressed', '/data/share/1919650160032350208/foundation_model/datasets/astribot_lerobotv3//dishwasher_2_hcc_20260513_compressed', '/data/share/1919650160032350208/foundation_model/datasets/astribot_lerobotv3//dishwasher_2_hcc_20260518_compressed', '/data/share/1919650160032350208/foundation_model/datasets/astribot_lerobotv3//dishwasher_2_hcc_20260521_compressed', '/data/share/1919650160032350208/foundation_model/datasets/astribot_lerobotv3//dishwasher_2_hcc_20260522_compressed', '/data/share/1919650160032350208/foundation_model/datasets/astribot_lerobotv3//dishwasher_2_hcc_20260525_compressed', '/data/share/1919650160032350208/foundation_model/datasets/astribot_lerobotv3//dishwasher_2_hcc_20260526_compressed', '/data/share/1919650160032350208/foundation_model/datasets/astribot_lerobotv3//dishwasher_2_hcc_20260528_compressed', '/data/share/1919650160032350208/foundation_model/datasets/astribot_lerobotv3//dishwasher_2_hcc_20260601_compressed', '/data/share/1919650160032350208/foundation_model/datasets/astribot_lerobotv3//oven_takeout_fx_20260525_compressed', '/data/share/1919650160032350208/foundation_model/datasets/astribot_lerobotv3//oven_takeout_fx_20260526_compressed', '/data/share/1919650160032350208/foundation_model/datasets/astribot_lerobotv3//oven_takeout_fx_20260527_compressed', '/data/share/1919650160032350208/foundation_model/datasets/astribot_lerobotv3//oven_takeout_fx_20260528_compressed', '/data/share/1919650160032350208/foundation_model/datasets/astribot_lerobotv3//oven_takeout_fx_20260601_compressed', '/data/share/1919650160032350208/foundation_model/datasets/astribot_lerobotv3//oven_takeout_fx_20260608_compressed', '/data/share/1919650160032350208/foundation_model/datasets/astribot_lerobotv3//oven_takeout_fx_20260609_compressed', '/data/share/1919650160032350208/foundation_model/datasets/astribot_lerobotv3//collect_clothes_basket_bxx_20260622_compressed', '/data/share/1919650160032350208/foundation_model/datasets/astribot_lerobotv3//collect_clothes_bxx_20260528_compressed', '/data/share/1919650160032350208/foundation_model/datasets/astribot_lerobotv3//collect_clothes_bxx_20260529_compressed', '/data/share/1919650160032350208/foundation_model/datasets/astribot_lerobotv3//collect_clothes_bxx_20260601_compressed', '/data/share/1919650160032350208/foundation_model/datasets/astribot_lerobotv3//collect_clothes_bxx_20260610_compressed', '/data/share/1919650160032350208/foundation_model/datasets/astribot_lerobotv3//collect_clothes_bxx_20260611_compressed', '/data/share/1919650160032350208/foundation_model/datasets/astribot_lerobotv3//collect_clothes_bxx_20260615_compressed', '/data/share/1919650160032350208/foundation_model/datasets/astribot_lerobotv3//collect_clothes_bxx_20260616_compressed', '/data/share/1919650160032350208/foundation_model/datasets/astribot_lerobotv3//collect_clothes_fx_20260526_compressed', '/data/share/1919650160032350208/foundation_model/datasets/astribot_lerobotv3//collect_clothes_fx_20260528_compressed', '/data/share/1919650160032350208/foundation_model/datasets/astribot_lerobotv3//collect_clothes_fx_20260601_compressed', '/data/share/1919650160032350208/foundation_model/datasets/astribot_lerobotv3//collect_clothes_fx_20260604_compressed', '/data/share/1919650160032350208/foundation_model/datasets/astribot_lerobotv3//collect_clothes_fx_20260611_compressed', '/data/share/1919650160032350208/foundation_model/datasets/astribot_lerobotv3//collect_clothes_fx_20260612_compressed', '/data/share/1919650160032350208/foundation_model/datasets/astribot_lerobotv3//collect_clothes_fx_20260616_compressed', '/data/share/1919650160032350208/foundation_model/datasets/astribot_lerobotv3//collect_clothes_nearsofa_whb_20260622_compressed', '/data/share/1919650160032350208/foundation_model/datasets/astribot_lerobotv3//collect_clothes_recover_whb_20260622_compressed', '/data/share/1919650160032350208/foundation_model/datasets/astribot_lerobotv3//collect_clothes_recover_whb_20260623_compressed', '/data/share/1919650160032350208/foundation_model/datasets/astribot_lerobotv3//collect_clothes_twoclothes_bxx_20260622_compressed', '/data/share/1919650160032350208/foundation_model/datasets/astribot_lerobotv3//collect_clothes_twoclothesonthesoft_bxx_20260618_compressed', '/data/share/1919650160032350208/foundation_model/datasets/astribot_lerobotv3//collect_clothes_twoclothesonthesoft_whb_20260618_compressed', '/data/share/1919650160032350208/foundation_model/datasets/astribot_lerobotv3//collect_clothes_whb_20260615_compressed', '/data/share/1919650160032350208/foundation_model/datasets/astribot_lerobotv3//collect_clothes_whb_20260616_compressed', '/data/share/1919650160032350208/foundation_model/datasets/astribot_lerobotv3//collect_clothes_whb_20260617_compressed', '/data/share/1919650160032350208/foundation_model/datasets/astribot_lerobotv3//collect_twoclothes_onthefloor_bxx_20260610_compressed', '/data/share/1919650160032350208/foundation_model/datasets/astribot_lerobotv3//dry_clothes_bxx_20260508_compressed', '/data/share/1919650160032350208/foundation_model/datasets/astribot_lerobotv3//dry_clothes_bxx_20260509_compressed', '/data/share/1919650160032350208/foundation_model/datasets/astribot_lerobotv3//dry_clothes_bxx_20260513_compressed', '/data/share/1919650160032350208/foundation_model/datasets/astribot_lerobotv3//dry_clothes_bxx_20260514_compressed', '/data/share/1919650160032350208/foundation_model/datasets/astribot_lerobotv3//dry_clothes_bxx_20260520_compressed', '/data/share/1919650160032350208/foundation_model/datasets/astribot_lerobotv3//dry_clothes_bxx_20260521_compressed', '/data/share/1919650160032350208/foundation_model/datasets/astribot_lerobotv3//dry_clothes_bxx_20260522_compressed', '/data/share/1919650160032350208/foundation_model/datasets/astribot_lerobotv3//dry_clothes_bxx_20260527_compressed', '/data/share/1919650160032350208/foundation_model/datasets/astribot_lerobotv3//dry_clothes_bxx_20260528_compressed', '/data/share/1919650160032350208/foundation_model/datasets/astribot_lerobotv3//dry_clothes_bxx_20260601_compressed', '/data/share/1919650160032350208/foundation_model/datasets/astribot_lerobotv3//dry_clothes_bxx_20260602_compressed', '/data/share/1919650160032350208/foundation_model/datasets/astribot_lerobotv3//dry_clothes_bxx_20260603_compressed', '/data/share/1919650160032350208/foundation_model/datasets/astribot_lerobotv3//dry_clothes_bxx_20260604_compressed', '/data/share/1919650160032350208/foundation_model/datasets/astribot_lerobotv3//dry_clothes_bxx_20260605_compressed', '/data/share/1919650160032350208/foundation_model/datasets/astribot_lerobotv3//dry_clothes_bxx_20260609_compressed', '/data/share/1919650160032350208/foundation_model/datasets/astribot_lerobotv3//dry_clothes_grasp_whb_20260624_compressed', '/data/share/1919650160032350208/foundation_model/datasets/astribot_lerobotv3//dry_clothes_openandmove_bxx_20260623_compressed', '/data/share/1919650160032350208/foundation_model/datasets/astribot_lerobotv3//dry_clothes_openandmove_bxx_20260624_compressed', '/data/share/1919650160032350208/foundation_model/datasets/astribot_lerobotv3//dry_clothes_pickup_bxx_20260612_compressed', '/data/share/1919650160032350208/foundation_model/datasets/astribot_lerobotv3//dry_clothes_pickup_bxx_20260615_compressed', '/data/share/1919650160032350208/foundation_model/datasets/astribot_lerobotv3//dry_clothes_pickup_bxx_20260616_compressed', '/data/share/1919650160032350208/foundation_model/datasets/astribot_lerobotv3//dry_clothes_pickup_bxx_20260617_compressed', '/data/share/1919650160032350208/foundation_model/datasets/astribot_lerobotv3//wash_clothes_bxx_20260420_compressed', '/data/share/1919650160032350208/foundation_model/datasets/astribot_lerobotv3//wash_clothes_bxx_20260421_compressed', '/data/share/1919650160032350208/foundation_model/datasets/astribot_lerobotv3//wash_clothes_bxx_20260424_compressed', '/data/share/1919650160032350208/foundation_model/datasets/astribot_lerobotv3//wash_clothes_bxx_20260506_compressed', '/data/share/1919650160032350208/foundation_model/datasets/astribot_lerobotv3//wash_clothes_bxx_20260507_compressed', '/data/share/1919650160032350208/foundation_model/datasets/astribot_lerobotv3//wash_clothes_bxx_20260508_compressed', '/data/share/1919650160032350208/foundation_model/datasets/astribot_lerobotv3//wash_clothes_bxx_20260515_compressed', '/data/share/1919650160032350208/foundation_model/datasets/astribot_lerobotv3//wash_clothes_bxx_20260519_compressed', '/data/share/1919650160032350208/foundation_model/datasets/astribot_lerobotv3//wash_clothes_closeandmove_bxx_20260623_compressed', '/data/share/1919650160032350208/foundation_model/datasets/astribot_lerobotv3//wash_clothes_closeandmove_whb_20260623_compressed', '/data/share/1919650160032350208/foundation_model/datasets/astribot_lerobotv3//wash_clothes_hcc_20260413_compressed', '/data/share/1919650160032350208/foundation_model/datasets/astribot_lerobotv3//wash_clothes_hcc_20260414_compressed', '/data/share/1919650160032350208/foundation_model/datasets/astribot_lerobotv3//wash_clothes_opendoor_bxx_20260617_compressed', '/data/share/1919650160032350208/foundation_model/datasets/astribot_lerobotv3//wash_clothes_pickup1_bxx_20260609_compressed', '/data/share/1919650160032350208/foundation_model/datasets/astribot_lerobotv3//wash_clothes_pickup_bxx_20260525_compressed', '/data/share/1919650160032350208/foundation_model/datasets/astribot_lerobotv3//wash_clothes_pickup_bxx_20260617_compressed', '/data/share/1919650160032350208/foundation_model/datasets/astribot_lerobotv3//wash_clothes_putclothes_bxx_20260617_compressed']

Generating train split: 10624 examples [00:00, 289245.45 examples/s]

Casting the dataset:   0%|          | 0/10624 [00:00<?, ? examples/s]
Casting the dataset:   0%|          | 0/10624 [00:00<?, ? examples/s]
Casting the dataset: 100%|██████████| 10624/10624 [00:00<00:00, 1048501.98 examples/s]

Casting the dataset: 100%|██████████| 10624/10624 [00:00<00:00, 1002774.39 examples/s]

Casting the dataset:   0%|          | 0/10624 [00:00<?, ? examples/s]
Casting the dataset: 100%|██████████| 10624/10624 [00:00<00:00, 995760.57 examples/s]

Casting the dataset:   0%|          | 0/139625 [00:00<?, ? examples/s]
Casting the dataset: 100%|██████████| 139625/139625 [00:00<00:00, 1399765.51 examples/s]

Casting the dataset:   0%|          | 0/146127 [00:00<?, ? examples/s]
Generating train split: 0 examples [00:00, ? examples/s]
Casting the dataset: 100%|██████████| 146127/146127 [00:00<00:00, 1442894.21 examples/s]
Casting the dataset: 100%|██████████| 146127/146127 [00:00<00:00, 1379258.41 examples/s]

Generating train split: 31601 examples [00:00, 301643.35 examples/s]
Generating train split: 69745 examples [00:00, 347015.01 examples/s]
Casting the dataset:   0%|          | 0/79886 [00:00<?, ? examples/s]
Generating train split: 81255 examples [00:00, 345274.29 examples/s]

Casting the dataset:   0%|          | 0/81255 [00:00<?, ? examples/s]
Casting the dataset: 100%|██████████| 79886/79886 [00:00<00:00, 1376301.76 examples/s]

Casting the dataset:   0%|          | 0/81255 [00:00<?, ? examples/s]
Casting the dataset:   0%|          | 0/81255 [00:00<?, ? examples/s][TRAIN rank=4] >>> instantiate(cfg.model) DONE
[TRAIN rank=4] >>> build_datasets() START
[TRAIN rank=4]     dataset_dirs (train): ['/data/share/1919650160032350208/foundation_model/datasets/astribot_lerobotv3//oven_new_2_fx_20260513_compressed', '/data/share/1919650160032350208/foundation_model/datasets/astribot_lerobotv3//oven_new_2_fx_20260514_compressed', '/data/share/1919650160032350208/foundation_model/datasets/astribot_lerobotv3//oven_new_2_fx_20260515_compressed', '/data/share/1919650160032350208/foundation_model/datasets/astribot_lerobotv3//oven_new_2_fx_20260518_compressed', '/data/share/1919650160032350208/foundation_model/datasets/astribot_lerobotv3//fridge_chicken_golden_zjm_20260324_compressed', '/data/share/1919650160032350208/foundation_model/datasets/astribot_lerobotv3//fridge_chicken_golden_zjm_20260325_compressed', '/data/share/1919650160032350208/foundation_model/datasets/astribot_lerobotv3//fridge_chicken_golden_zjm_20260327_compressed', '/data/share/1919650160032350208/foundation_model/datasets/astribot_lerobotv3//fridge_fruits_fx_20260508_compressed', '/data/share/1919650160032350208/foundation_model/datasets/astribot_lerobotv3//fridge_fruits_fx_20260509_compressed', '/data/share/1919650160032350208/foundation_model/datasets/astribot_lerobotv3//fridge_fruits_fx_20260511_compressed', '/data/share/1919650160032350208/foundation_model/datasets/astribot_lerobotv3//fridge_fruits_fx_20260602_compressed', '/data/share/1919650160032350208/foundation_model/datasets/astribot_lerobotv3//fridge_fruits_fx_20260603_compressed', '/data/share/1919650160032350208/foundation_model/datasets/astribot_lerobotv3//fridge_meat_fx_20260428_compressed', '/data/share/1919650160032350208/foundation_model/datasets/astribot_lerobotv3//fridge_meat_fx_20260429_compressed', '/data/share/1919650160032350208/foundation_model/datasets/astribot_lerobotv3//fridge_meat_fx_20260430_compressed', '/data/share/1919650160032350208/foundation_model/datasets/astribot_lerobotv3//fridge_salmon_golden_zjm_20260310_compressed', '/data/share/1919650160032350208/foundation_model/datasets/astribot_lerobotv3//fridge_salmon_golden_zjm_20260311_compressed', '/data/share/1919650160032350208/foundation_model/datasets/astribot_lerobotv3//fridge_salmon_golden_zjm_20260312_compressed', '/data/share/1919650160032350208/foundation_model/datasets/astribot_lerobotv3//fridge_salmon_golden_zjm_20260313_compressed', '/data/share/1919650160032350208/foundation_model/datasets/astribot_lerobotv3//fridge_salmon_zjm_20260306_compressed', '/data/share/1919650160032350208/foundation_model/datasets/astribot_lerobotv3//fridge_salmon_zjm_20260309_compressed', '/data/share/1919650160032350208/foundation_model/datasets/astribot_lerobotv3//fridge_shrimp_fx_20260423_compressed', '/data/share/1919650160032350208/foundation_model/datasets/astribot_lerobotv3//fridge_shrimp_fx_20260424_1_compressed', '/data/share/1919650160032350208/foundation_model/datasets/astribot_lerobotv3//fridge_shrimp_fx_20260424_2_compressed', '/data/share/1919650160032350208/foundation_model/datasets/astribot_lerobotv3//fridge_shrimp_fx_20260427_compressed', '/data/share/1919650160032350208/foundation_model/datasets/astribot_lerobotv3//fridge_shrimp_fx_20260428_compressed', '/data/share/1919650160032350208/foundation_model/datasets/astribot_lerobotv3//fridge_tray_middle_fx_20260610_compressed', '/data/share/1919650160032350208/foundation_model/datasets/astribot_lerobotv3//fridge_tray_middle_fx_20260611_compressed', '/data/share/1919650160032350208/foundation_model/datasets/astribot_lerobotv3//fridge_tray_middle_fx_20260615_compressed', '/data/share/1919650160032350208/foundation_model/datasets/astribot_lerobotv3//fridge_chicken_fx_20260506_compressed', '/data/share/1919650160032350208/foundation_model/datasets/astribot_lerobotv3//fridge_chicken_golden_zjm_20260323_compressed', '/data/share/1919650160032350208/foundation_model/datasets/astribot_lerobotv3//dishwasher_2_fx_20260407_compressed', '/data/share/1919650160032350208/foundation_model/datasets/astribot_lerobotv3//dishwasher_2_fx_20260409_compressed', '/data/share/1919650160032350208/foundation_model/datasets/astribot_lerobotv3//dishwasher_2_fx_20260410_compressed', '/data/share/1919650160032350208/foundation_model/datasets/astribot_lerobotv3//dishwasher_2_fx_20260529_compressed', '/data/share/1919650160032350208/foundation_model/datasets/astribot_lerobotv3//dishwasher_2_fx_20260605_compressed', '/data/share/1919650160032350208/foundation_model/datasets/astribot_lerobotv3//dishwasher_2_hcc_20260410_compressed', '/data/share/1919650160032350208/foundation_model/datasets/astribot_lerobotv3//dishwasher_2_hcc_20260416_compressed', '/data/share/1919650160032350208/foundation_model/datasets/astribot_lerobotv3//dishwasher_2_hcc_20260417_compressed', '/data/share/1919650160032350208/foundation_model/datasets/astribot_lerobotv3//dishwasher_2_hcc_20260421_compressed', '/data/share/1919650160032350208/foundation_model/datasets/astribot_lerobotv3//dishwasher_2_hcc_20260422_compressed', '/data/share/1919650160032350208/foundation_model/datasets/astribot_lerobotv3//dishwasher_2_hcc_20260423_compressed', '/data/share/1919650160032350208/foundation_model/datasets/astribot_lerobotv3//dishwasher_2_hcc_20260424_compressed', '/data/share/1919650160032350208/foundation_model/datasets/astribot_lerobotv3//dishwasher_2_hcc_20260507_compressed', '/data/share/1919650160032350208/foundation_model/datasets/astribot_lerobotv3//dishwasher_2_hcc_20260508_compressed', '/data/share/1919650160032350208/foundation_model/datasets/astribot_lerobotv3//dishwasher_2_hcc_20260509_compressed', '/data/share/1919650160032350208/foundation_model/datasets/astribot_lerobotv3//dishwasher_2_hcc_20260511_compressed', '/data/share/1919650160032350208/foundation_model/datasets/astribot_lerobotv3//dishwasher_2_hcc_20260512_compressed', '/data/share/1919650160032350208/foundation_model/datasets/astribot_lerobotv3//dishwasher_2_hcc_20260513_compressed', '/data/share/1919650160032350208/foundation_model/datasets/astribot_lerobotv3//dishwasher_2_hcc_20260518_compressed', '/data/share/1919650160032350208/foundation_model/datasets/astribot_lerobotv3//dishwasher_2_hcc_20260521_compressed', '/data/share/1919650160032350208/foundation_model/datasets/astribot_lerobotv3//dishwasher_2_hcc_20260522_compressed', '/data/share/1919650160032350208/foundation_model/datasets/astribot_lerobotv3//dishwasher_2_hcc_20260525_compressed', '/data/share/1919650160032350208/foundation_model/datasets/astribot_lerobotv3//dishwasher_2_hcc_20260526_compressed', '/data/share/1919650160032350208/foundation_model/datasets/astribot_lerobotv3//dishwasher_2_hcc_20260528_compressed', '/data/share/1919650160032350208/foundation_model/datasets/astribot_lerobotv3//dishwasher_2_hcc_20260601_compressed', '/data/share/1919650160032350208/foundation_model/datasets/astribot_lerobotv3//oven_takeout_fx_20260525_compressed', '/data/share/1919650160032350208/foundation_model/datasets/astribot_lerobotv3//oven_takeout_fx_20260526_compressed', '/data/share/1919650160032350208/foundation_model/datasets/astribot_lerobotv3//oven_takeout_fx_20260527_compressed', '/data/share/1919650160032350208/foundation_model/datasets/astribot_lerobotv3//oven_takeout_fx_20260528_compressed', '/data/share/1919650160032350208/foundation_model/datasets/astribot_lerobotv3//oven_takeout_fx_20260601_compressed', '/data/share/1919650160032350208/foundation_model/datasets/astribot_lerobotv3//oven_takeout_fx_20260608_compressed', '/data/share/1919650160032350208/foundation_model/datasets/astribot_lerobotv3//oven_takeout_fx_20260609_compressed', '/data/share/1919650160032350208/foundation_model/datasets/astribot_lerobotv3//collect_clothes_basket_bxx_20260622_compressed', '/data/share/1919650160032350208/foundation_model/datasets/astribot_lerobotv3//collect_clothes_bxx_20260528_compressed', '/data/share/1919650160032350208/foundation_model/datasets/astribot_lerobotv3//collect_clothes_bxx_20260529_compressed', '/data/share/1919650160032350208/foundation_model/datasets/astribot_lerobotv3//collect_clothes_bxx_20260601_compressed', '/data/share/1919650160032350208/foundation_model/datasets/astribot_lerobotv3//collect_clothes_bxx_20260610_compressed', '/data/share/1919650160032350208/foundation_model/datasets/astribot_lerobotv3//collect_clothes_bxx_20260611_compressed', '/data/share/1919650160032350208/foundation_model/datasets/astribot_lerobotv3//collect_clothes_bxx_20260615_compressed', '/data/share/1919650160032350208/foundation_model/datasets/astribot_lerobotv3//collect_clothes_bxx_20260616_compressed', '/data/share/1919650160032350208/foundation_model/datasets/astribot_lerobotv3//collect_clothes_fx_20260526_compressed', '/data/share/1919650160032350208/foundation_model/datasets/astribot_lerobotv3//collect_clothes_fx_20260528_compressed', '/data/share/1919650160032350208/foundation_model/datasets/astribot_lerobotv3//collect_clothes_fx_20260601_compressed', '/data/share/1919650160032350208/foundation_model/datasets/astribot_lerobotv3//collect_clothes_fx_20260604_compressed', '/data/share/1919650160032350208/foundation_model/datasets/astribot_lerobotv3//collect_clothes_fx_20260611_compressed', '/data/share/1919650160032350208/foundation_model/datasets/astribot_lerobotv3//collect_clothes_fx_20260612_compressed', '/data/share/1919650160032350208/foundation_model/datasets/astribot_lerobotv3//collect_clothes_fx_20260616_compressed', '/data/share/1919650160032350208/foundation_model/datasets/astribot_lerobotv3//collect_clothes_nearsofa_whb_20260622_compressed', '/data/share/1919650160032350208/foundation_model/datasets/astribot_lerobotv3//collect_clothes_recover_whb_20260622_compressed', '/data/share/1919650160032350208/foundation_model/datasets/astribot_lerobotv3//collect_clothes_recover_whb_20260623_compressed', '/data/share/1919650160032350208/foundation_model/datasets/astribot_lerobotv3//collect_clothes_twoclothes_bxx_20260622_compressed', '/data/share/1919650160032350208/foundation_model/datasets/astribot_lerobotv3//collect_clothes_twoclothesonthesoft_bxx_20260618_compressed', '/data/share/1919650160032350208/foundation_model/datasets/astribot_lerobotv3//collect_clothes_twoclothesonthesoft_whb_20260618_compressed', '/data/share/1919650160032350208/foundation_model/datasets/astribot_lerobotv3//collect_clothes_whb_20260615_compressed', '/data/share/1919650160032350208/foundation_model/datasets/astribot_lerobotv3//collect_clothes_whb_20260616_compressed', '/data/share/1919650160032350208/foundation_model/datasets/astribot_lerobotv3//collect_clothes_whb_20260617_compressed', '/data/share/1919650160032350208/foundation_model/datasets/astribot_lerobotv3//collect_twoclothes_onthefloor_bxx_20260610_compressed', '/data/share/1919650160032350208/foundation_model/datasets/astribot_lerobotv3//dry_clothes_bxx_20260508_compressed', '/data/share/1919650160032350208/foundation_model/datasets/astribot_lerobotv3//dry_clothes_bxx_20260509_compressed', '/data/share/1919650160032350208/foundation_model/datasets/astribot_lerobotv3//dry_clothes_bxx_20260513_compressed', '/data/share/1919650160032350208/foundation_model/datasets/astribot_lerobotv3//dry_clothes_bxx_20260514_compressed', '/data/share/1919650160032350208/foundation_model/datasets/astribot_lerobotv3//dry_clothes_bxx_20260520_compressed', '/data/share/1919650160032350208/foundation_model/datasets/astribot_lerobotv3//dry_clothes_bxx_20260521_compressed', '/data/share/1919650160032350208/foundation_model/datasets/astribot_lerobotv3//dry_clothes_bxx_20260522_compressed', '/data/share/1919650160032350208/foundation_model/datasets/astribot_lerobotv3//dry_clothes_bxx_20260527_compressed', '/data/share/1919650160032350208/foundation_model/datasets/astribot_lerobotv3//dry_clothes_bxx_20260528_compressed', '/data/share/1919650160032350208/foundation_model/datasets/astribot_lerobotv3//dry_clothes_bxx_20260601_compressed', '/data/share/1919650160032350208/foundation_model/datasets/astribot_lerobotv3//dry_clothes_bxx_20260602_compressed', '/data/share/1919650160032350208/foundation_model/datasets/astribot_lerobotv3//dry_clothes_bxx_20260603_compressed', '/data/share/1919650160032350208/foundation_model/datasets/astribot_lerobotv3//dry_clothes_bxx_20260604_compressed', '/data/share/1919650160032350208/foundation_model/datasets/astribot_lerobotv3//dry_clothes_bxx_20260605_compressed', '/data/share/1919650160032350208/foundation_model/datasets/astribot_lerobotv3//dry_clothes_bxx_20260609_compressed', '/data/share/1919650160032350208/foundation_model/datasets/astribot_lerobotv3//dry_clothes_grasp_whb_20260624_compressed', '/data/share/1919650160032350208/foundation_model/datasets/astribot_lerobotv3//dry_clothes_openandmove_bxx_20260623_compressed', '/data/share/1919650160032350208/foundation_model/datasets/astribot_lerobotv3//dry_clothes_openandmove_bxx_20260624_compressed', '/data/share/1919650160032350208/foundation_model/datasets/astribot_lerobotv3//dry_clothes_pickup_bxx_20260612_compressed', '/data/share/1919650160032350208/foundation_model/datasets/astribot_lerobotv3//dry_clothes_pickup_bxx_20260615_compressed', '/data/share/1919650160032350208/foundation_model/datasets/astribot_lerobotv3//dry_clothes_pickup_bxx_20260616_compressed', '/data/share/1919650160032350208/foundation_model/datasets/astribot_lerobotv3//dry_clothes_pickup_bxx_20260617_compressed', '/data/share/1919650160032350208/foundation_model/datasets/astribot_lerobotv3//wash_clothes_bxx_20260420_compressed', '/data/share/1919650160032350208/foundation_model/datasets/astribot_lerobotv3//wash_clothes_bxx_20260421_compressed', '/data/share/1919650160032350208/foundation_model/datasets/astribot_lerobotv3//wash_clothes_bxx_20260424_compressed', '/data/share/1919650160032350208/foundation_model/datasets/astribot_lerobotv3//wash_clothes_bxx_20260506_compressed', '/data/share/1919650160032350208/foundation_model/datasets/astribot_lerobotv3//wash_clothes_bxx_20260507_compressed', '/data/share/1919650160032350208/foundation_model/datasets/astribot_lerobotv3//wash_clothes_bxx_20260508_compressed', '/data/share/1919650160032350208/foundation_model/datasets/astribot_lerobotv3//wash_clothes_bxx_20260515_compressed', '/data/share/1919650160032350208/foundation_model/datasets/astribot_lerobotv3//wash_clothes_bxx_20260519_compressed', '/data/share/1919650160032350208/foundation_model/datasets/astribot_lerobotv3//wash_clothes_closeandmove_bxx_20260623_compressed', '/data/share/1919650160032350208/foundation_model/datasets/astribot_lerobotv3//wash_clothes_closeandmove_whb_20260623_compressed', '/data/share/1919650160032350208/foundation_model/datasets/astribot_lerobotv3//wash_clothes_hcc_20260413_compressed', '/data/share/1919650160032350208/foundation_model/datasets/astribot_lerobotv3//wash_clothes_hcc_20260414_compressed', '/data/share/1919650160032350208/foundation_model/datasets/astribot_lerobotv3//wash_clothes_opendoor_bxx_20260617_compressed', '/data/share/1919650160032350208/foundation_model/datasets/astribot_lerobotv3//wash_clothes_pickup1_bxx_20260609_compressed', '/data/share/1919650160032350208/foundation_model/datasets/astribot_lerobotv3//wash_clothes_pickup_bxx_20260525_compressed', '/data/share/1919650160032350208/foundation_model/datasets/astribot_lerobotv3//wash_clothes_pickup_bxx_20260617_compressed', '/data/share/1919650160032350208/foundation_model/datasets/astribot_lerobotv3//wash_clothes_putclothes_bxx_20260617_compressed']

Casting the dataset: 100%|██████████| 81255/81255 [00:00<00:00, 1446486.67 examples/s]

Casting the dataset: 100%|██████████| 81255/81255 [00:00<00:00, 1406786.81 examples/s]

Casting the dataset: 100%|██████████| 81255/81255 [00:00<00:00, 1438555.45 examples/s]

Casting the dataset:   0%|          | 0/108394 [00:00<?, ? examples/s]
Casting the dataset: 100%|██████████| 108394/108394 [00:00<00:00, 1416187.91 examples/s]

Generating train split: 0 examples [00:00, ? examples/s][TRAIN rank=1] >>> instantiate(cfg.model) DONE
[TRAIN rank=1] >>> build_datasets() START
[TRAIN rank=1]     dataset_dirs (train): ['/data/share/1919650160032350208/foundation_model/datasets/astribot_lerobotv3//oven_new_2_fx_20260513_compressed', '/data/share/1919650160032350208/foundation_model/datasets/astribot_lerobotv3//oven_new_2_fx_20260514_compressed', '/data/share/1919650160032350208/foundation_model/datasets/astribot_lerobotv3//oven_new_2_fx_20260515_compressed', '/data/share/1919650160032350208/foundation_model/datasets/astribot_lerobotv3//oven_new_2_fx_20260518_compressed', '/data/share/1919650160032350208/foundation_model/datasets/astribot_lerobotv3//fridge_chicken_golden_zjm_20260324_compressed', '/data/share/1919650160032350208/foundation_model/datasets/astribot_lerobotv3//fridge_chicken_golden_zjm_20260325_compressed', '/data/share/1919650160032350208/foundation_model/datasets/astribot_lerobotv3//fridge_chicken_golden_zjm_20260327_compressed', '/data/share/1919650160032350208/foundation_model/datasets/astribot_lerobotv3//fridge_fruits_fx_20260508_compressed', '/data/share/1919650160032350208/foundation_model/datasets/astribot_lerobotv3//fridge_fruits_fx_20260509_compressed', '/data/share/1919650160032350208/foundation_model/datasets/astribot_lerobotv3//fridge_fruits_fx_20260511_compressed', '/data/share/1919650160032350208/foundation_model/datasets/astribot_lerobotv3//fridge_fruits_fx_20260602_compressed', '/data/share/1919650160032350208/foundation_model/datasets/astribot_lerobotv3//fridge_fruits_fx_20260603_compressed', '/data/share/1919650160032350208/foundation_model/datasets/astribot_lerobotv3//fridge_meat_fx_20260428_compressed', '/data/share/1919650160032350208/foundation_model/datasets/astribot_lerobotv3//fridge_meat_fx_20260429_compressed', '/data/share/1919650160032350208/foundation_model/datasets/astribot_lerobotv3//fridge_meat_fx_20260430_compressed', '/data/share/1919650160032350208/foundation_model/datasets/astribot_lerobotv3//fridge_salmon_golden_zjm_20260310_compressed', '/data/share/1919650160032350208/foundation_model/datasets/astribot_lerobotv3//fridge_salmon_golden_zjm_20260311_compressed', '/data/share/1919650160032350208/foundation_model/datasets/astribot_lerobotv3//fridge_salmon_golden_zjm_20260312_compressed', '/data/share/1919650160032350208/foundation_model/datasets/astribot_lerobotv3//fridge_salmon_golden_zjm_20260313_compressed', '/data/share/1919650160032350208/foundation_model/datasets/astribot_lerobotv3//fridge_salmon_zjm_20260306_compressed', '/data/share/1919650160032350208/foundation_model/datasets/astribot_lerobotv3//fridge_salmon_zjm_20260309_compressed', '/data/share/1919650160032350208/foundation_model/datasets/astribot_lerobotv3//fridge_shrimp_fx_20260423_compressed', '/data/share/1919650160032350208/foundation_model/datasets/astribot_lerobotv3//fridge_shrimp_fx_20260424_1_compressed', '/data/share/1919650160032350208/foundation_model/datasets/astribot_lerobotv3//fridge_shrimp_fx_20260424_2_compressed', '/data/share/1919650160032350208/foundation_model/datasets/astribot_lerobotv3//fridge_shrimp_fx_20260427_compressed', '/data/share/1919650160032350208/foundation_model/datasets/astribot_lerobotv3//fridge_shrimp_fx_20260428_compressed', '/data/share/1919650160032350208/foundation_model/datasets/astribot_lerobotv3//fridge_tray_middle_fx_20260610_compressed', '/data/share/1919650160032350208/foundation_model/datasets/astribot_lerobotv3//fridge_tray_middle_fx_20260611_compressed', '/data/share/1919650160032350208/foundation_model/datasets/astribot_lerobotv3//fridge_tray_middle_fx_20260615_compressed', '/data/share/1919650160032350208/foundation_model/datasets/astribot_lerobotv3//fridge_chicken_fx_20260506_compressed', '/data/share/1919650160032350208/foundation_model/datasets/astribot_lerobotv3//fridge_chicken_golden_zjm_20260323_compressed', '/data/share/1919650160032350208/foundation_model/datasets/astribot_lerobotv3//dishwasher_2_fx_20260407_compressed', '/data/share/1919650160032350208/foundation_model/datasets/astribot_lerobotv3//dishwasher_2_fx_20260409_compressed', '/data/share/1919650160032350208/foundation_model/datasets/astribot_lerobotv3//dishwasher_2_fx_20260410_compressed', '/data/share/1919650160032350208/foundation_model/datasets/astribot_lerobotv3//dishwasher_2_fx_20260529_compressed', '/data/share/1919650160032350208/foundation_model/datasets/astribot_lerobotv3//dishwasher_2_fx_20260605_compressed', '/data/share/1919650160032350208/foundation_model/datasets/astribot_lerobotv3//dishwasher_2_hcc_20260410_compressed', '/data/share/1919650160032350208/foundation_model/datasets/astribot_lerobotv3//dishwasher_2_hcc_20260416_compressed', '/data/share/1919650160032350208/foundation_model/datasets/astribot_lerobotv3//dishwasher_2_hcc_20260417_compressed', '/data/share/1919650160032350208/foundation_model/datasets/astribot_lerobotv3//dishwasher_2_hcc_20260421_compressed', '/data/share/1919650160032350208/foundation_model/datasets/astribot_lerobotv3//dishwasher_2_hcc_20260422_compressed', '/data/share/1919650160032350208/foundation_model/datasets/astribot_lerobotv3//dishwasher_2_hcc_20260423_compressed', '/data/share/1919650160032350208/foundation_model/datasets/astribot_lerobotv3//dishwasher_2_hcc_20260424_compressed', '/data/share/1919650160032350208/foundation_model/datasets/astribot_lerobotv3//dishwasher_2_hcc_20260507_compressed', '/data/share/1919650160032350208/foundation_model/datasets/astribot_lerobotv3//dishwasher_2_hcc_20260508_compressed', '/data/share/1919650160032350208/foundation_model/datasets/astribot_lerobotv3//dishwasher_2_hcc_20260509_compressed', '/data/share/1919650160032350208/foundation_model/datasets/astribot_lerobotv3//dishwasher_2_hcc_20260511_compressed', '/data/share/1919650160032350208/foundation_model/datasets/astribot_lerobotv3//dishwasher_2_hcc_20260512_compressed', '/data/share/1919650160032350208/foundation_model/datasets/astribot_lerobotv3//dishwasher_2_hcc_20260513_compressed', '/data/share/1919650160032350208/foundation_model/datasets/astribot_lerobotv3//dishwasher_2_hcc_20260518_compressed', '/data/share/1919650160032350208/foundation_model/datasets/astribot_lerobotv3//dishwasher_2_hcc_20260521_compressed', '/data/share/1919650160032350208/foundation_model/datasets/astribot_lerobotv3//dishwasher_2_hcc_20260522_compressed', '/data/share/1919650160032350208/foundation_model/datasets/astribot_lerobotv3//dishwasher_2_hcc_20260525_compressed', '/data/share/1919650160032350208/foundation_model/datasets/astribot_lerobotv3//dishwasher_2_hcc_20260526_compressed', '/data/share/1919650160032350208/foundation_model/datasets/astribot_lerobotv3//dishwasher_2_hcc_20260528_compressed', '/data/share/1919650160032350208/foundation_model/datasets/astribot_lerobotv3//dishwasher_2_hcc_20260601_compressed', '/data/share/1919650160032350208/foundation_model/datasets/astribot_lerobotv3//oven_takeout_fx_20260525_compressed', '/data/share/1919650160032350208/foundation_model/datasets/astribot_lerobotv3//oven_takeout_fx_20260526_compressed', '/data/share/1919650160032350208/foundation_model/datasets/astribot_lerobotv3//oven_takeout_fx_20260527_compressed', '/data/share/1919650160032350208/foundation_model/datasets/astribot_lerobotv3//oven_takeout_fx_20260528_compressed', '/data/share/1919650160032350208/foundation_model/datasets/astribot_lerobotv3//oven_takeout_fx_20260601_compressed', '/data/share/1919650160032350208/foundation_model/datasets/astribot_lerobotv3//oven_takeout_fx_20260608_compressed', '/data/share/1919650160032350208/foundation_model/datasets/astribot_lerobotv3//oven_takeout_fx_20260609_compressed', '/data/share/1919650160032350208/foundation_model/datasets/astribot_lerobotv3//collect_clothes_basket_bxx_20260622_compressed', '/data/share/1919650160032350208/foundation_model/datasets/astribot_lerobotv3//collect_clothes_bxx_20260528_compressed', '/data/share/1919650160032350208/foundation_model/datasets/astribot_lerobotv3//collect_clothes_bxx_20260529_compressed', '/data/share/1919650160032350208/foundation_model/datasets/astribot_lerobotv3//collect_clothes_bxx_20260601_compressed', '/data/share/1919650160032350208/foundation_model/datasets/astribot_lerobotv3//collect_clothes_bxx_20260610_compressed', '/data/share/1919650160032350208/foundation_model/datasets/astribot_lerobotv3//collect_clothes_bxx_20260611_compressed', '/data/share/1919650160032350208/foundation_model/datasets/astribot_lerobotv3//collect_clothes_bxx_20260615_compressed', '/data/share/1919650160032350208/foundation_model/datasets/astribot_lerobotv3//collect_clothes_bxx_20260616_compressed', '/data/share/1919650160032350208/foundation_model/datasets/astribot_lerobotv3//collect_clothes_fx_20260526_compressed', '/data/share/1919650160032350208/foundation_model/datasets/astribot_lerobotv3//collect_clothes_fx_20260528_compressed', '/data/share/1919650160032350208/foundation_model/datasets/astribot_lerobotv3//collect_clothes_fx_20260601_compressed', '/data/share/1919650160032350208/foundation_model/datasets/astribot_lerobotv3//collect_clothes_fx_20260604_compressed', '/data/share/1919650160032350208/foundation_model/datasets/astribot_lerobotv3//collect_clothes_fx_20260611_compressed', '/data/share/1919650160032350208/foundation_model/datasets/astribot_lerobotv3//collect_clothes_fx_20260612_compressed', '/data/share/1919650160032350208/foundation_model/datasets/astribot_lerobotv3//collect_clothes_fx_20260616_compressed', '/data/share/1919650160032350208/foundation_model/datasets/astribot_lerobotv3//collect_clothes_nearsofa_whb_20260622_compressed', '/data/share/1919650160032350208/foundation_model/datasets/astribot_lerobotv3//collect_clothes_recover_whb_20260622_compressed', '/data/share/1919650160032350208/foundation_model/datasets/astribot_lerobotv3//collect_clothes_recover_whb_20260623_compressed', '/data/share/1919650160032350208/foundation_model/datasets/astribot_lerobotv3//collect_clothes_twoclothes_bxx_20260622_compressed', '/data/share/1919650160032350208/foundation_model/datasets/astribot_lerobotv3//collect_clothes_twoclothesonthesoft_bxx_20260618_compressed', '/data/share/1919650160032350208/foundation_model/datasets/astribot_lerobotv3//collect_clothes_twoclothesonthesoft_whb_20260618_compressed', '/data/share/1919650160032350208/foundation_model/datasets/astribot_lerobotv3//collect_clothes_whb_20260615_compressed', '/data/share/1919650160032350208/foundation_model/datasets/astribot_lerobotv3//collect_clothes_whb_20260616_compressed', '/data/share/1919650160032350208/foundation_model/datasets/astribot_lerobotv3//collect_clothes_whb_20260617_compressed', '/data/share/1919650160032350208/foundation_model/datasets/astribot_lerobotv3//collect_twoclothes_onthefloor_bxx_20260610_compressed', '/data/share/1919650160032350208/foundation_model/datasets/astribot_lerobotv3//dry_clothes_bxx_20260508_compressed', '/data/share/1919650160032350208/foundation_model/datasets/astribot_lerobotv3//dry_clothes_bxx_20260509_compressed', '/data/share/1919650160032350208/foundation_model/datasets/astribot_lerobotv3//dry_clothes_bxx_20260513_compressed', '/data/share/1919650160032350208/foundation_model/datasets/astribot_lerobotv3//dry_clothes_bxx_20260514_compressed', '/data/share/1919650160032350208/foundation_model/datasets/astribot_lerobotv3//dry_clothes_bxx_20260520_compressed', '/data/share/1919650160032350208/foundation_model/datasets/astribot_lerobotv3//dry_clothes_bxx_20260521_compressed', '/data/share/1919650160032350208/foundation_model/datasets/astribot_lerobotv3//dry_clothes_bxx_20260522_compressed', '/data/share/1919650160032350208/foundation_model/datasets/astribot_lerobotv3//dry_clothes_bxx_20260527_compressed', '/data/share/1919650160032350208/foundation_model/datasets/astribot_lerobotv3//dry_clothes_bxx_20260528_compressed', '/data/share/1919650160032350208/foundation_model/datasets/astribot_lerobotv3//dry_clothes_bxx_20260601_compressed', '/data/share/1919650160032350208/foundation_model/datasets/astribot_lerobotv3//dry_clothes_bxx_20260602_compressed', '/data/share/1919650160032350208/foundation_model/datasets/astribot_lerobotv3//dry_clothes_bxx_20260603_compressed', '/data/share/1919650160032350208/foundation_model/datasets/astribot_lerobotv3//dry_clothes_bxx_20260604_compressed', '/data/share/1919650160032350208/foundation_model/datasets/astribot_lerobotv3//dry_clothes_bxx_20260605_compressed', '/data/share/1919650160032350208/foundation_model/datasets/astribot_lerobotv3//dry_clothes_bxx_20260609_compressed', '/data/share/1919650160032350208/foundation_model/datasets/astribot_lerobotv3//dry_clothes_grasp_whb_20260624_compressed', '/data/share/1919650160032350208/foundation_model/datasets/astribot_lerobotv3//dry_clothes_openandmove_bxx_20260623_compressed', '/data/share/1919650160032350208/foundation_model/datasets/astribot_lerobotv3//dry_clothes_openandmove_bxx_20260624_compressed', '/data/share/1919650160032350208/foundation_model/datasets/astribot_lerobotv3//dry_clothes_pickup_bxx_20260612_compressed', '/data/share/1919650160032350208/foundation_model/datasets/astribot_lerobotv3//dry_clothes_pickup_bxx_20260615_compressed', '/data/share/1919650160032350208/foundation_model/datasets/astribot_lerobotv3//dry_clothes_pickup_bxx_20260616_compressed', '/data/share/1919650160032350208/foundation_model/datasets/astribot_lerobotv3//dry_clothes_pickup_bxx_20260617_compressed', '/data/share/1919650160032350208/foundation_model/datasets/astribot_lerobotv3//wash_clothes_bxx_20260420_compressed', '/data/share/1919650160032350208/foundation_model/datasets/astribot_lerobotv3//wash_clothes_bxx_20260421_compressed', '/data/share/1919650160032350208/foundation_model/datasets/astribot_lerobotv3//wash_clothes_bxx_20260424_compressed', '/data/share/1919650160032350208/foundation_model/datasets/astribot_lerobotv3//wash_clothes_bxx_20260506_compressed', '/data/share/1919650160032350208/foundation_model/datasets/astribot_lerobotv3//wash_clothes_bxx_20260507_compressed', '/data/share/1919650160032350208/foundation_model/datasets/astribot_lerobotv3//wash_clothes_bxx_20260508_compressed', '/data/share/1919650160032350208/foundation_model/datasets/astribot_lerobotv3//wash_clothes_bxx_20260515_compressed', '/data/share/1919650160032350208/foundation_model/datasets/astribot_lerobotv3//wash_clothes_bxx_20260519_compressed', '/data/share/1919650160032350208/foundation_model/datasets/astribot_lerobotv3//wash_clothes_closeandmove_bxx_20260623_compressed', '/data/share/1919650160032350208/foundation_model/datasets/astribot_lerobotv3//wash_clothes_closeandmove_whb_20260623_compressed', '/data/share/1919650160032350208/foundation_model/datasets/astribot_lerobotv3//wash_clothes_hcc_20260413_compressed', '/data/share/1919650160032350208/foundation_model/datasets/astribot_lerobotv3//wash_clothes_hcc_20260414_compressed', '/data/share/1919650160032350208/foundation_model/datasets/astribot_lerobotv3//wash_clothes_opendoor_bxx_20260617_compressed', '/data/share/1919650160032350208/foundation_model/datasets/astribot_lerobotv3//wash_clothes_pickup1_bxx_20260609_compressed', '/data/share/1919650160032350208/foundation_model/datasets/astribot_lerobotv3//wash_clothes_pickup_bxx_20260525_compressed', '/data/share/1919650160032350208/foundation_model/datasets/astribot_lerobotv3//wash_clothes_pickup_bxx_20260617_compressed', '/data/share/1919650160032350208/foundation_model/datasets/astribot_lerobotv3//wash_clothes_putclothes_bxx_20260617_compressed']

Generating train split: 50263 examples [00:00, 496477.63 examples/s]
Generating train split: 55832 examples [00:00, 505450.83 examples/s]

Casting the dataset:   0%|          | 0/55832 [00:00<?, ? examples/s]
Casting the dataset:   0%|          | 0/55832 [00:00<?, ? examples/s]
Casting the dataset: 100%|██████████| 55832/55832 [00:00<00:00, 1408850.91 examples/s]

Casting the dataset:   0%|          | 0/108083 [00:00<?, ? examples/s]
Casting the dataset:   0%|          | 0/55832 [00:00<?, ? examples/s]
Casting the dataset: 100%|██████████| 55832/55832 [00:00<00:00, 1428331.52 examples/s]

Casting the dataset: 100%|██████████| 55832/55832 [00:00<00:00, 1392497.95 examples/s]

Casting the dataset: 100%|██████████| 108083/108083 [00:00<00:00, 1387221.72 examples/s]

Generating train split: 0 examples [00:00, ? examples/s]
Generating train split: 54584 examples [00:00, 529853.82 examples/s]
Casting the dataset:   0%|          | 0/123109 [00:00<?, ? examples/s]
Generating train split: 109574 examples [00:00, 539643.65 examples/s]
Casting the dataset: 100%|██████████| 123109/123109 [00:00<00:00, 1402365.46 examples/s]

Generating train split: 157744 examples [00:00, 549769.61 examples/s]

Casting the dataset:   0%|          | 0/157744 [00:00<?, ? examples/s]
Casting the dataset:   0%|          | 0/157744 [00:00<?, ? examples/s]
Casting the dataset:   0%|          | 0/157744 [00:00<?, ? examples/s]
Casting the dataset: 100%|██████████| 157744/157744 [00:00<00:00, 1545563.32 examples/s]

Casting the dataset:   0%|          | 0/131024 [00:00<?, ? examples/s]
Casting the dataset: 100%|██████████| 157744/157744 [00:00<00:00, 1563171.23 examples/s]
Casting the dataset: 100%|██████████| 157744/157744 [00:00<00:00, 1495920.73 examples/s]

Casting the dataset: 100%|██████████| 157744/157744 [00:00<00:00, 1544917.32 examples/s]

Casting the dataset: 100%|██████████| 131024/131024 [00:00<00:00, 1405441.90 examples/s]

Generating train split: 0 examples [00:00, ? examples/s]
Generating train split: 49616 examples [00:00, 532665.93 examples/s]

Casting the dataset:   0%|          | 0/49616 [00:00<?, ? examples/s]
Casting the dataset:   0%|          | 0/49616 [00:00<?, ? examples/s]
Casting the dataset:   0%|          | 0/94302 [00:00<?, ? examples/s]
Casting the dataset: 100%|██████████| 49616/49616 [00:00<00:00, 1443246.42 examples/s]
Casting the dataset:   0%|          | 0/49616 [00:00<?, ? examples/s]

Casting the dataset: 100%|██████████| 49616/49616 [00:00<00:00, 1388483.96 examples/s]

Casting the dataset: 100%|██████████| 49616/49616 [00:00<00:00, 1413379.52 examples/s]

Casting the dataset: 100%|██████████| 94302/94302 [00:00<00:00, 1393574.41 examples/s]

Generating train split: 0 examples [00:00, ? examples/s]
Casting the dataset:   0%|          | 0/52486 [00:00<?, ? examples/s]
Casting the dataset: 100%|██████████| 52486/52486 [00:00<00:00, 1342363.47 examples/s]

Generating train split: 55421 examples [00:00, 538901.63 examples/s]
Generating train split: 76063 examples [00:00, 554187.52 examples/s]

Casting the dataset:   0%|          | 0/76063 [00:00<?, ? examples/s]
Casting the dataset:   0%|          | 0/76063 [00:00<?, ? examples/s]
Casting the dataset:   0%|          | 0/47565 [00:00<?, ? examples/s]
Casting the dataset:   0%|          | 0/76063 [00:00<?, ? examples/s]
Casting the dataset: 100%|██████████| 76063/76063 [00:00<00:00, 1473592.70 examples/s]

Casting the dataset: 100%|██████████| 47565/47565 [00:00<00:00, 1311142.09 examples/s]

Casting the dataset: 100%|██████████| 76063/76063 [00:00<00:00, 1450182.03 examples/s]

Casting the dataset: 100%|██████████| 76063/76063 [00:00<00:00, 1440992.18 examples/s]

Casting the dataset:   0%|          | 0/77014 [00:00<?, ? examples/s]
Generating train split: 0 examples [00:00, ? examples/s]
Casting the dataset: 100%|██████████| 77014/77014 [00:00<00:00, 1402776.40 examples/s]

Generating train split: 53601 examples [00:00, 528909.71 examples/s]
Generating train split: 82723 examples [00:00, 549874.66 examples/s]

Casting the dataset:   0%|          | 0/82723 [00:00<?, ? examples/s]
Casting the dataset:   0%|          | 0/82723 [00:00<?, ? examples/s]
Casting the dataset:   0%|          | 0/98332 [00:00<?, ? examples/s]
Casting the dataset:   0%|          | 0/82723 [00:00<?, ? examples/s]
Casting the dataset: 100%|██████████| 82723/82723 [00:00<00:00, 1472563.49 examples/s]

Casting the dataset: 100%|██████████| 82723/82723 [00:00<00:00, 1485348.00 examples/s]

Casting the dataset: 100%|██████████| 98332/98332 [00:00<00:00, 1374464.88 examples/s]

Casting the dataset: 100%|██████████| 82723/82723 [00:00<00:00, 1461503.90 examples/s]

Generating train split: 0 examples [00:00, ? examples/s]
Generating train split: 28088 examples [00:00, 546812.27 examples/s]

Casting the dataset:   0%|          | 0/28088 [00:00<?, ? examples/s]
Casting the dataset:   0%|          | 0/216507 [00:00<?, ? examples/s]
Casting the dataset:   0%|          | 0/28088 [00:00<?, ? examples/s]
Casting the dataset: 100%|██████████| 28088/28088 [00:00<00:00, 1321091.00 examples/s]

Casting the dataset:   0%|          | 0/28088 [00:00<?, ? examples/s]
Casting the dataset: 100%|██████████| 28088/28088 [00:00<00:00, 1287832.30 examples/s]

Casting the dataset: 100%|██████████| 28088/28088 [00:00<00:00, 1327866.13 examples/s]

Casting the dataset:  70%|██████▉   | 151000/216507 [00:00<00:00, 1496631.21 examples/s]
Casting the dataset: 100%|██████████| 216507/216507 [00:00<00:00, 1447859.73 examples/s]

Generating train split: 0 examples [00:00, ? examples/s]
Generating train split: 36239 examples [00:00, 357155.17 examples/s]
Casting the dataset:   0%|          | 0/144551 [00:00<?, ? examples/s]
Casting the dataset: 100%|██████████| 144551/144551 [00:00<00:00, 1451477.44 examples/s]

Generating train split: 93295 examples [00:00, 470477.89 examples/s]
Generating train split: 120446 examples [00:00, 486569.53 examples/s]

Casting the dataset:   0%|          | 0/120446 [00:00<?, ? examples/s]
Casting the dataset:   0%|          | 0/120446 [00:00<?, ? examples/s]
Casting the dataset:   0%|          | 0/120446 [00:00<?, ? examples/s]
Casting the dataset:   0%|          | 0/178570 [00:00<?, ? examples/s]
Casting the dataset: 100%|██████████| 120446/120446 [00:00<00:00, 1476870.37 examples/s]

Casting the dataset: 100%|██████████| 120446/120446 [00:00<00:00, 1465083.43 examples/s]

Casting the dataset: 100%|██████████| 120446/120446 [00:00<00:00, 1497392.06 examples/s]

Casting the dataset:  84%|████████▍ | 150000/178570 [00:00<00:00, 1474793.89 examples/s]
Casting the dataset: 100%|██████████| 178570/178570 [00:00<00:00, 1421542.95 examples/s]

Generating train split: 0 examples [00:00, ? examples/s]
Generating train split: 55695 examples [00:00, 542485.29 examples/s]
Casting the dataset:   0%|          | 0/158034 [00:00<?, ? examples/s]
Generating train split: 71365 examples [00:00, 558702.43 examples/s]

Casting the dataset:   0%|          | 0/71365 [00:00<?, ? examples/s]
Casting the dataset:   0%|          | 0/71365 [00:00<?, ? examples/s]
Casting the dataset:   0%|          | 0/71365 [00:00<?, ? examples/s]
Casting the dataset: 100%|██████████| 71365/71365 [00:00<00:00, 1465218.25 examples/s]

Casting the dataset: 100%|██████████| 71365/71365 [00:00<00:00, 1446888.50 examples/s]

Casting the dataset:  95%|█████████▍| 150000/158034 [00:00<00:00, 1479708.92 examples/s]
Casting the dataset: 100%|██████████| 71365/71365 [00:00<00:00, 1443803.75 examples/s]

Casting the dataset: 100%|██████████| 158034/158034 [00:00<00:00, 1414562.22 examples/s]

Casting the dataset:   0%|          | 0/143295 [00:00<?, ? examples/s]
Casting the dataset:   0%|          | 0/34519 [00:00<?, ? examples/s]
Casting the dataset: 100%|██████████| 34519/34519 [00:00<00:00, 1178555.45 examples/s]

Generating train split: 0 examples [00:00, ? examples/s]
Casting the dataset: 100%|██████████| 143295/143295 [00:00<00:00, 1396172.15 examples/s]

Casting the dataset:   0%|          | 0/203241 [00:00<?, ? examples/s]
Generating train split: 55649 examples [00:00, 546196.36 examples/s]
Casting the dataset:  74%|███████▍  | 151000/203241 [00:00<00:00, 1488058.23 examples/s]
Generating train split: 114218 examples [00:00, 558524.46 examples/s]
Casting the dataset: 100%|██████████| 203241/203241 [00:00<00:00, 1433332.67 examples/s]

Generating train split: 145091 examples [00:00, 571013.35 examples/s]

Casting the dataset:   0%|          | 0/145091 [00:00<?, ? examples/s]
Casting the dataset:   0%|          | 0/189453 [00:00<?, ? examples/s]
Casting the dataset:   0%|          | 0/145091 [00:00<?, ? examples/s]
Casting the dataset:   0%|          | 0/145091 [00:00<?, ? examples/s]
Casting the dataset: 100%|██████████| 145091/145091 [00:00<00:00, 1537821.02 examples/s]

Casting the dataset:  77%|███████▋  | 146000/189453 [00:00<00:00, 1432487.58 examples/s]
Casting the dataset:   0%|          | 0/86742 [00:00<?, ? examples/s]
Casting the dataset: 100%|██████████| 145091/145091 [00:00<00:00, 1502758.95 examples/s]

Casting the dataset: 100%|██████████| 145091/145091 [00:00<00:00, 1538995.51 examples/s]

Casting the dataset: 100%|██████████| 189453/189453 [00:00<00:00, 1387571.73 examples/s]

Casting the dataset: 100%|██████████| 86742/86742 [00:00<00:00, 1402839.89 examples/s]
[TRAIN rank=3] >>> instantiate(cfg.model) DONE
[TRAIN rank=3] >>> build_datasets() START
[TRAIN rank=3]     dataset_dirs (train): ['/data/share/1919650160032350208/foundation_model/datasets/astribot_lerobotv3//oven_new_2_fx_20260513_compressed', '/data/share/1919650160032350208/foundation_model/datasets/astribot_lerobotv3//oven_new_2_fx_20260514_compressed', '/data/share/1919650160032350208/foundation_model/datasets/astribot_lerobotv3//oven_new_2_fx_20260515_compressed', '/data/share/1919650160032350208/foundation_model/datasets/astribot_lerobotv3//oven_new_2_fx_20260518_compressed', '/data/share/1919650160032350208/foundation_model/datasets/astribot_lerobotv3//fridge_chicken_golden_zjm_20260324_compressed', '/data/share/1919650160032350208/foundation_model/datasets/astribot_lerobotv3//fridge_chicken_golden_zjm_20260325_compressed', '/data/share/1919650160032350208/foundation_model/datasets/astribot_lerobotv3//fridge_chicken_golden_zjm_20260327_compressed', '/data/share/1919650160032350208/foundation_model/datasets/astribot_lerobotv3//fridge_fruits_fx_20260508_compressed', '/data/share/1919650160032350208/foundation_model/datasets/astribot_lerobotv3//fridge_fruits_fx_20260509_compressed', '/data/share/1919650160032350208/foundation_model/datasets/astribot_lerobotv3//fridge_fruits_fx_20260511_compressed', '/data/share/1919650160032350208/foundation_model/datasets/astribot_lerobotv3//fridge_fruits_fx_20260602_compressed', '/data/share/1919650160032350208/foundation_model/datasets/astribot_lerobotv3//fridge_fruits_fx_20260603_compressed', '/data/share/1919650160032350208/foundation_model/datasets/astribot_lerobotv3//fridge_meat_fx_20260428_compressed', '/data/share/1919650160032350208/foundation_model/datasets/astribot_lerobotv3//fridge_meat_fx_20260429_compressed', '/data/share/1919650160032350208/foundation_model/datasets/astribot_lerobotv3//fridge_meat_fx_20260430_compressed', '/data/share/1919650160032350208/foundation_model/datasets/astribot_lerobotv3//fridge_salmon_golden_zjm_20260310_compressed', '/data/share/1919650160032350208/foundation_model/datasets/astribot_lerobotv3//fridge_salmon_golden_zjm_20260311_compressed', '/data/share/1919650160032350208/foundation_model/datasets/astribot_lerobotv3//fridge_salmon_golden_zjm_20260312_compressed', '/data/share/1919650160032350208/foundation_model/datasets/astribot_lerobotv3//fridge_salmon_golden_zjm_20260313_compressed', '/data/share/1919650160032350208/foundation_model/datasets/astribot_lerobotv3//fridge_salmon_zjm_20260306_compressed', '/data/share/1919650160032350208/foundation_model/datasets/astribot_lerobotv3//fridge_salmon_zjm_20260309_compressed', '/data/share/1919650160032350208/foundation_model/datasets/astribot_lerobotv3//fridge_shrimp_fx_20260423_compressed', '/data/share/1919650160032350208/foundation_model/datasets/astribot_lerobotv3//fridge_shrimp_fx_20260424_1_compressed', '/data/share/1919650160032350208/foundation_model/datasets/astribot_lerobotv3//fridge_shrimp_fx_20260424_2_compressed', '/data/share/1919650160032350208/foundation_model/datasets/astribot_lerobotv3//fridge_shrimp_fx_20260427_compressed', '/data/share/1919650160032350208/foundation_model/datasets/astribot_lerobotv3//fridge_shrimp_fx_20260428_compressed', '/data/share/1919650160032350208/foundation_model/datasets/astribot_lerobotv3//fridge_tray_middle_fx_20260610_compressed', '/data/share/1919650160032350208/foundation_model/datasets/astribot_lerobotv3//fridge_tray_middle_fx_20260611_compressed', '/data/share/1919650160032350208/foundation_model/datasets/astribot_lerobotv3//fridge_tray_middle_fx_20260615_compressed', '/data/share/1919650160032350208/foundation_model/datasets/astribot_lerobotv3//fridge_chicken_fx_20260506_compressed', '/data/share/1919650160032350208/foundation_model/datasets/astribot_lerobotv3//fridge_chicken_golden_zjm_20260323_compressed', '/data/share/1919650160032350208/foundation_model/datasets/astribot_lerobotv3//dishwasher_2_fx_20260407_compressed', '/data/share/1919650160032350208/foundation_model/datasets/astribot_lerobotv3//dishwasher_2_fx_20260409_compressed', '/data/share/1919650160032350208/foundation_model/datasets/astribot_lerobotv3//dishwasher_2_fx_20260410_compressed', '/data/share/1919650160032350208/foundation_model/datasets/astribot_lerobotv3//dishwasher_2_fx_20260529_compressed', '/data/share/1919650160032350208/foundation_model/datasets/astribot_lerobotv3//dishwasher_2_fx_20260605_compressed', '/data/share/1919650160032350208/foundation_model/datasets/astribot_lerobotv3//dishwasher_2_hcc_20260410_compressed', '/data/share/1919650160032350208/foundation_model/datasets/astribot_lerobotv3//dishwasher_2_hcc_20260416_compressed', '/data/share/1919650160032350208/foundation_model/datasets/astribot_lerobotv3//dishwasher_2_hcc_20260417_compressed', '/data/share/1919650160032350208/foundation_model/datasets/astribot_lerobotv3//dishwasher_2_hcc_20260421_compressed', '/data/share/1919650160032350208/foundation_model/datasets/astribot_lerobotv3//dishwasher_2_hcc_20260422_compressed', '/data/share/1919650160032350208/foundation_model/datasets/astribot_lerobotv3//dishwasher_2_hcc_20260423_compressed', '/data/share/1919650160032350208/foundation_model/datasets/astribot_lerobotv3//dishwasher_2_hcc_20260424_compressed', '/data/share/1919650160032350208/foundation_model/datasets/astribot_lerobotv3//dishwasher_2_hcc_20260507_compressed', '/data/share/1919650160032350208/foundation_model/datasets/astribot_lerobotv3//dishwasher_2_hcc_20260508_compressed', '/data/share/1919650160032350208/foundation_model/datasets/astribot_lerobotv3//dishwasher_2_hcc_20260509_compressed', '/data/share/1919650160032350208/foundation_model/datasets/astribot_lerobotv3//dishwasher_2_hcc_20260511_compressed', '/data/share/1919650160032350208/foundation_model/datasets/astribot_lerobotv3//dishwasher_2_hcc_20260512_compressed', '/data/share/1919650160032350208/foundation_model/datasets/astribot_lerobotv3//dishwasher_2_hcc_20260513_compressed', '/data/share/1919650160032350208/foundation_model/datasets/astribot_lerobotv3//dishwasher_2_hcc_20260518_compressed', '/data/share/1919650160032350208/foundation_model/datasets/astribot_lerobotv3//dishwasher_2_hcc_20260521_compressed', '/data/share/1919650160032350208/foundation_model/datasets/astribot_lerobotv3//dishwasher_2_hcc_20260522_compressed', '/data/share/1919650160032350208/foundation_model/datasets/astribot_lerobotv3//dishwasher_2_hcc_20260525_compressed', '/data/share/1919650160032350208/foundation_model/datasets/astribot_lerobotv3//dishwasher_2_hcc_20260526_compressed', '/data/share/1919650160032350208/foundation_model/datasets/astribot_lerobotv3//dishwasher_2_hcc_20260528_compressed', '/data/share/1919650160032350208/foundation_model/datasets/astribot_lerobotv3//dishwasher_2_hcc_20260601_compressed', '/data/share/1919650160032350208/foundation_model/datasets/astribot_lerobotv3//oven_takeout_fx_20260525_compressed', '/data/share/1919650160032350208/foundation_model/datasets/astribot_lerobotv3//oven_takeout_fx_20260526_compressed', '/data/share/1919650160032350208/foundation_model/datasets/astribot_lerobotv3//oven_takeout_fx_20260527_compressed', '/data/share/1919650160032350208/foundation_model/datasets/astribot_lerobotv3//oven_takeout_fx_20260528_compressed', '/data/share/1919650160032350208/foundation_model/datasets/astribot_lerobotv3//oven_takeout_fx_20260601_compressed', '/data/share/1919650160032350208/foundation_model/datasets/astribot_lerobotv3//oven_takeout_fx_20260608_compressed', '/data/share/1919650160032350208/foundation_model/datasets/astribot_lerobotv3//oven_takeout_fx_20260609_compressed', '/data/share/1919650160032350208/foundation_model/datasets/astribot_lerobotv3//collect_clothes_basket_bxx_20260622_compressed', '/data/share/1919650160032350208/foundation_model/datasets/astribot_lerobotv3//collect_clothes_bxx_20260528_compressed', '/data/share/1919650160032350208/foundation_model/datasets/astribot_lerobotv3//collect_clothes_bxx_20260529_compressed', '/data/share/1919650160032350208/foundation_model/datasets/astribot_lerobotv3//collect_clothes_bxx_20260601_compressed', '/data/share/1919650160032350208/foundation_model/datasets/astribot_lerobotv3//collect_clothes_bxx_20260610_compressed', '/data/share/1919650160032350208/foundation_model/datasets/astribot_lerobotv3//collect_clothes_bxx_20260611_compressed', '/data/share/1919650160032350208/foundation_model/datasets/astribot_lerobotv3//collect_clothes_bxx_20260615_compressed', '/data/share/1919650160032350208/foundation_model/datasets/astribot_lerobotv3//collect_clothes_bxx_20260616_compressed', '/data/share/1919650160032350208/foundation_model/datasets/astribot_lerobotv3//collect_clothes_fx_20260526_compressed', '/data/share/1919650160032350208/foundation_model/datasets/astribot_lerobotv3//collect_clothes_fx_20260528_compressed', '/data/share/1919650160032350208/foundation_model/datasets/astribot_lerobotv3//collect_clothes_fx_20260601_compressed', '/data/share/1919650160032350208/foundation_model/datasets/astribot_lerobotv3//collect_clothes_fx_20260604_compressed', '/data/share/1919650160032350208/foundation_model/datasets/astribot_lerobotv3//collect_clothes_fx_20260611_compressed', '/data/share/1919650160032350208/foundation_model/datasets/astribot_lerobotv3//collect_clothes_fx_20260612_compressed', '/data/share/1919650160032350208/foundation_model/datasets/astribot_lerobotv3//collect_clothes_fx_20260616_compressed', '/data/share/1919650160032350208/foundation_model/datasets/astribot_lerobotv3//collect_clothes_nearsofa_whb_20260622_compressed', '/data/share/1919650160032350208/foundation_model/datasets/astribot_lerobotv3//collect_clothes_recover_whb_20260622_compressed', '/data/share/1919650160032350208/foundation_model/datasets/astribot_lerobotv3//collect_clothes_recover_whb_20260623_compressed', '/data/share/1919650160032350208/foundation_model/datasets/astribot_lerobotv3//collect_clothes_twoclothes_bxx_20260622_compressed', '/data/share/1919650160032350208/foundation_model/datasets/astribot_lerobotv3//collect_clothes_twoclothesonthesoft_bxx_20260618_compressed', '/data/share/1919650160032350208/foundation_model/datasets/astribot_lerobotv3//collect_clothes_twoclothesonthesoft_whb_20260618_compressed', '/data/share/1919650160032350208/foundation_model/datasets/astribot_lerobotv3//collect_clothes_whb_20260615_compressed', '/data/share/1919650160032350208/foundation_model/datasets/astribot_lerobotv3//collect_clothes_whb_20260616_compressed', '/data/share/1919650160032350208/foundation_model/datasets/astribot_lerobotv3//collect_clothes_whb_20260617_compressed', '/data/share/1919650160032350208/foundation_model/datasets/astribot_lerobotv3//collect_twoclothes_onthefloor_bxx_20260610_compressed', '/data/share/1919650160032350208/foundation_model/datasets/astribot_lerobotv3//dry_clothes_bxx_20260508_compressed', '/data/share/1919650160032350208/foundation_model/datasets/astribot_lerobotv3//dry_clothes_bxx_20260509_compressed', '/data/share/1919650160032350208/foundation_model/datasets/astribot_lerobotv3//dry_clothes_bxx_20260513_compressed', '/data/share/1919650160032350208/foundation_model/datasets/astribot_lerobotv3//dry_clothes_bxx_20260514_compressed', '/data/share/1919650160032350208/foundation_model/datasets/astribot_lerobotv3//dry_clothes_bxx_20260520_compressed', '/data/share/1919650160032350208/foundation_model/datasets/astribot_lerobotv3//dry_clothes_bxx_20260521_compressed', '/data/share/1919650160032350208/foundation_model/datasets/astribot_lerobotv3//dry_clothes_bxx_20260522_compressed', '/data/share/1919650160032350208/foundation_model/datasets/astribot_lerobotv3//dry_clothes_bxx_20260527_compressed', '/data/share/1919650160032350208/foundation_model/datasets/astribot_lerobotv3//dry_clothes_bxx_20260528_compressed', '/data/share/1919650160032350208/foundation_model/datasets/astribot_lerobotv3//dry_clothes_bxx_20260601_compressed', '/data/share/1919650160032350208/foundation_model/datasets/astribot_lerobotv3//dry_clothes_bxx_20260602_compressed', '/data/share/1919650160032350208/foundation_model/datasets/astribot_lerobotv3//dry_clothes_bxx_20260603_compressed', '/data/share/1919650160032350208/foundation_model/datasets/astribot_lerobotv3//dry_clothes_bxx_20260604_compressed', '/data/share/1919650160032350208/foundation_model/datasets/astribot_lerobotv3//dry_clothes_bxx_20260605_compressed', '/data/share/1919650160032350208/foundation_model/datasets/astribot_lerobotv3//dry_clothes_bxx_20260609_compressed', '/data/share/1919650160032350208/foundation_model/datasets/astribot_lerobotv3//dry_clothes_grasp_whb_20260624_compressed', '/data/share/1919650160032350208/foundation_model/datasets/astribot_lerobotv3//dry_clothes_openandmove_bxx_20260623_compressed', '/data/share/1919650160032350208/foundation_model/datasets/astribot_lerobotv3//dry_clothes_openandmove_bxx_20260624_compressed', '/data/share/1919650160032350208/foundation_model/datasets/astribot_lerobotv3//dry_clothes_pickup_bxx_20260612_compressed', '/data/share/1919650160032350208/foundation_model/datasets/astribot_lerobotv3//dry_clothes_pickup_bxx_20260615_compressed', '/data/share/1919650160032350208/foundation_model/datasets/astribot_lerobotv3//dry_clothes_pickup_bxx_20260616_compressed', '/data/share/1919650160032350208/foundation_model/datasets/astribot_lerobotv3//dry_clothes_pickup_bxx_20260617_compressed', '/data/share/1919650160032350208/foundation_model/datasets/astribot_lerobotv3//wash_clothes_bxx_20260420_compressed', '/data/share/1919650160032350208/foundation_model/datasets/astribot_lerobotv3//wash_clothes_bxx_20260421_compressed', '/data/share/1919650160032350208/foundation_model/datasets/astribot_lerobotv3//wash_clothes_bxx_20260424_compressed', '/data/share/1919650160032350208/foundation_model/datasets/astribot_lerobotv3//wash_clothes_bxx_20260506_compressed', '/data/share/1919650160032350208/foundation_model/datasets/astribot_lerobotv3//wash_clothes_bxx_20260507_compressed', '/data/share/1919650160032350208/foundation_model/datasets/astribot_lerobotv3//wash_clothes_bxx_20260508_compressed', '/data/share/1919650160032350208/foundation_model/datasets/astribot_lerobotv3//wash_clothes_bxx_20260515_compressed', '/data/share/1919650160032350208/foundation_model/datasets/astribot_lerobotv3//wash_clothes_bxx_20260519_compressed', '/data/share/1919650160032350208/foundation_model/datasets/astribot_lerobotv3//wash_clothes_closeandmove_bxx_20260623_compressed', '/data/share/1919650160032350208/foundation_model/datasets/astribot_lerobotv3//wash_clothes_closeandmove_whb_20260623_compressed', '/data/share/1919650160032350208/foundation_model/datasets/astribot_lerobotv3//wash_clothes_hcc_20260413_compressed', '/data/share/1919650160032350208/foundation_model/datasets/astribot_lerobotv3//wash_clothes_hcc_20260414_compressed', '/data/share/1919650160032350208/foundation_model/datasets/astribot_lerobotv3//wash_clothes_opendoor_bxx_20260617_compressed', '/data/share/1919650160032350208/foundation_model/datasets/astribot_lerobotv3//wash_clothes_pickup1_bxx_20260609_compressed', '/data/share/1919650160032350208/foundation_model/datasets/astribot_lerobotv3//wash_clothes_pickup_bxx_20260525_compressed', '/data/share/1919650160032350208/foundation_model/datasets/astribot_lerobotv3//wash_clothes_pickup_bxx_20260617_compressed', '/data/share/1919650160032350208/foundation_model/datasets/astribot_lerobotv3//wash_clothes_putclothes_bxx_20260617_compressed']

Generating train split: 0 examples [00:00, ? examples/s]
Casting the dataset:   0%|          | 0/64765 [00:00<?, ? examples/s]
Casting the dataset: 100%|██████████| 64765/64765 [00:00<00:00, 1364990.85 examples/s]

Casting the dataset:   0%|          | 0/163551 [00:00<?, ? examples/s]
Generating train split: 57275 examples [00:00, 524697.96 examples/s]
Casting the dataset:   0%|          | 0/43767 [00:00<?, ? examples/s]
Casting the dataset: 100%|██████████| 43767/43767 [00:00<00:00, 1318708.27 examples/s]

Casting the dataset:  92%|█████████▏| 151000/163551 [00:00<00:00, 1488649.33 examples/s]
Casting the dataset: 100%|██████████| 163551/163551 [00:00<00:00, 1427423.48 examples/s]

Generating train split: 124442 examples [00:00, 566164.35 examples/s]
Generating train split: 147826 examples [00:00, 576059.45 examples/s]

Casting the dataset:   0%|          | 0/147826 [00:00<?, ? examples/s]
Casting the dataset:   0%|          | 0/147826 [00:00<?, ? examples/s]
Casting the dataset:   0%|          | 0/147826 [00:00<?, ? examples/s]
Casting the dataset:   0%|          | 0/98013 [00:00<?, ? examples/s]
Casting the dataset: 100%|██████████| 147826/147826 [00:00<00:00, 1534451.08 examples/s]

Casting the dataset: 100%|██████████| 147826/147826 [00:00<00:00, 1507254.40 examples/s]

Casting the dataset: 100%|██████████| 98013/98013 [00:00<00:00, 1396576.70 examples/s]

Casting the dataset: 100%|██████████| 147826/147826 [00:00<00:00, 1541052.80 examples/s]

Casting the dataset:   0%|          | 0/139625 [00:00<?, ? examples/s]
Casting the dataset:   0%|          | 0/70883 [00:00<?, ? examples/s]
Casting the dataset: 100%|██████████| 139625/139625 [00:00<00:00, 1438706.25 examples/s]

Generating train split: 0 examples [00:00, ? examples/s]
Casting the dataset: 100%|██████████| 70883/70883 [00:00<00:00, 1422613.35 examples/s]

Generating train split: 57455 examples [00:00, 523404.35 examples/s]
Casting the dataset:   0%|          | 0/146127 [00:00<?, ? examples/s]
Generating train split: 122396 examples [00:00, 555555.86 examples/s]
Casting the dataset: 100%|██████████| 146127/146127 [00:00<00:00, 1414926.91 examples/s]

Generating train split: 144287 examples [00:00, 567357.27 examples/s]

Casting the dataset:   0%|          | 0/144287 [00:00<?, ? examples/s]
Casting the dataset:   0%|          | 0/144287 [00:00<?, ? examples/s]
Casting the dataset:   0%|          | 0/144287 [00:00<?, ? examples/s]
Casting the dataset:   0%|          | 0/79886 [00:00<?, ? examples/s]
Casting the dataset: 100%|██████████| 144287/144287 [00:00<00:00, 1524188.31 examples/s]

Casting the dataset: 100%|██████████| 144287/144287 [00:00<00:00, 1518531.87 examples/s]

Casting the dataset: 100%|██████████| 79886/79886 [00:00<00:00, 1355610.18 examples/s]

Casting the dataset: 100%|██████████| 144287/144287 [00:00<00:00, 1508629.09 examples/s]

Casting the dataset:   0%|          | 0/92133 [00:00<?, ? examples/s]
Casting the dataset:   0%|          | 0/108394 [00:00<?, ? examples/s]
Generating train split: 0 examples [00:00, ? examples/s]
Casting the dataset: 100%|██████████| 92133/92133 [00:00<00:00, 1380875.30 examples/s]

Casting the dataset: 100%|██████████| 108394/108394 [00:00<00:00, 1383200.90 examples/s]

Generating train split: 50433 examples [00:00, 565203.41 examples/s]

Casting the dataset:   0%|          | 0/50433 [00:00<?, ? examples/s]
Casting the dataset:   0%|          | 0/50433 [00:00<?, ? examples/s]
Casting the dataset: 100%|██████████| 50433/50433 [00:00<00:00, 1449390.75 examples/s]

Casting the dataset:   0%|          | 0/10624 [00:00<?, ? examples/s]
Casting the dataset:   0%|          | 0/50433 [00:00<?, ? examples/s]
Casting the dataset: 100%|██████████| 50433/50433 [00:00<00:00, 1438606.99 examples/s]

Casting the dataset: 100%|██████████| 10624/10624 [00:00<00:00, 962508.33 examples/s]

Casting the dataset: 100%|██████████| 50433/50433 [00:00<00:00, 1418835.41 examples/s]

Casting the dataset:   0%|          | 0/108083 [00:00<?, ? examples/s]
Generating train split: 0 examples [00:00, ? examples/s]
Casting the dataset: 100%|██████████| 108083/108083 [00:00<00:00, 1416457.46 examples/s]

Generating train split: 56438 examples [00:00, 521744.59 examples/s]
Casting the dataset:   0%|          | 0/81255 [00:00<?, ? examples/s]
Generating train split: 116421 examples [00:00, 557660.98 examples/s]
Casting the dataset:   0%|          | 0/123109 [00:00<?, ? examples/s]
Generating train split: 139765 examples [00:00, 563336.97 examples/s]

Casting the dataset:   0%|          | 0/139765 [00:00<?, ? examples/s]
Casting the dataset: 100%|██████████| 81255/81255 [00:00<00:00, 1351019.47 examples/s]

Casting the dataset:   0%|          | 0/139765 [00:00<?, ? examples/s]
Casting the dataset:   0%|          | 0/139765 [00:00<?, ? examples/s]
Casting the dataset: 100%|██████████| 123109/123109 [00:00<00:00, 1400326.98 examples/s]

Casting the dataset: 100%|██████████| 139765/139765 [00:00<00:00, 1531768.25 examples/s]

Casting the dataset: 100%|██████████| 139765/139765 [00:00<00:00, 1489005.25 examples/s]

Casting the dataset: 100%|██████████| 139765/139765 [00:00<00:00, 1535286.47 examples/s]

Casting the dataset:   0%|          | 0/55832 [00:00<?, ? examples/s]
Casting the dataset: 100%|██████████| 55832/55832 [00:00<00:00, 1366918.52 examples/s]

Generating train split: 0 examples [00:00, ? examples/s]
Casting the dataset:   0%|          | 0/131024 [00:00<?, ? examples/s]
Casting the dataset:   0%|          | 0/157744 [00:00<?, ? examples/s]
Generating train split: 55360 examples [00:00, 545203.38 examples/s]
Casting the dataset: 100%|██████████| 131024/131024 [00:00<00:00, 1433756.30 examples/s]

Generating train split: 85107 examples [00:00, 564595.90 examples/s]

Casting the dataset:   0%|          | 0/85107 [00:00<?, ? examples/s]
Casting the dataset:  97%|█████████▋| 153000/157744 [00:00<00:00, 1516644.09 examples/s]
Casting the dataset: 100%|██████████| 157744/157744 [00:00<00:00, 1452068.48 examples/s]

Casting the dataset:   0%|          | 0/85107 [00:00<?, ? examples/s]
Casting the dataset:   0%|          | 0/85107 [00:00<?, ? examples/s]
Casting the dataset: 100%|██████████| 85107/85107 [00:00<00:00, 1485582.31 examples/s]

Casting the dataset: 100%|██████████| 85107/85107 [00:00<00:00, 1510175.15 examples/s]

Casting the dataset: 100%|██████████| 85107/85107 [00:00<00:00, 1491385.58 examples/s]

Casting the dataset:   0%|          | 0/49616 [00:00<?, ? examples/s]
Casting the dataset:   0%|          | 0/94302 [00:00<?, ? examples/s]
Casting the dataset: 100%|██████████| 49616/49616 [00:00<00:00, 1363761.75 examples/s]

Casting the dataset: 100%|██████████| 94302/94302 [00:00<00:00, 1404650.27 examples/s]

Generating train split: 0 examples [00:00, ? examples/s]
Casting the dataset:   0%|          | 0/76063 [00:00<?, ? examples/s]
Casting the dataset: 100%|██████████| 76063/76063 [00:00<00:00, 1404051.30 examples/s]

Casting the dataset:   0%|          | 0/52486 [00:00<?, ? examples/s]
Generating train split: 55519 examples [00:00, 544111.89 examples/s]
Casting the dataset: 100%|██████████| 52486/52486 [00:00<00:00, 1344248.74 examples/s]

Casting the dataset:   0%|          | 0/82723 [00:00<?, ? examples/s]
Generating train split: 85381 examples [00:00, 571207.34 examples/s]

Casting the dataset:   0%|          | 0/85381 [00:00<?, ? examples/s]
Casting the dataset:   0%|          | 0/85381 [00:00<?, ? examples/s]
Casting the dataset:   0%|          | 0/85381 [00:00<?, ? examples/s]
Casting the dataset: 100%|██████████| 82723/82723 [00:00<00:00, 1443589.99 examples/s]

Casting the dataset:   0%|          | 0/47565 [00:00<?, ? examples/s]
Casting the dataset: 100%|██████████| 85381/85381 [00:00<00:00, 1469583.02 examples/s]

Casting the dataset: 100%|██████████| 85381/85381 [00:00<00:00, 1450282.35 examples/s]

Casting the dataset: 100%|██████████| 47565/47565 [00:00<00:00, 1346258.65 examples/s]

Casting the dataset:   0%|          | 0/28088 [00:00<?, ? examples/s]
Casting the dataset: 100%|██████████| 85381/85381 [00:00<00:00, 1497219.19 examples/s]

Casting the dataset: 100%|██████████| 28088/28088 [00:00<00:00, 1300140.28 examples/s]

Casting the dataset:   0%|          | 0/77014 [00:00<?, ? examples/s]
Casting the dataset:   0%|          | 0/120446 [00:00<?, ? examples/s]
Generating train split: 0 examples [00:00, ? examples/s]
Casting the dataset: 100%|██████████| 77014/77014 [00:00<00:00, 1426590.92 examples/s]

Casting the dataset: 100%|██████████| 120446/120446 [00:00<00:00, 1451295.17 examples/s]

Casting the dataset:   0%|          | 0/143295 [00:00<?, ? examples/s]
Generating train split: 53806 examples [00:00, 528195.03 examples/s]
Casting the dataset:   0%|          | 0/71365 [00:00<?, ? examples/s]
Casting the dataset:   0%|          | 0/98332 [00:00<?, ? examples/s]
Casting the dataset: 100%|██████████| 71365/71365 [00:00<00:00, 1403509.66 examples/s]

Casting the dataset: 100%|██████████| 143295/143295 [00:00<00:00, 1411332.01 examples/s]
Generating train split: 115292 examples [00:00, 570394.67 examples/s]

Casting the dataset: 100%|██████████| 98332/98332 [00:00<00:00, 1425318.03 examples/s]

Casting the dataset:   0%|          | 0/145091 [00:00<?, ? examples/s]
Generating train split: 173838 examples [00:00, 574047.59 examples/s]

Casting the dataset:   0%|          | 0/173838 [00:00<?, ? examples/s]
Casting the dataset:   0%|          | 0/173838 [00:00<?, ? examples/s]
Casting the dataset:   0%|          | 0/216507 [00:00<?, ? examples/s]
Casting the dataset:   0%|          | 0/173838 [00:00<?, ? examples/s]
Casting the dataset: 100%|██████████| 145091/145091 [00:00<00:00, 1430445.27 examples/s]

Casting the dataset:  94%|█████████▍| 163000/173838 [00:00<00:00, 1608014.66 examples/s]
Casting the dataset: 100%|██████████| 173838/173838 [00:00<00:00, 1540535.77 examples/s]

Casting the dataset:  90%|████████▉ | 156000/173838 [00:00<00:00, 1546934.26 examples/s]
Casting the dataset: 100%|██████████| 173838/173838 [00:00<00:00, 1481666.20 examples/s]

Casting the dataset:   0%|          | 0/143295 [00:00<?, ? examples/s]
Casting the dataset:   0%|          | 0/189453 [00:00<?, ? examples/s]
Casting the dataset:  68%|██████▊   | 148000/216507 [00:00<00:00, 1467070.15 examples/s]
Casting the dataset:  94%|█████████▍| 164000/173838 [00:00<00:00, 1619773.23 examples/s]
Casting the dataset: 100%|██████████| 173838/173838 [00:00<00:00, 1549805.87 examples/s]

Casting the dataset:   0%|          | 0/147826 [00:00<?, ? examples/s]
Casting the dataset: 100%|██████████| 216507/216507 [00:00<00:00, 1425544.65 examples/s]

Casting the dataset:   0%|          | 0/143295 [00:00<?, ? examples/s]
Casting the dataset:  80%|███████▉  | 151000/189453 [00:00<00:00, 1488673.83 examples/s]
Casting the dataset: 100%|██████████| 143295/143295 [00:00<00:00, 1399383.90 examples/s]

Casting the dataset: 100%|██████████| 189453/189453 [00:00<00:00, 1425602.09 examples/s]

Casting the dataset: 100%|██████████| 147826/147826 [00:00<00:00, 1452003.29 examples/s]

Generating train split: 0 examples [00:00, ? examples/s]
Casting the dataset:   0%|          | 0/144551 [00:00<?, ? examples/s]
Casting the dataset: 100%|██████████| 143295/143295 [00:00<00:00, 1439641.07 examples/s]

Casting the dataset:   0%|          | 0/143295 [00:00<?, ? examples/s]
Casting the dataset:   0%|          | 0/144287 [00:00<?, ? examples/s]
Generating train split: 55332 examples [00:00, 539263.90 examples/s]
Casting the dataset: 100%|██████████| 144551/144551 [00:00<00:00, 1435429.19 examples/s]

Casting the dataset: 100%|██████████| 143295/143295 [00:00<00:00, 1393191.45 examples/s]

Casting the dataset: 100%|██████████| 144287/144287 [00:00<00:00, 1444658.99 examples/s]

Casting the dataset:   0%|          | 0/189453 [00:00<?, ? examples/s]
Generating train split: 112807 examples [00:00, 550794.45 examples/s]
Casting the dataset:   0%|          | 0/163551 [00:00<?, ? examples/s]
Casting the dataset:   0%|          | 0/178570 [00:00<?, ? examples/s]
Casting the dataset:   0%|          | 0/50433 [00:00<?, ? examples/s]
Casting the dataset:  79%|███████▊  | 149000/189453 [00:00<00:00, 1460309.88 examples/s]
Casting the dataset:   0%|          | 0/189453 [00:00<?, ? examples/s]
Casting the dataset: 100%|██████████| 50433/50433 [00:00<00:00, 1297993.06 examples/s]

Generating train split: 173516 examples [00:00, 571178.64 examples/s]
Generating train split: 173516 examples [00:00, 563654.94 examples/s]

Casting the dataset:  92%|█████████▏| 151000/163551 [00:00<00:00, 1485726.39 examples/s]
Casting the dataset:   0%|          | 0/173516 [00:00<?, ? examples/s]
Casting the dataset: 100%|██████████| 163551/163551 [00:00<00:00, 1420250.92 examples/s]

Casting the dataset:   0%|          | 0/173516 [00:00<?, ? examples/s]
Casting the dataset: 100%|██████████| 189453/189453 [00:00<00:00, 1410069.43 examples/s]

Casting the dataset:  83%|████████▎ | 149000/178570 [00:00<00:00, 1470944.34 examples/s]
Casting the dataset:   0%|          | 0/173516 [00:00<?, ? examples/s]
Casting the dataset: 100%|██████████| 178570/178570 [00:00<00:00, 1411911.82 examples/s]

Casting the dataset:  80%|████████  | 152000/189453 [00:00<00:00, 1502594.24 examples/s]
Casting the dataset:   0%|          | 0/139765 [00:00<?, ? examples/s]
Casting the dataset:  93%|█████████▎| 161000/173516 [00:00<00:00, 1586295.79 examples/s]
Casting the dataset:  93%|█████████▎| 162000/173516 [00:00<00:00, 1607670.82 examples/s]
Casting the dataset: 100%|██████████| 173516/173516 [00:00<00:00, 1519127.10 examples/s]

Casting the dataset: 100%|██████████| 189453/189453 [00:00<00:00, 1440730.67 examples/s]

Casting the dataset: 100%|██████████| 173516/173516 [00:00<00:00, 1539669.87 examples/s]

Casting the dataset:  92%|█████████▏| 159000/173516 [00:00<00:00, 1566840.53 examples/s]
Casting the dataset:   0%|          | 0/189453 [00:00<?, ? examples/s]
Casting the dataset: 100%|██████████| 173516/173516 [00:00<00:00, 1504356.01 examples/s]

Casting the dataset: 100%|██████████| 139765/139765 [00:00<00:00, 1439681.96 examples/s]

Casting the dataset:   0%|          | 0/158034 [00:00<?, ? examples/s]
Casting the dataset:   0%|          | 0/139625 [00:00<?, ? examples/s]
Casting the dataset:   0%|          | 0/163551 [00:00<?, ? examples/s]
Casting the dataset:  77%|███████▋  | 145000/189453 [00:00<00:00, 1431786.16 examples/s]
Casting the dataset:   0%|          | 0/85107 [00:00<?, ? examples/s]
Generating train split: 0 examples [00:00, ? examples/s]
Casting the dataset: 100%|██████████| 189453/189453 [00:00<00:00, 1391320.48 examples/s]

Casting the dataset:  95%|█████████▍| 150000/158034 [00:00<00:00, 1481918.65 examples/s]
Casting the dataset: 100%|██████████| 158034/158034 [00:00<00:00, 1415220.62 examples/s]

Casting the dataset: 100%|██████████| 139625/139625 [00:00<00:00, 1422366.89 examples/s]

Casting the dataset: 100%|██████████| 85107/85107 [00:00<00:00, 1416116.09 examples/s]

Casting the dataset:  92%|█████████▏| 150000/163551 [00:00<00:00, 1482508.80 examples/s]
Casting the dataset: 100%|██████████| 163551/163551 [00:00<00:00, 1417243.32 examples/s]

Casting the dataset:   0%|          | 0/34519 [00:00<?, ? examples/s]
Casting the dataset:   0%|          | 0/163551 [00:00<?, ? examples/s]
Generating train split: 53839 examples [00:00, 530031.18 examples/s]
Casting the dataset: 100%|██████████| 34519/34519 [00:00<00:00, 1273412.49 examples/s]

Casting the dataset:   0%|          | 0/85381 [00:00<?, ? examples/s]
Casting the dataset:   0%|          | 0/146127 [00:00<?, ? examples/s]
Casting the dataset: 100%|██████████| 85381/85381 [00:00<00:00, 1409974.84 examples/s]

Casting the dataset:  92%|█████████▏| 151000/163551 [00:00<00:00, 1488317.00 examples/s]
Generating train split: 110470 examples [00:00, 547829.73 examples/s]
Generating train split: 112181 examples [00:00, 548513.21 examples/s]

Casting the dataset: 100%|██████████| 163551/163551 [00:00<00:00, 1421033.51 examples/s]

Casting the dataset:   0%|          | 0/112181 [00:00<?, ? examples/s]
Casting the dataset:   0%|          | 0/203241 [00:00<?, ? examples/s]
Casting the dataset:   0%|          | 0/112181 [00:00<?, ? examples/s]
Casting the dataset:   0%|          | 0/112181 [00:00<?, ? examples/s]
Casting the dataset: 100%|██████████| 146127/146127 [00:00<00:00, 1405198.15 examples/s]

Casting the dataset: 100%|██████████| 112181/112181 [00:00<00:00, 1463504.90 examples/s]

Casting the dataset:   0%|          | 0/163551 [00:00<?, ? examples/s]
Casting the dataset:   0%|          | 0/173838 [00:00<?, ? examples/s]
Casting the dataset:   0%|          | 0/139625 [00:00<?, ? examples/s]
Casting the dataset: 100%|██████████| 112181/112181 [00:00<00:00, 1515800.72 examples/s]

Casting the dataset: 100%|██████████| 112181/112181 [00:00<00:00, 1459007.66 examples/s]

Casting the dataset:  74%|███████▍  | 150000/203241 [00:00<00:00, 1470718.90 examples/s]
Casting the dataset: 100%|██████████| 203241/203241 [00:00<00:00, 1418131.66 examples/s]

Casting the dataset:   0%|          | 0/79886 [00:00<?, ? examples/s]
Casting the dataset:  92%|█████████▏| 150000/163551 [00:00<00:00, 1480098.81 examples/s]
Casting the dataset:  88%|████████▊ | 153000/173838 [00:00<00:00, 1510503.88 examples/s]
Casting the dataset: 100%|██████████| 163551/163551 [00:00<00:00, 1415441.94 examples/s]

Casting the dataset:  90%|█████████ | 126000/139625 [00:00<00:00, 1238864.62 examples/s]
Casting the dataset: 100%|██████████| 173838/173838 [00:00<00:00, 1449953.50 examples/s]

Casting the dataset: 100%|██████████| 139625/139625 [00:00<00:00, 1165557.48 examples/s]

Generating train split: 0 examples [00:00, ? examples/s]
Casting the dataset:   0%|          | 0/139625 [00:00<?, ? examples/s]
Casting the dataset: 100%|██████████| 79886/79886 [00:00<00:00, 1393339.78 examples/s]

Casting the dataset:   0%|          | 0/143295 [00:00<?, ? examples/s]
Casting the dataset:   0%|          | 0/86742 [00:00<?, ? examples/s]
Casting the dataset:   0%|          | 0/108394 [00:00<?, ? examples/s]
Casting the dataset: 100%|██████████| 139625/139625 [00:00<00:00, 1435479.49 examples/s]

Casting the dataset:   0%|          | 0/173516 [00:00<?, ? examples/s]
Generating train split: 57941 examples [00:00, 552485.09 examples/s]
Casting the dataset: 100%|██████████| 86742/86742 [00:00<00:00, 1389350.69 examples/s]

Casting the dataset: 100%|██████████| 143295/143295 [00:00<00:00, 1392432.94 examples/s]

Casting the dataset:   0%|          | 0/143295 [00:00<?, ? examples/s]
Casting the dataset:   0%|          | 0/146127 [00:00<?, ? examples/s]
Generating train split: 98164 examples [00:00, 578341.03 examples/s]

Casting the dataset: 100%|██████████| 108394/108394 [00:00<00:00, 1397929.38 examples/s]

Casting the dataset:   0%|          | 0/98164 [00:00<?, ? examples/s]
Casting the dataset:   0%|          | 0/139625 [00:00<?, ? examples/s]
Casting the dataset:  86%|████████▌ | 149000/173516 [00:00<00:00, 1478320.91 examples/s]
Casting the dataset:   0%|          | 0/98164 [00:00<?, ? examples/s]
Casting the dataset:   0%|          | 0/98164 [00:00<?, ? examples/s]
Casting the dataset: 100%|██████████| 173516/173516 [00:00<00:00, 1421459.73 examples/s]

Casting the dataset:   0%|          | 0/146127 [00:00<?, ? examples/s]
Casting the dataset: 100%|██████████| 98164/98164 [00:00<00:00, 1482994.37 examples/s]

Casting the dataset:   0%|          | 0/64765 [00:00<?, ? examples/s]
Casting the dataset: 100%|██████████| 143295/143295 [00:00<00:00, 1415656.88 examples/s]

Casting the dataset:  83%|████████▎ | 121000/146127 [00:00<00:00, 1190484.73 examples/s]
Casting the dataset:   0%|          | 0/143295 [00:00<?, ? examples/s]
Casting the dataset: 100%|██████████| 98164/98164 [00:00<00:00, 1488118.53 examples/s]

Casting the dataset: 100%|██████████| 146127/146127 [00:00<00:00, 1127429.40 examples/s]

Casting the dataset: 100%|██████████| 98164/98164 [00:00<00:00, 1457037.50 examples/s]

Casting the dataset: 100%|██████████| 139625/139625 [00:00<00:00, 1382333.41 examples/s]

Casting the dataset: 100%|██████████| 64765/64765 [00:00<00:00, 1347755.17 examples/s]

Casting the dataset:   0%|          | 0/112181 [00:00<?, ? examples/s]
Casting the dataset: 100%|██████████| 146127/146127 [00:00<00:00, 1435842.97 examples/s]

Casting the dataset:   0%|          | 0/108083 [00:00<?, ? examples/s]
Casting the dataset: 100%|██████████| 143295/143295 [00:00<00:00, 1436067.07 examples/s]

Casting the dataset:   0%|          | 0/79886 [00:00<?, ? examples/s]
Casting the dataset:   0%|          | 0/43767 [00:00<?, ? examples/s]
Casting the dataset:   0%|          | 0/189453 [00:00<?, ? examples/s]
Generating train split: 0 examples [00:00, ? examples/s]
Casting the dataset: 100%|██████████| 112181/112181 [00:00<00:00, 1425908.29 examples/s]

Casting the dataset: 100%|██████████| 108083/108083 [00:00<00:00, 1405321.91 examples/s]

Casting the dataset: 100%|██████████| 43767/43767 [00:00<00:00, 1304372.04 examples/s]

Casting the dataset:   0%|          | 0/79886 [00:00<?, ? examples/s]
Casting the dataset:   0%|          | 0/146127 [00:00<?, ? examples/s]
Casting the dataset: 100%|██████████| 79886/79886 [00:00<00:00, 1160816.39 examples/s]

Casting the dataset:   0%|          | 0/98164 [00:00<?, ? examples/s]
Casting the dataset:  77%|███████▋  | 146000/189453 [00:00<00:00, 1442244.55 examples/s]
Casting the dataset:   0%|          | 0/189453 [00:00<?, ? examples/s]
Generating train split: 56803 examples [00:00, 553795.81 examples/s]
Casting the dataset: 100%|██████████| 79886/79886 [00:00<00:00, 1400023.27 examples/s]

Casting the dataset: 100%|██████████| 189453/189453 [00:00<00:00, 1398517.18 examples/s]

Casting the dataset: 100%|██████████| 146127/146127 [00:00<00:00, 1418670.36 examples/s]

Casting the dataset:   0%|          | 0/108394 [00:00<?, ? examples/s]
Casting the dataset: 100%|██████████| 98164/98164 [00:00<00:00, 1428114.37 examples/s]

Casting the dataset:   0%|          | 0/98013 [00:00<?, ? examples/s]
Casting the dataset:   0%|          | 0/108394 [00:00<?, ? examples/s]
Casting the dataset:  82%|████████▏ | 155000/189453 [00:00<00:00, 1525545.04 examples/s]
Generating train split: 115344 examples [00:00, 554980.40 examples/s]
Generating train split: 115344 examples [00:00, 553647.61 examples/s]

Casting the dataset:   0%|          | 0/115344 [00:00<?, ? examples/s]
Casting the dataset:   0%|          | 0/189453 [00:00<?, ? examples/s]
Casting the dataset:   0%|          | 0/115344 [00:00<?, ? examples/s]
Casting the dataset:   0%|          | 0/115344 [00:00<?, ? examples/s]
Casting the dataset:   0%|          | 0/123109 [00:00<?, ? examples/s]
Casting the dataset: 100%|██████████| 189453/189453 [00:00<00:00, 1462764.62 examples/s]

Casting the dataset: 100%|██████████| 98013/98013 [00:00<00:00, 1431937.32 examples/s]

Casting the dataset: 100%|██████████| 108394/108394 [00:00<00:00, 1102319.60 examples/s]

Casting the dataset:   0%|          | 0/115344 [00:00<?, ? examples/s]
Casting the dataset:   0%|          | 0/79886 [00:00<?, ? examples/s]
Casting the dataset: 100%|██████████| 108394/108394 [00:00<00:00, 1424440.93 examples/s]

Casting the dataset: 100%|██████████| 115344/115344 [00:00<00:00, 1495785.23 examples/s]

Casting the dataset: 100%|██████████| 115344/115344 [00:00<00:00, 1497461.25 examples/s]

Casting the dataset: 100%|██████████| 115344/115344 [00:00<00:00, 1459843.63 examples/s]

Casting the dataset: 100%|██████████| 123109/123109 [00:00<00:00, 1387242.34 examples/s]

Casting the dataset: 100%|██████████| 79886/79886 [00:00<00:00, 1349038.83 examples/s]

Casting the dataset:  81%|████████  | 153000/189453 [00:00<00:00, 1508036.89 examples/s]
Casting the dataset: 100%|██████████| 115344/115344 [00:00<00:00, 1466863.75 examples/s]

Casting the dataset: 100%|██████████| 189453/189453 [00:00<00:00, 1454264.98 examples/s]

Casting the dataset:   0%|          | 0/70883 [00:00<?, ? examples/s]
Casting the dataset:   0%|          | 0/163551 [00:00<?, ? examples/s]
Casting the dataset: 100%|██████████| 70883/70883 [00:00<00:00, 1411730.76 examples/s]

Casting the dataset:   0%|          | 0/108394 [00:00<?, ? examples/s]
Generating train split: 0 examples [00:00, ? examples/s]
Casting the dataset:   0%|          | 0/108083 [00:00<?, ? examples/s]
Casting the dataset:   0%|          | 0/108083 [00:00<?, ? examples/s]
Casting the dataset:   0%|          | 0/163551 [00:00<?, ? examples/s]
Casting the dataset:  89%|████████▉ | 146000/163551 [00:00<00:00, 1440758.31 examples/s]
Casting the dataset: 100%|██████████| 163551/163551 [00:00<00:00, 1385966.26 examples/s]

Casting the dataset: 100%|██████████| 108394/108394 [00:00<00:00, 1392914.03 examples/s]

Generating train split: 44502 examples [00:00, 573282.09 examples/s]

Casting the dataset:   0%|          | 0/44502 [00:00<?, ? examples/s]
Casting the dataset:   0%|          | 0/44502 [00:00<?, ? examples/s]
Casting the dataset:   0%|          | 0/44502 [00:00<?, ? examples/s]
Casting the dataset:   0%|          | 0/131024 [00:00<?, ? examples/s]
Casting the dataset: 100%|██████████| 108083/108083 [00:00<00:00, 1456383.81 examples/s]

Casting the dataset: 100%|██████████| 108083/108083 [00:00<00:00, 1221342.33 examples/s]

Casting the dataset: 100%|██████████| 44502/44502 [00:00<00:00, 1420120.18 examples/s]

Casting the dataset: 100%|██████████| 44502/44502 [00:00<00:00, 1430952.82 examples/s]
Casting the dataset: 100%|██████████| 44502/44502 [00:00<00:00, 1410611.36 examples/s]


Casting the dataset:   0%|          | 0/44502 [00:00<?, ? examples/s]
Casting the dataset:  95%|█████████▍| 155000/163551 [00:00<00:00, 1525129.89 examples/s]
Casting the dataset: 100%|██████████| 163551/163551 [00:00<00:00, 1455974.98 examples/s]

Casting the dataset: 100%|██████████| 44502/44502 [00:00<00:00, 1380614.34 examples/s]

Casting the dataset:   0%|          | 0/163551 [00:00<?, ? examples/s]
Casting the dataset: 100%|██████████| 131024/131024 [00:00<00:00, 1407713.58 examples/s]

Casting the dataset:   0%|          | 0/108083 [00:00<?, ? examples/s]
Casting the dataset:  94%|█████████▎| 153000/163551 [00:00<00:00, 1516515.06 examples/s]
Casting the dataset:   0%|          | 0/139625 [00:00<?, ? examples/s]
Casting the dataset: 100%|██████████| 163551/163551 [00:00<00:00, 1441027.93 examples/s]

Generating train split: 0 examples [00:00, ? examples/s]
Casting the dataset:   0%|          | 0/123109 [00:00<?, ? examples/s]
Casting the dataset: 100%|██████████| 108083/108083 [00:00<00:00, 1385623.21 examples/s]

Casting the dataset:   0%|          | 0/123109 [00:00<?, ? examples/s]
Casting the dataset:   0%|          | 0/94302 [00:00<?, ? examples/s]
Casting the dataset: 100%|██████████| 139625/139625 [00:00<00:00, 1382297.52 examples/s]

Casting the dataset:   0%|          | 0/139625 [00:00<?, ? examples/s]
Generating train split: 48291 examples [00:00, 470820.86 examples/s]
Casting the dataset:   0%|          | 0/92133 [00:00<?, ? examples/s]
Casting the dataset: 100%|██████████| 123109/123109 [00:00<00:00, 1396105.42 examples/s]

Casting the dataset: 100%|██████████| 123109/123109 [00:00<00:00, 1436490.52 examples/s]

Casting the dataset: 100%|██████████| 94302/94302 [00:00<00:00, 1377980.04 examples/s]

Casting the dataset: 100%|██████████| 92133/92133 [00:00<00:00, 1418480.52 examples/s]

Casting the dataset:  99%|█████████▉| 138000/139625 [00:00<00:00, 1359397.90 examples/s]
Generating train split: 103001 examples [00:00, 509085.80 examples/s]
Casting the dataset:   0%|          | 0/139625 [00:00<?, ? examples/s]
Casting the dataset: 100%|██████████| 139625/139625 [00:00<00:00, 1269066.33 examples/s]

Casting the dataset:   0%|          | 0/146127 [00:00<?, ? examples/s]
Casting the dataset:   0%|          | 0/143295 [00:00<?, ? examples/s]
Generating train split: 144346 examples [00:00, 532974.69 examples/s]

Casting the dataset:   0%|          | 0/143295 [00:00<?, ? examples/s]
Casting the dataset:   0%|          | 0/144346 [00:00<?, ? examples/s]
Casting the dataset:   0%|          | 0/123109 [00:00<?, ? examples/s]
Casting the dataset:   0%|          | 0/144346 [00:00<?, ? examples/s]
Casting the dataset:   0%|          | 0/144346 [00:00<?, ? examples/s]
Casting the dataset:   0%|          | 0/10624 [00:00<?, ? examples/s]
Casting the dataset: 100%|██████████| 10624/10624 [00:00<00:00, 988252.07 examples/s]
Casting the dataset: 100%|██████████| 139625/139625 [00:00<00:00, 1430311.73 examples/s]


Casting the dataset:   0%|          | 0/52486 [00:00<?, ? examples/s]
Casting the dataset: 100%|██████████| 146127/146127 [00:00<00:00, 1429806.98 examples/s]

Casting the dataset: 100%|██████████| 143295/143295 [00:00<00:00, 1430887.41 examples/s]
Casting the dataset: 100%|██████████| 143295/143295 [00:00<00:00, 1366439.14 examples/s]

Casting the dataset:   0%|          | 0/131024 [00:00<?, ? examples/s]
Casting the dataset:   0%|          | 0/144346 [00:00<?, ? examples/s]
Casting the dataset:   0%|          | 0/146127 [00:00<?, ? examples/s]
Casting the dataset: 100%|██████████| 52486/52486 [00:00<00:00, 965417.58 examples/s]

Casting the dataset: 100%|██████████| 123109/123109 [00:00<00:00, 1380783.91 examples/s]

Casting the dataset: 100%|██████████| 144346/144346 [00:00<00:00, 1500225.51 examples/s]

Casting the dataset: 100%|██████████| 143295/143295 [00:00<00:00, 1421022.27 examples/s]

Casting the dataset: 100%|██████████| 144346/144346 [00:00<00:00, 1489228.62 examples/s]

Casting the dataset:   0%|          | 0/131024 [00:00<?, ? examples/s]
Casting the dataset: 100%|██████████| 144346/144346 [00:00<00:00, 1420742.64 examples/s]

Casting the dataset:   0%|          | 0/79886 [00:00<?, ? examples/s]
Casting the dataset: 100%|██████████| 131024/131024 [00:00<00:00, 1385685.33 examples/s]

Casting the dataset: 100%|██████████| 144346/144346 [00:00<00:00, 1527909.30 examples/s]

Casting the dataset: 100%|██████████| 146127/146127 [00:00<00:00, 1439359.96 examples/s]

Casting the dataset:   0%|          | 0/146127 [00:00<?, ? examples/s]
Casting the dataset: 100%|██████████| 79886/79886 [00:00<00:00, 1401575.18 examples/s]

Casting the dataset:  99%|█████████▉| 130000/131024 [00:00<00:00, 1271244.20 examples/s]
Casting the dataset:   0%|          | 0/47565 [00:00<?, ? examples/s]
Casting the dataset: 100%|██████████| 131024/131024 [00:00<00:00, 1218856.78 examples/s]

Casting the dataset: 100%|██████████| 47565/47565 [00:00<00:00, 1258529.33 examples/s]

Casting the dataset:   0%|          | 0/79886 [00:00<?, ? examples/s]
Casting the dataset: 100%|██████████| 146127/146127 [00:00<00:00, 1468146.05 examples/s]

Generating train split: 0 examples [00:00, ? examples/s]
Casting the dataset:   0%|          | 0/108394 [00:00<?, ? examples/s]
Casting the dataset:   0%|          | 0/131024 [00:00<?, ? examples/s]
Casting the dataset: 100%|██████████| 79886/79886 [00:00<00:00, 1417123.80 examples/s]

Casting the dataset:   0%|          | 0/94302 [00:00<?, ? examples/s]
Casting the dataset:   0%|          | 0/189453 [00:00<?, ? examples/s]
Casting the dataset:   0%|          | 0/189453 [00:00<?, ? examples/s]
Casting the dataset:   0%|          | 0/79886 [00:00<?, ? examples/s]
Casting the dataset: 100%|██████████| 108394/108394 [00:00<00:00, 1399431.12 examples/s]

Generating train split: 54072 examples [00:00, 527649.73 examples/s]
Casting the dataset:   0%|          | 0/81255 [00:00<?, ? examples/s]
Casting the dataset:   0%|          | 0/77014 [00:00<?, ? examples/s]
Casting the dataset: 100%|██████████| 94302/94302 [00:00<00:00, 1390722.65 examples/s]

Casting the dataset:   0%|          | 0/94302 [00:00<?, ? examples/s]
Casting the dataset: 100%|██████████| 131024/131024 [00:00<00:00, 1400459.95 examples/s]

Casting the dataset:   0%|          | 0/108394 [00:00<?, ? examples/s]
Casting the dataset: 100%|██████████| 79886/79886 [00:00<00:00, 1368572.23 examples/s]

Casting the dataset:  78%|███████▊  | 148000/189453 [00:00<00:00, 1459574.40 examples/s]
Casting the dataset: 100%|██████████| 77014/77014 [00:00<00:00, 1396541.84 examples/s]

Casting the dataset: 100%|██████████| 81255/81255 [00:00<00:00, 1374287.45 examples/s]

Casting the dataset:   0%|          | 0/143295 [00:00<?, ? examples/s]
Casting the dataset:  81%|████████  | 153000/189453 [00:00<00:00, 1508494.19 examples/s]
Casting the dataset: 100%|██████████| 94302/94302 [00:00<00:00, 1405269.10 examples/s]

Casting the dataset: 100%|██████████| 189453/189453 [00:00<00:00, 1407065.71 examples/s]

Casting the dataset: 100%|██████████| 189453/189453 [00:00<00:00, 1457925.75 examples/s]

Casting the dataset: 100%|██████████| 108394/108394 [00:00<00:00, 1448115.75 examples/s]
Generating train split: 108664 examples [00:00, 531969.83 examples/s]

Casting the dataset:   0%|          | 0/52486 [00:00<?, ? examples/s]
Casting the dataset:   0%|          | 0/108394 [00:00<?, ? examples/s]
Generating train split: 133813 examples [00:00, 547023.23 examples/s]

Casting the dataset:   0%|          | 0/133813 [00:00<?, ? examples/s]
Casting the dataset:   0%|          | 0/108083 [00:00<?, ? examples/s]
Casting the dataset: 100%|██████████| 52486/52486 [00:00<00:00, 1290982.68 examples/s]

Casting the dataset: 100%|██████████| 143295/143295 [00:00<00:00, 1414287.75 examples/s]

Casting the dataset:   0%|          | 0/55832 [00:00<?, ? examples/s]
Casting the dataset:   0%|          | 0/52486 [00:00<?, ? examples/s]
Casting the dataset:   0%|          | 0/133813 [00:00<?, ? examples/s]
Casting the dataset:   0%|          | 0/133813 [00:00<?, ? examples/s]
Casting the dataset:   0%|          | 0/94302 [00:00<?, ? examples/s]
Casting the dataset:   0%|          | 0/133813 [00:00<?, ? examples/s]
Casting the dataset: 100%|██████████| 108394/108394 [00:00<00:00, 1430869.71 examples/s]

Casting the dataset:   0%|          | 0/98332 [00:00<?, ? examples/s]
Casting the dataset: 100%|██████████| 55832/55832 [00:00<00:00, 1366631.35 examples/s]

Casting the dataset: 100%|██████████| 52486/52486 [00:00<00:00, 1337852.19 examples/s]

Casting the dataset: 100%|██████████| 108083/108083 [00:00<00:00, 1392963.36 examples/s]

Casting the dataset: 100%|██████████| 133813/133813 [00:00<00:00, 1505965.88 examples/s]

Casting the dataset:   0%|          | 0/47565 [00:00<?, ? examples/s]
Casting the dataset: 100%|██████████| 94302/94302 [00:00<00:00, 1378426.65 examples/s]

Casting the dataset:   0%|          | 0/108083 [00:00<?, ? examples/s]
Casting the dataset: 100%|██████████| 133813/133813 [00:00<00:00, 1495787.56 examples/s]

Casting the dataset: 100%|██████████| 133813/133813 [00:00<00:00, 1497591.59 examples/s]

Casting the dataset: 100%|██████████| 47565/47565 [00:00<00:00, 1314338.13 examples/s]

Casting the dataset: 100%|██████████| 98332/98332 [00:00<00:00, 1394994.47 examples/s]

Casting the dataset: 100%|██████████| 133813/133813 [00:00<00:00, 1428773.92 examples/s]

Casting the dataset:   0%|          | 0/163551 [00:00<?, ? examples/s]
Casting the dataset:   0%|          | 0/47565 [00:00<?, ? examples/s]
Casting the dataset: 100%|██████████| 108083/108083 [00:00<00:00, 1436621.06 examples/s]

Casting the dataset:   0%|          | 0/157744 [00:00<?, ? examples/s]
Casting the dataset: 100%|██████████| 47565/47565 [00:00<00:00, 1293619.96 examples/s]

Casting the dataset:   0%|          | 0/163551 [00:00<?, ? examples/s]
Casting the dataset:   0%|          | 0/108083 [00:00<?, ? examples/s]
Casting the dataset:   0%|          | 0/52486 [00:00<?, ? examples/s]
Generating train split: 0 examples [00:00, ? examples/s]
Casting the dataset:   0%|          | 0/189453 [00:00<?, ? examples/s]
Casting the dataset:   0%|          | 0/77014 [00:00<?, ? examples/s]
Casting the dataset: 100%|██████████| 52486/52486 [00:00<00:00, 1303804.89 examples/s]

Casting the dataset:   0%|          | 0/123109 [00:00<?, ? examples/s]
Casting the dataset:  91%|█████████ | 149000/163551 [00:00<00:00, 1465838.14 examples/s]
Casting the dataset:  98%|█████████▊| 154000/157744 [00:00<00:00, 1522271.93 examples/s]
Casting the dataset: 100%|██████████| 163551/163551 [00:00<00:00, 1400364.62 examples/s]

Casting the dataset: 100%|██████████| 157744/157744 [00:00<00:00, 1457384.41 examples/s]

Casting the dataset:   0%|          | 0/216507 [00:00<?, ? examples/s]
Casting the dataset: 100%|██████████| 108083/108083 [00:00<00:00, 1369226.09 examples/s]

Casting the dataset: 100%|██████████| 77014/77014 [00:00<00:00, 1367304.12 examples/s]

Casting the dataset:  93%|█████████▎| 152000/163551 [00:00<00:00, 1490990.71 examples/s]
Casting the dataset:   0%|          | 0/77014 [00:00<?, ? examples/s]
Casting the dataset: 100%|██████████| 163551/163551 [00:00<00:00, 1420065.69 examples/s]

Generating train split: 55594 examples [00:00, 539175.11 examples/s]
Casting the dataset:  77%|███████▋  | 146000/189453 [00:00<00:00, 1435728.57 examples/s]
Casting the dataset: 100%|██████████| 123109/123109 [00:00<00:00, 1417728.51 examples/s]

Casting the dataset:   0%|          | 0/47565 [00:00<?, ? examples/s]
Casting the dataset:   0%|          | 0/123109 [00:00<?, ? examples/s]
Casting the dataset:   0%|          | 0/49616 [00:00<?, ? examples/s]
Casting the dataset: 100%|██████████| 77014/77014 [00:00<00:00, 1375689.41 examples/s]

Casting the dataset: 100%|██████████| 189453/189453 [00:00<00:00, 1385696.46 examples/s]

Casting the dataset:  69%|██████▉   | 150000/216507 [00:00<00:00, 1479639.32 examples/s]
Casting the dataset: 100%|██████████| 47565/47565 [00:00<00:00, 1308416.21 examples/s]

Casting the dataset: 100%|██████████| 49616/49616 [00:00<00:00, 1377665.15 examples/s]

Generating train split: 105004 examples [00:00, 546776.58 examples/s]

Casting the dataset:   0%|          | 0/105004 [00:00<?, ? examples/s]
Casting the dataset: 100%|██████████| 216507/216507 [00:00<00:00, 1426711.52 examples/s]

Casting the dataset: 100%|██████████| 123109/123109 [00:00<00:00, 1438082.80 examples/s]

Casting the dataset:   0%|          | 0/105004 [00:00<?, ? examples/s]
Casting the dataset:   0%|          | 0/105004 [00:00<?, ? examples/s]
Casting the dataset:   0%|          | 0/105004 [00:00<?, ? examples/s]
Casting the dataset:   0%|          | 0/76063 [00:00<?, ? examples/s]
Casting the dataset:   0%|          | 0/98332 [00:00<?, ? examples/s]
Casting the dataset: 100%|██████████| 105004/105004 [00:00<00:00, 1461131.69 examples/s]

Casting the dataset:   0%|          | 0/77014 [00:00<?, ? examples/s]
Casting the dataset:   0%|          | 0/123109 [00:00<?, ? examples/s]
Casting the dataset:   0%|          | 0/139625 [00:00<?, ? examples/s]
Casting the dataset: 100%|██████████| 105004/105004 [00:00<00:00, 1461791.24 examples/s]
Casting the dataset: 100%|██████████| 105004/105004 [00:00<00:00, 1466595.73 examples/s]


Casting the dataset:   0%|          | 0/98332 [00:00<?, ? examples/s]
Casting the dataset: 100%|██████████| 105004/105004 [00:00<00:00, 1472982.08 examples/s]

Casting the dataset: 100%|██████████| 76063/76063 [00:00<00:00, 1388209.41 examples/s]

Casting the dataset:   0%|          | 0/139625 [00:00<?, ? examples/s]
Casting the dataset:   0%|          | 0/131024 [00:00<?, ? examples/s]
Casting the dataset: 100%|██████████| 98332/98332 [00:00<00:00, 1383306.78 examples/s]

Casting the dataset:   0%|          | 0/144551 [00:00<?, ? examples/s]
Casting the dataset: 100%|██████████| 77014/77014 [00:00<00:00, 1327776.46 examples/s]

Casting the dataset: 100%|██████████| 98332/98332 [00:00<00:00, 1416618.47 examples/s]

Casting the dataset: 100%|██████████| 123109/123109 [00:00<00:00, 1393599.73 examples/s]

Casting the dataset:   0%|          | 0/163551 [00:00<?, ? examples/s]
Casting the dataset:   0%|          | 0/82723 [00:00<?, ? examples/s]
Casting the dataset: 100%|██████████| 139625/139625 [00:00<00:00, 1368328.85 examples/s]

Casting the dataset: 100%|██████████| 131024/131024 [00:00<00:00, 1387445.02 examples/s]

Casting the dataset: 100%|██████████| 139625/139625 [00:00<00:00, 1407591.13 examples/s]

Casting the dataset:   0%|          | 0/131024 [00:00<?, ? examples/s]
Casting the dataset: 100%|██████████| 144551/144551 [00:00<00:00, 1426499.55 examples/s]

Casting the dataset: 100%|██████████| 82723/82723 [00:00<00:00, 1413019.03 examples/s]

Generating train split: 0 examples [00:00, ? examples/s]
Casting the dataset:   0%|          | 0/216507 [00:00<?, ? examples/s]
Casting the dataset:  90%|█████████ | 148000/163551 [00:00<00:00, 1460322.93 examples/s]
Casting the dataset: 100%|██████████| 163551/163551 [00:00<00:00, 1396217.53 examples/s]

Casting the dataset:   0%|          | 0/28088 [00:00<?, ? examples/s]
Casting the dataset:   0%|          | 0/98332 [00:00<?, ? examples/s]
Casting the dataset:   0%|          | 0/216507 [00:00<?, ? examples/s]
Casting the dataset: 100%|██████████| 28088/28088 [00:00<00:00, 1252893.87 examples/s]

Casting the dataset: 100%|██████████| 131024/131024 [00:00<00:00, 1373086.40 examples/s]

Casting the dataset:   0%|          | 0/146127 [00:00<?, ? examples/s]
Generating train split: 55153 examples [00:00, 546683.20 examples/s]
Casting the dataset:   0%|          | 0/146127 [00:00<?, ? examples/s]
Casting the dataset:   0%|          | 0/94302 [00:00<?, ? examples/s]
Casting the dataset:  70%|██████▉   | 151000/216507 [00:00<00:00, 1491116.73 examples/s]
Casting the dataset: 100%|██████████| 98332/98332 [00:00<00:00, 1377697.13 examples/s]

Casting the dataset:   0%|          | 0/131024 [00:00<?, ? examples/s]
Casting the dataset:   0%|          | 0/178570 [00:00<?, ? examples/s]
Casting the dataset:  71%|███████   | 153000/216507 [00:00<00:00, 1508043.98 examples/s]
Casting the dataset:   0%|          | 0/120446 [00:00<?, ? examples/s]
Casting the dataset: 100%|██████████| 216507/216507 [00:00<00:00, 1430998.92 examples/s]

Casting the dataset: 100%|██████████| 94302/94302 [00:00<00:00, 1384898.81 examples/s]

Casting the dataset:  99%|█████████▉| 145000/146127 [00:00<00:00, 1431769.31 examples/s]
Casting the dataset: 100%|██████████| 146127/146127 [00:00<00:00, 1363854.17 examples/s]

Generating train split: 112392 examples [00:00, 557729.49 examples/s]
Casting the dataset: 100%|█████████▉| 146000/146127 [00:00<00:00, 1440693.90 examples/s]
Casting the dataset: 100%|██████████| 146127/146127 [00:00<00:00, 1369767.42 examples/s]

Casting the dataset: 100%|██████████| 216507/216507 [00:00<00:00, 1431319.21 examples/s]

Casting the dataset: 100%|██████████| 131024/131024 [00:00<00:00, 1395219.12 examples/s]

Casting the dataset:  81%|████████  | 144000/178570 [00:00<00:00, 1419569.03 examples/s]
Casting the dataset: 100%|██████████| 120446/120446 [00:00<00:00, 1424514.97 examples/s]

Casting the dataset: 100%|██████████| 178570/178570 [00:00<00:00, 1371393.33 examples/s]
Casting the dataset:   0%|          | 0/139625 [00:00<?, ? examples/s]

Casting the dataset:   0%|          | 0/94302 [00:00<?, ? examples/s]
Generating train split: 154648 examples [00:00, 555598.53 examples/s]

Casting the dataset:   0%|          | 0/154648 [00:00<?, ? examples/s]
Casting the dataset:   0%|          | 0/79886 [00:00<?, ? examples/s]
Casting the dataset:   0%|          | 0/52486 [00:00<?, ? examples/s]
Casting the dataset:   0%|          | 0/216507 [00:00<?, ? examples/s]
Casting the dataset:   0%|          | 0/144551 [00:00<?, ? examples/s]
Casting the dataset:   0%|          | 0/79886 [00:00<?, ? examples/s]
Casting the dataset:   0%|          | 0/154648 [00:00<?, ? examples/s]
Casting the dataset:   0%|          | 0/154648 [00:00<?, ? examples/s]
Casting the dataset:   0%|          | 0/154648 [00:00<?, ? examples/s]
Casting the dataset: 100%|██████████| 52486/52486 [00:00<00:00, 1329706.63 examples/s]

Casting the dataset:   0%|          | 0/71365 [00:00<?, ? examples/s]
Casting the dataset: 100%|██████████| 94302/94302 [00:00<00:00, 1361408.10 examples/s]

Casting the dataset: 100%|██████████| 79886/79886 [00:00<00:00, 1324775.40 examples/s]

Casting the dataset: 100%|██████████| 79886/79886 [00:00<00:00, 1349990.01 examples/s]

Casting the dataset: 100%|██████████| 139625/139625 [00:00<00:00, 1358823.19 examples/s]

Casting the dataset:   0%|          | 0/144551 [00:00<?, ? examples/s]
Casting the dataset: 100%|██████████| 71365/71365 [00:00<00:00, 1379009.88 examples/s]

Casting the dataset: 100%|██████████| 154648/154648 [00:00<00:00, 1542795.80 examples/s]
Casting the dataset: 100%|██████████| 154648/154648 [00:00<00:00, 1471441.23 examples/s]

Casting the dataset:   0%|          | 0/94302 [00:00<?, ? examples/s]
Casting the dataset:  67%|██████▋   | 146000/216507 [00:00<00:00, 1442037.38 examples/s]
Casting the dataset:  73%|███████▎  | 106000/144551 [00:00<00:00, 1043187.84 examples/s]
Casting the dataset:   0%|          | 0/158034 [00:00<?, ? examples/s]
Casting the dataset: 100%|██████████| 154648/154648 [00:00<00:00, 1536648.22 examples/s]
Casting the dataset: 100%|██████████| 154648/154648 [00:00<00:00, 1484857.57 examples/s]

Casting the dataset: 100%|██████████| 154648/154648 [00:00<00:00, 1467297.17 examples/s]

Casting the dataset: 100%|██████████| 154648/154648 [00:00<00:00, 1529037.69 examples/s]

Casting the dataset:   0%|          | 0/47565 [00:00<?, ? examples/s]
Casting the dataset:   0%|          | 0/108394 [00:00<?, ? examples/s]
Casting the dataset: 100%|██████████| 216507/216507 [00:00<00:00, 1388951.02 examples/s]

Casting the dataset: 100%|██████████| 144551/144551 [00:00<00:00, 973832.90 examples/s] 
Casting the dataset:   0%|          | 0/52486 [00:00<?, ? examples/s]
Casting the dataset: 100%|██████████| 47565/47565 [00:00<00:00, 1336240.68 examples/s]


Casting the dataset:   0%|          | 0/108394 [00:00<?, ? examples/s]
Casting the dataset: 100%|██████████| 94302/94302 [00:00<00:00, 1348550.66 examples/s]

Casting the dataset:   0%|          | 0/145091 [00:00<?, ? examples/s]
Casting the dataset:  76%|███████▌  | 110000/144551 [00:00<00:00, 1082477.22 examples/s]
Casting the dataset: 100%|██████████| 52486/52486 [00:00<00:00, 1282013.56 examples/s]

Casting the dataset:   0%|          | 0/146127 [00:00<?, ? examples/s]
Casting the dataset: 100%|██████████| 144551/144551 [00:00<00:00, 1120310.65 examples/s]

Casting the dataset:  92%|█████████▏| 145000/158034 [00:00<00:00, 1428352.86 examples/s]
Generating train split: 0 examples [00:00, ? examples/s]
Casting the dataset: 100%|██████████| 158034/158034 [00:00<00:00, 1368587.77 examples/s]

Casting the dataset: 100%|██████████| 108394/108394 [00:00<00:00, 1314911.97 examples/s]

Casting the dataset: 100%|██████████| 108394/108394 [00:00<00:00, 1395732.06 examples/s]

Casting the dataset:   0%|          | 0/77014 [00:00<?, ? examples/s]
Casting the dataset:   0%|          | 0/52486 [00:00<?, ? examples/s]
Casting the dataset: 100%|██████████| 145091/145091 [00:00<00:00, 1462628.31 examples/s]

Casting the dataset:   0%|          | 0/144551 [00:00<?, ? examples/s]
Casting the dataset:   0%|          | 0/178570 [00:00<?, ? examples/s]
Casting the dataset:   0%|          | 0/34519 [00:00<?, ? examples/s]
Generating train split: 47437 examples [00:00, 583159.28 examples/s]

Casting the dataset:   0%|          | 0/47565 [00:00<?, ? examples/s]
Casting the dataset:   0%|          | 0/47437 [00:00<?, ? examples/s]
Casting the dataset: 100%|██████████| 146127/146127 [00:00<00:00, 1409804.12 examples/s]

Casting the dataset: 100%|██████████| 52486/52486 [00:00<00:00, 1346476.89 examples/s]

Casting the dataset: 100%|██████████| 34519/34519 [00:00<00:00, 1261485.20 examples/s]

Casting the dataset: 100%|██████████| 77014/77014 [00:00<00:00, 1337895.40 examples/s]

Casting the dataset:   0%|          | 0/47437 [00:00<?, ? examples/s]
Casting the dataset:   0%|          | 0/47437 [00:00<?, ? examples/s]
Casting the dataset: 100%|██████████| 47565/47565 [00:00<00:00, 1269169.80 examples/s]

Casting the dataset:   0%|          | 0/47437 [00:00<?, ? examples/s]
Casting the dataset: 100%|██████████| 47437/47437 [00:00<00:00, 1413205.48 examples/s]

Casting the dataset:   0%|          | 0/178570 [00:00<?, ? examples/s]
Casting the dataset: 100%|██████████| 47437/47437 [00:00<00:00, 1352281.26 examples/s]

Casting the dataset: 100%|██████████| 47437/47437 [00:00<00:00, 1371956.16 examples/s]

Casting the dataset: 100%|██████████| 47437/47437 [00:00<00:00, 1378276.22 examples/s]

Casting the dataset: 100%|██████████| 144551/144551 [00:00<00:00, 1403873.47 examples/s]

Casting the dataset:  82%|████████▏ | 146000/178570 [00:00<00:00, 1444864.81 examples/s]
Casting the dataset:   0%|          | 0/147826 [00:00<?, ? examples/s]
Casting the dataset:   0%|          | 0/47565 [00:00<?, ? examples/s]
Casting the dataset:   0%|          | 0/79886 [00:00<?, ? examples/s]
Casting the dataset:   0%|          | 0/108083 [00:00<?, ? examples/s]
Casting the dataset:   0%|          | 0/108083 [00:00<?, ? examples/s]
Casting the dataset: 100%|██████████| 178570/178570 [00:00<00:00, 1385103.78 examples/s]

Casting the dataset: 100%|██████████| 47565/47565 [00:00<00:00, 1313637.12 examples/s]

Casting the dataset:   0%|          | 0/203241 [00:00<?, ? examples/s]
Casting the dataset:  85%|████████▍ | 151000/178570 [00:00<00:00, 1492001.94 examples/s]
Casting the dataset:   0%|          | 0/77014 [00:00<?, ? examples/s]
Casting the dataset:   0%|          | 0/98332 [00:00<?, ? examples/s]
Casting the dataset: 100%|██████████| 79886/79886 [00:00<00:00, 1351296.66 examples/s]
Casting the dataset: 100%|██████████| 178570/178570 [00:00<00:00, 1424311.15 examples/s]


Casting the dataset: 100%|██████████| 147826/147826 [00:00<00:00, 1455056.41 examples/s]
Casting the dataset: 100%|██████████| 108083/108083 [00:00<00:00, 1353260.99 examples/s]
Casting the dataset: 100%|██████████| 108083/108083 [00:00<00:00, 1361029.18 examples/s]



Generating train split: 0 examples [00:00, ? examples/s]
Casting the dataset: 100%|██████████| 77014/77014 [00:00<00:00, 1340671.82 examples/s]

Casting the dataset:   0%|          | 0/178570 [00:00<?, ? examples/s]
Casting the dataset: 100%|██████████| 98332/98332 [00:00<00:00, 1404777.69 examples/s]

Casting the dataset:  72%|███████▏  | 146000/203241 [00:00<00:00, 1438301.53 examples/s]
Casting the dataset:   0%|          | 0/158034 [00:00<?, ? examples/s]
Casting the dataset:   0%|          | 0/77014 [00:00<?, ? examples/s]
Casting the dataset:   0%|          | 0/108394 [00:00<?, ? examples/s]
Casting the dataset: 100%|██████████| 203241/203241 [00:00<00:00, 1389122.61 examples/s]

Generating train split: 53767 examples [00:00, 526889.77 examples/s]
Casting the dataset:   0%|          | 0/144287 [00:00<?, ? examples/s]
Casting the dataset:   0%|          | 0/158034 [00:00<?, ? examples/s]
Casting the dataset: 100%|██████████| 77014/77014 [00:00<00:00, 1368566.98 examples/s]

Casting the dataset:  82%|████████▏ | 146000/178570 [00:00<00:00, 1433748.65 examples/s]
Casting the dataset: 100%|██████████| 108394/108394 [00:00<00:00, 1376783.71 examples/s]

Casting the dataset:  92%|█████████▏| 145000/158034 [00:00<00:00, 1433331.64 examples/s]
Casting the dataset: 100%|██████████| 178570/178570 [00:00<00:00, 1377968.50 examples/s]

Casting the dataset: 100%|██████████| 158034/158034 [00:00<00:00, 1363932.68 examples/s]

Casting the dataset:   0%|          | 0/98332 [00:00<?, ? examples/s]
Casting the dataset:   0%|          | 0/216507 [00:00<?, ? examples/s]
Casting the dataset:   0%|          | 0/123109 [00:00<?, ? examples/s]
Generating train split: 112064 examples [00:00, 550103.18 examples/s]
Casting the dataset:   0%|          | 0/123109 [00:00<?, ? examples/s]
Generating train split: 115076 examples [00:00, 551194.89 examples/s]

Casting the dataset: 100%|██████████| 144287/144287 [00:00<00:00, 1457627.32 examples/s]

Casting the dataset:   0%|          | 0/115076 [00:00<?, ? examples/s]
Casting the dataset:  96%|█████████▌| 151000/158034 [00:00<00:00, 1496394.29 examples/s]
Casting the dataset: 100%|██████████| 158034/158034 [00:00<00:00, 1421908.68 examples/s]

Casting the dataset:   0%|          | 0/34519 [00:00<?, ? examples/s]
Casting the dataset:   0%|          | 0/86742 [00:00<?, ? examples/s]
Casting the dataset: 100%|██████████| 98332/98332 [00:00<00:00, 1384718.67 examples/s]

Casting the dataset:   0%|          | 0/115076 [00:00<?, ? examples/s]
Casting the dataset:   0%|          | 0/115076 [00:00<?, ? examples/s]
Casting the dataset:   0%|          | 0/115076 [00:00<?, ? examples/s]
Casting the dataset: 100%|██████████| 34519/34519 [00:00<00:00, 1217023.32 examples/s]

Casting the dataset:   0%|          | 0/50433 [00:00<?, ? examples/s]
Casting the dataset:   0%|          | 0/98332 [00:00<?, ? examples/s]
Casting the dataset:  70%|██████▉   | 151000/216507 [00:00<00:00, 1490667.51 examples/s]
Casting the dataset:   0%|          | 0/34519 [00:00<?, ? examples/s]
Casting the dataset: 100%|██████████| 123109/123109 [00:00<00:00, 1361574.15 examples/s]

Casting the dataset: 100%|██████████| 123109/123109 [00:00<00:00, 1378428.53 examples/s]

Casting the dataset: 100%|██████████| 115076/115076 [00:00<00:00, 1474421.66 examples/s]

Casting the dataset:   0%|          | 0/158034 [00:00<?, ? examples/s]
Casting the dataset: 100%|██████████| 86742/86742 [00:00<00:00, 1339996.01 examples/s]

Casting the dataset: 100%|██████████| 50433/50433 [00:00<00:00, 1364727.09 examples/s]

Casting the dataset: 100%|██████████| 34519/34519 [00:00<00:00, 1246111.30 examples/s]

Casting the dataset:   0%|          | 0/108083 [00:00<?, ? examples/s]
Casting the dataset: 100%|██████████| 216507/216507 [00:00<00:00, 1444396.12 examples/s]

Casting the dataset: 100%|██████████| 115076/115076 [00:00<00:00, 1440030.69 examples/s]

Casting the dataset: 100%|██████████| 115076/115076 [00:00<00:00, 1481804.48 examples/s]

Casting the dataset: 100%|██████████| 115076/115076 [00:00<00:00, 1447875.35 examples/s]

Casting the dataset: 100%|██████████| 98332/98332 [00:00<00:00, 1365423.30 examples/s]

Casting the dataset:   0%|          | 0/203241 [00:00<?, ? examples/s]
Casting the dataset:   0%|          | 0/216507 [00:00<?, ? examples/s]
Casting the dataset:  91%|█████████ | 144000/158034 [00:00<00:00, 1421921.82 examples/s]
Casting the dataset: 100%|██████████| 108083/108083 [00:00<00:00, 1311723.52 examples/s]

Casting the dataset:   0%|          | 0/139765 [00:00<?, ? examples/s]
Casting the dataset: 100%|██████████| 158034/158034 [00:00<00:00, 1361333.15 examples/s]

Casting the dataset:   0%|          | 0/64765 [00:00<?, ? examples/s]
Casting the dataset:   0%|          | 0/203241 [00:00<?, ? examples/s]
Casting the dataset:   0%|          | 0/144551 [00:00<?, ? examples/s]
Casting the dataset: 100%|██████████| 64765/64765 [00:00<00:00, 1322860.43 examples/s]

Casting the dataset:  72%|███████▏  | 146000/203241 [00:00<00:00, 1438304.91 examples/s]
Casting the dataset:   0%|          | 0/34519 [00:00<?, ? examples/s]
Generating train split: 0 examples [00:00, ? examples/s]
Casting the dataset:  68%|██████▊   | 148000/216507 [00:00<00:00, 1453069.24 examples/s]
Casting the dataset:   0%|          | 0/131024 [00:00<?, ? examples/s]
Casting the dataset: 100%|██████████| 139765/139765 [00:00<00:00, 1485003.21 examples/s]

Casting the dataset:   0%|          | 0/131024 [00:00<?, ? examples/s]
Casting the dataset:   0%|          | 0/216507 [00:00<?, ? examples/s]
Casting the dataset: 100%|██████████| 34519/34519 [00:00<00:00, 1219391.07 examples/s]

Casting the dataset: 100%|██████████| 203241/203241 [00:00<00:00, 1381484.27 examples/s]

Casting the dataset:  74%|███████▍  | 151000/203241 [00:00<00:00, 1489317.95 examples/s]
Casting the dataset: 100%|██████████| 216507/216507 [00:00<00:00, 1408529.97 examples/s]

Casting the dataset: 100%|██████████| 144551/144551 [00:00<00:00, 1443006.77 examples/s]

Casting the dataset:   0%|          | 0/43767 [00:00<?, ? examples/s]
Casting the dataset: 100%|██████████| 203241/203241 [00:00<00:00, 1397963.77 examples/s]

Casting the dataset:   0%|          | 0/85107 [00:00<?, ? examples/s]
Casting the dataset: 100%|██████████| 131024/131024 [00:00<00:00, 1358692.64 examples/s]

Generating train split: 49949 examples [00:00, 492060.82 examples/s]
Casting the dataset: 100%|██████████| 131024/131024 [00:00<00:00, 1398464.23 examples/s]

Casting the dataset:  69%|██████▉   | 150000/216507 [00:00<00:00, 1481025.60 examples/s]
Casting the dataset: 100%|██████████| 43767/43767 [00:00<00:00, 1282671.54 examples/s]

Casting the dataset:   0%|          | 0/123109 [00:00<?, ? examples/s]
Casting the dataset:   0%|          | 0/203241 [00:00<?, ? examples/s]
Casting the dataset: 100%|██████████| 85107/85107 [00:00<00:00, 1424815.12 examples/s]

Casting the dataset: 100%|██████████| 216507/216507 [00:00<00:00, 1421988.66 examples/s]

Casting the dataset:   0%|          | 0/86742 [00:00<?, ? examples/s]
Casting the dataset:   0%|          | 0/144551 [00:00<?, ? examples/s]
Generating train split: 104110 examples [00:00, 520023.02 examples/s]
Generating train split: 109917 examples [00:00, 521859.52 examples/s]

Casting the dataset: 100%|██████████| 123109/123109 [00:00<00:00, 1362055.42 examples/s]

Casting the dataset:   0%|          | 0/109917 [00:00<?, ? examples/s]
Casting the dataset:   0%|          | 0/86742 [00:00<?, ? examples/s]
Casting the dataset:   0%|          | 0/85381 [00:00<?, ? examples/s]
Casting the dataset: 100%|██████████| 86742/86742 [00:00<00:00, 1353168.36 examples/s]

Casting the dataset:   0%|          | 0/109917 [00:00<?, ? examples/s]
Casting the dataset:   0%|          | 0/109917 [00:00<?, ? examples/s]
Casting the dataset:  72%|███████▏  | 147000/203241 [00:00<00:00, 1447823.06 examples/s]
Casting the dataset:   0%|          | 0/178570 [00:00<?, ? examples/s]
Casting the dataset:   0%|          | 0/109917 [00:00<?, ? examples/s]
Casting the dataset:   0%|          | 0/94302 [00:00<?, ? examples/s]
Casting the dataset:   0%|          | 0/98013 [00:00<?, ? examples/s]
Casting the dataset:   0%|          | 0/94302 [00:00<?, ? examples/s]
Casting the dataset: 100%|██████████| 203241/203241 [00:00<00:00, 1386165.80 examples/s]

Casting the dataset: 100%|██████████| 144551/144551 [00:00<00:00, 1408478.50 examples/s]

Casting the dataset: 100%|██████████| 85381/85381 [00:00<00:00, 1390139.63 examples/s]

Casting the dataset: 100%|██████████| 86742/86742 [00:00<00:00, 1370432.11 examples/s]

Casting the dataset: 100%|██████████| 109917/109917 [00:00<00:00, 1480787.16 examples/s]

Casting the dataset:   0%|          | 0/144551 [00:00<?, ? examples/s]
Casting the dataset: 100%|██████████| 109917/109917 [00:00<00:00, 1471908.56 examples/s]

Casting the dataset: 100%|██████████| 109917/109917 [00:00<00:00, 1439930.14 examples/s]

Casting the dataset: 100%|██████████| 109917/109917 [00:00<00:00, 1480192.87 examples/s]

Casting the dataset: 100%|██████████| 94302/94302 [00:00<00:00, 1323603.99 examples/s]

Casting the dataset: 100%|██████████| 94302/94302 [00:00<00:00, 1381440.41 examples/s]

Casting the dataset: 100%|██████████| 98013/98013 [00:00<00:00, 1348856.26 examples/s]

Casting the dataset:  83%|████████▎ | 149000/178570 [00:00<00:00, 1470086.23 examples/s]
Casting the dataset:   0%|          | 0/64765 [00:00<?, ? examples/s]
Casting the dataset: 100%|██████████| 178570/178570 [00:00<00:00, 1413668.02 examples/s]

Casting the dataset: 100%|██████████| 64765/64765 [00:00<00:00, 1254985.39 examples/s]

Casting the dataset:   0%|          | 0/173838 [00:00<?, ? examples/s]
Casting the dataset: 100%|██████████| 144551/144551 [00:00<00:00, 1415842.92 examples/s]

Casting the dataset:   0%|          | 0/64765 [00:00<?, ? examples/s]
Generating train split: 0 examples [00:00, ? examples/s]
Casting the dataset:   0%|          | 0/178570 [00:00<?, ? examples/s]
Casting the dataset:   0%|          | 0/131024 [00:00<?, ? examples/s]
Casting the dataset:   0%|          | 0/86742 [00:00<?, ? examples/s]
Generating train split: 11357 examples [00:00, 453590.47 examples/s]

Casting the dataset:   0%|          | 0/52486 [00:00<?, ? examples/s]
Casting the dataset:   0%|          | 0/11357 [00:00<?, ? examples/s]
Casting the dataset:   0%|          | 0/52486 [00:00<?, ? examples/s]
Casting the dataset: 100%|██████████| 11357/11357 [00:00<00:00, 1047123.84 examples/s]

Casting the dataset: 100%|██████████| 64765/64765 [00:00<00:00, 1346792.95 examples/s]

Casting the dataset:   0%|          | 0/11357 [00:00<?, ? examples/s]
Casting the dataset:   0%|          | 0/11357 [00:00<?, ? examples/s]
Casting the dataset:   0%|          | 0/70883 [00:00<?, ? examples/s]
Casting the dataset: 100%|██████████| 11357/11357 [00:00<00:00, 1026145.72 examples/s]

Casting the dataset:   0%|          | 0/11357 [00:00<?, ? examples/s]
Casting the dataset: 100%|██████████| 11357/11357 [00:00<00:00, 678286.59 examples/s]

Casting the dataset: 100%|██████████| 52486/52486 [00:00<00:00, 1278209.80 examples/s]

Casting the dataset: 100%|██████████| 11357/11357 [00:00<00:00, 1045423.25 examples/s]

Casting the dataset: 100%|██████████| 52486/52486 [00:00<00:00, 1303689.07 examples/s]

Casting the dataset:   0%|          | 0/43767 [00:00<?, ? examples/s]
Casting the dataset: 100%|██████████| 86742/86742 [00:00<00:00, 1337523.04 examples/s]

Casting the dataset:  88%|████████▊ | 153000/173838 [00:00<00:00, 1504028.87 examples/s]
Casting the dataset:   0%|          | 0/158034 [00:00<?, ? examples/s]
Casting the dataset: 100%|██████████| 173838/173838 [00:00<00:00, 1442883.47 examples/s]

Casting the dataset:  70%|███████   | 125000/178570 [00:00<00:00, 1236236.74 examples/s]
Casting the dataset: 100%|██████████| 70883/70883 [00:00<00:00, 1323525.47 examples/s]

Casting the dataset: 100%|██████████| 43767/43767 [00:00<00:00, 1254147.67 examples/s]

Casting the dataset: 100%|██████████| 131024/131024 [00:00<00:00, 1369462.85 examples/s]

Casting the dataset:   0%|          | 0/178570 [00:00<?, ? examples/s]
Casting the dataset:   0%|          | 0/43767 [00:00<?, ? examples/s]
Casting the dataset: 100%|██████████| 178570/178570 [00:00<00:00, 1242197.66 examples/s]

Casting the dataset:   0%|          | 0/47565 [00:00<?, ? examples/s]
Casting the dataset: 100%|██████████| 43767/43767 [00:00<00:00, 1200837.99 examples/s]

Casting the dataset:   0%|          | 0/143295 [00:00<?, ? examples/s]
Casting the dataset:  95%|█████████▍| 150000/158034 [00:00<00:00, 1485252.66 examples/s]
Casting the dataset: 100%|██████████| 158034/158034 [00:00<00:00, 1420549.58 examples/s]

Casting the dataset: 100%|██████████| 47565/47565 [00:00<00:00, 1308124.51 examples/s]

Casting the dataset:   0%|          | 0/64765 [00:00<?, ? examples/s]
Casting the dataset:   0%|          | 0/47565 [00:00<?, ? examples/s]
Casting the dataset:  85%|████████▍ | 151000/178570 [00:00<00:00, 1488768.31 examples/s]
Casting the dataset:   0%|          | 0/173516 [00:00<?, ? examples/s]
Casting the dataset: 100%|██████████| 178570/178570 [00:00<00:00, 1423182.56 examples/s]

Casting the dataset: 100%|██████████| 47565/47565 [00:00<00:00, 1330359.69 examples/s]

Casting the dataset:   0%|          | 0/98013 [00:00<?, ? examples/s]
Generating train split: 0 examples [00:00, ? examples/s]
Casting the dataset: 100%|██████████| 64765/64765 [00:00<00:00, 1335825.38 examples/s]

Casting the dataset:   0%|          | 0/34519 [00:00<?, ? examples/s]
Casting the dataset: 100%|██████████| 143295/143295 [00:00<00:00, 1394245.05 examples/s]

Casting the dataset:   0%|          | 0/94302 [00:00<?, ? examples/s]
Casting the dataset: 100%|██████████| 34519/34519 [00:00<00:00, 1289954.29 examples/s]

Casting the dataset:   0%|          | 0/158034 [00:00<?, ? examples/s]
Casting the dataset: 100%|██████████| 98013/98013 [00:00<00:00, 1368546.51 examples/s]

Casting the dataset:   0%|          | 0/98013 [00:00<?, ? examples/s]
Casting the dataset:  88%|████████▊ | 153000/173516 [00:00<00:00, 1513171.61 examples/s]
Casting the dataset:   0%|          | 0/77014 [00:00<?, ? examples/s]
Casting the dataset: 100%|██████████| 173516/173516 [00:00<00:00, 1453804.42 examples/s]

Generating train split: 49793 examples [00:00, 491365.35 examples/s]
Casting the dataset:   0%|          | 0/43767 [00:00<?, ? examples/s]
Casting the dataset: 100%|██████████| 94302/94302 [00:00<00:00, 1175011.68 examples/s]

Casting the dataset:   0%|          | 0/77014 [00:00<?, ? examples/s]
Casting the dataset: 100%|██████████| 77014/77014 [00:00<00:00, 1340805.38 examples/s]

Casting the dataset:  86%|████████▌ | 136000/158034 [00:00<00:00, 1340058.41 examples/s]
Casting the dataset: 100%|██████████| 43767/43767 [00:00<00:00, 1184825.37 examples/s]
Casting the dataset: 100%|██████████| 98013/98013 [00:00<00:00, 1407994.29 examples/s]


Casting the dataset:   0%|          | 0/203241 [00:00<?, ? examples/s]
Casting the dataset:   0%|          | 0/158034 [00:00<?, ? examples/s]
Casting the dataset: 100%|██████████| 158034/158034 [00:00<00:00, 1290410.61 examples/s]

Casting the dataset: 100%|██████████| 77014/77014 [00:00<00:00, 1398561.38 examples/s]

Casting the dataset:   0%|          | 0/70883 [00:00<?, ? examples/s]
Casting the dataset:   0%|          | 0/112181 [00:00<?, ? examples/s]
Casting the dataset:   0%|          | 0/52486 [00:00<?, ? examples/s]
Casting the dataset:   0%|          | 0/34519 [00:00<?, ? examples/s]
Casting the dataset:  74%|███████▍  | 150000/203241 [00:00<00:00, 1478561.36 examples/s]
Casting the dataset: 100%|██████████| 70883/70883 [00:00<00:00, 1312152.33 examples/s]

Casting the dataset:  94%|█████████▍| 149000/158034 [00:00<00:00, 1470691.65 examples/s]
Generating train split: 124772 examples [00:00, 490686.63 examples/s]
Casting the dataset: 100%|██████████| 34519/34519 [00:00<00:00, 1268925.93 examples/s]

Casting the dataset: 100%|██████████| 52486/52486 [00:00<00:00, 1309785.75 examples/s]

Generating train split: 130894 examples [00:00, 495355.76 examples/s]

Casting the dataset: 100%|██████████| 158034/158034 [00:00<00:00, 1403673.37 examples/s]

Casting the dataset:   0%|          | 0/70883 [00:00<?, ? examples/s]
Casting the dataset:   0%|          | 0/130894 [00:00<?, ? examples/s]
Casting the dataset: 100%|██████████| 112181/112181 [00:00<00:00, 1427205.83 examples/s]

Casting the dataset: 100%|██████████| 203241/203241 [00:00<00:00, 1431241.41 examples/s]

Casting the dataset:   0%|          | 0/130894 [00:00<?, ? examples/s]
Casting the dataset:   0%|          | 0/92133 [00:00<?, ? examples/s]
Casting the dataset:   0%|          | 0/189453 [00:00<?, ? examples/s]
Casting the dataset:   0%|          | 0/130894 [00:00<?, ? examples/s]
Casting the dataset:   0%|          | 0/98332 [00:00<?, ? examples/s]
Casting the dataset:   0%|          | 0/130894 [00:00<?, ? examples/s]
Casting the dataset: 100%|██████████| 70883/70883 [00:00<00:00, 1380149.25 examples/s]

Casting the dataset:   0%|          | 0/98013 [00:00<?, ? examples/s]
Casting the dataset:   0%|          | 0/34519 [00:00<?, ? examples/s]
Casting the dataset:   0%|          | 0/98332 [00:00<?, ? examples/s]
Casting the dataset: 100%|██████████| 34519/34519 [00:00<00:00, 1260924.90 examples/s]

Casting the dataset: 100%|██████████| 130894/130894 [00:00<00:00, 1465482.27 examples/s]

Casting the dataset:   0%|          | 0/98164 [00:00<?, ? examples/s]
Casting the dataset: 100%|██████████| 92133/92133 [00:00<00:00, 1325068.87 examples/s]

Casting the dataset:   0%|          | 0/47565 [00:00<?, ? examples/s]
Casting the dataset:   0%|          | 0/203241 [00:00<?, ? examples/s]
Casting the dataset: 100%|██████████| 98332/98332 [00:00<00:00, 1342887.43 examples/s]

Casting the dataset: 100%|██████████| 130894/130894 [00:00<00:00, 1422970.95 examples/s]

Casting the dataset: 100%|██████████| 98013/98013 [00:00<00:00, 1269532.85 examples/s]

Casting the dataset: 100%|██████████| 130894/130894 [00:00<00:00, 1467840.99 examples/s]

Casting the dataset: 100%|██████████| 130894/130894 [00:00<00:00, 1454325.23 examples/s]

Casting the dataset: 100%|██████████| 98332/98332 [00:00<00:00, 1385742.22 examples/s]

Casting the dataset: 100%|██████████| 47565/47565 [00:00<00:00, 1290415.26 examples/s]

Casting the dataset:  77%|███████▋  | 145000/189453 [00:00<00:00, 1424725.69 examples/s]
Casting the dataset:   0%|          | 0/86742 [00:00<?, ? examples/s]
Casting the dataset: 100%|██████████| 98164/98164 [00:00<00:00, 1359732.29 examples/s]

Casting the dataset: 100%|██████████| 189453/189453 [00:00<00:00, 1376197.77 examples/s]

Casting the dataset:   0%|          | 0/203241 [00:00<?, ? examples/s]
Casting the dataset: 100%|██████████| 86742/86742 [00:00<00:00, 1338462.88 examples/s]

Casting the dataset:  72%|███████▏  | 146000/203241 [00:00<00:00, 1437056.05 examples/s]
Casting the dataset:   0%|          | 0/10624 [00:00<?, ? examples/s]
Casting the dataset: 100%|██████████| 203241/203241 [00:00<00:00, 1387512.76 examples/s]

Casting the dataset: 100%|██████████| 10624/10624 [00:00<00:00, 906028.34 examples/s]

Casting the dataset:   0%|          | 0/77014 [00:00<?, ? examples/s]
Casting the dataset:   0%|          | 0/115344 [00:00<?, ? examples/s]
Casting the dataset:   0%|          | 0/70883 [00:00<?, ? examples/s]
Casting the dataset:   0%|          | 0/216507 [00:00<?, ? examples/s]
Casting the dataset:   0%|          | 0/216507 [00:00<?, ? examples/s]
Casting the dataset:  74%|███████▍  | 150000/203241 [00:00<00:00, 1484099.98 examples/s]
Casting the dataset: 100%|██████████| 77014/77014 [00:00<00:00, 1335113.90 examples/s]

Casting the dataset:   0%|          | 0/64765 [00:00<?, ? examples/s]
Casting the dataset: 100%|██████████| 70883/70883 [00:00<00:00, 1296423.23 examples/s]

Generating train split: 0 examples [00:00, ? examples/s]
Casting the dataset: 100%|██████████| 115344/115344 [00:00<00:00, 1409477.95 examples/s]

Casting the dataset: 100%|██████████| 203241/203241 [00:00<00:00, 1430007.33 examples/s]

Casting the dataset: 100%|██████████| 64765/64765 [00:00<00:00, 1346953.23 examples/s]

Casting the dataset:  68%|██████▊   | 147000/216507 [00:00<00:00, 1453985.82 examples/s]
Casting the dataset:  68%|██████▊   | 148000/216507 [00:00<00:00, 1458391.36 examples/s]
Casting the dataset:   0%|          | 0/92133 [00:00<?, ? examples/s]
Casting the dataset:   0%|          | 0/86742 [00:00<?, ? examples/s]
Casting the dataset:   0%|          | 0/44502 [00:00<?, ? examples/s]
Casting the dataset:   0%|          | 0/163551 [00:00<?, ? examples/s]
Generating train split: 48280 examples [00:00, 476361.97 examples/s]
Casting the dataset: 100%|██████████| 44502/44502 [00:00<00:00, 1330550.29 examples/s]

Casting the dataset: 100%|██████████| 216507/216507 [00:00<00:00, 1403191.11 examples/s]

Casting the dataset: 100%|██████████| 216507/216507 [00:00<00:00, 1396785.24 examples/s]

Casting the dataset:   0%|          | 0/43767 [00:00<?, ? examples/s]
Casting the dataset: 100%|██████████| 92133/92133 [00:00<00:00, 1340359.93 examples/s]

Casting the dataset: 100%|██████████| 86742/86742 [00:00<00:00, 1347320.40 examples/s]

Casting the dataset:   0%|          | 0/92133 [00:00<?, ? examples/s]
Casting the dataset: 100%|██████████| 43767/43767 [00:00<00:00, 1315240.79 examples/s]

Casting the dataset:   0%|          | 0/86742 [00:00<?, ? examples/s]
Casting the dataset:   0%|          | 0/98332 [00:00<?, ? examples/s]
Casting the dataset:  90%|█████████ | 148000/163551 [00:00<00:00, 1452705.39 examples/s]
Generating train split: 96652 examples [00:00, 477988.60 examples/s]
Casting the dataset:   0%|          | 0/144346 [00:00<?, ? examples/s]
Casting the dataset: 100%|██████████| 163551/163551 [00:00<00:00, 1393871.31 examples/s]

Casting the dataset: 100%|██████████| 92133/92133 [00:00<00:00, 1373825.69 examples/s]

Casting the dataset: 100%|██████████| 86742/86742 [00:00<00:00, 1424541.96 examples/s]

Casting the dataset: 100%|██████████| 98332/98332 [00:00<00:00, 1371179.37 examples/s]

Casting the dataset:   0%|          | 0/144551 [00:00<?, ? examples/s]
Casting the dataset:   0%|          | 0/144551 [00:00<?, ? examples/s]
Casting the dataset:   0%|          | 0/64765 [00:00<?, ? examples/s]
Casting the dataset:   0%|          | 0/10624 [00:00<?, ? examples/s]
Casting the dataset: 100%|██████████| 10624/10624 [00:00<00:00, 935649.04 examples/s]

Generating train split: 136953 examples [00:00, 501107.92 examples/s]

Casting the dataset:   0%|          | 0/136953 [00:00<?, ? examples/s]
Casting the dataset:   0%|          | 0/98013 [00:00<?, ? examples/s]
Casting the dataset: 100%|██████████| 64765/64765 [00:00<00:00, 1306364.36 examples/s]

Casting the dataset: 100%|██████████| 144346/144346 [00:00<00:00, 1431356.80 examples/s]

Casting the dataset:   0%|          | 0/136953 [00:00<?, ? examples/s]
Casting the dataset:   0%|          | 0/136953 [00:00<?, ? examples/s]
Casting the dataset:   0%|          | 0/136953 [00:00<?, ? examples/s]
Casting the dataset:   0%|          | 0/64765 [00:00<?, ? examples/s]
Casting the dataset: 100%|██████████| 144551/144551 [00:00<00:00, 1443865.89 examples/s]
Casting the dataset: 100%|██████████| 144551/144551 [00:00<00:00, 1438422.66 examples/s]
Casting the dataset:   0%|          | 0/81255 [00:00<?, ? examples/s]
Casting the dataset: 100%|██████████| 144551/144551 [00:00<00:00, 1378052.74 examples/s]

Casting the dataset: 100%|██████████| 144551/144551 [00:00<00:00, 1364382.92 examples/s]

Casting the dataset:   0%|          | 0/10624 [00:00<?, ? examples/s]
Casting the dataset: 100%|██████████| 98013/98013 [00:00<00:00, 1389984.71 examples/s]

Casting the dataset: 100%|██████████| 10624/10624 [00:00<00:00, 927180.31 examples/s]

Casting the dataset: 100%|██████████| 136953/136953 [00:00<00:00, 1444797.31 examples/s]

Casting the dataset: 100%|██████████| 64765/64765 [00:00<00:00, 1340340.35 examples/s]

Casting the dataset:   0%|          | 0/43767 [00:00<?, ? examples/s]
Casting the dataset:   0%|          | 0/216507 [00:00<?, ? examples/s]
Casting the dataset: 100%|██████████| 81255/81255 [00:00<00:00, 1313862.97 examples/s]

Casting the dataset: 100%|██████████| 136953/136953 [00:00<00:00, 1454425.69 examples/s]
Casting the dataset: 100%|██████████| 136953/136953 [00:00<00:00, 1469419.46 examples/s]


Casting the dataset: 100%|██████████| 136953/136953 [00:00<00:00, 1503672.69 examples/s]

Casting the dataset:   0%|          | 0/133813 [00:00<?, ? examples/s]
Casting the dataset: 100%|██████████| 43767/43767 [00:00<00:00, 1264453.56 examples/s]

Casting the dataset:   0%|          | 0/139625 [00:00<?, ? examples/s]
Casting the dataset:   0%|          | 0/92133 [00:00<?, ? examples/s]
Casting the dataset:   0%|          | 0/43767 [00:00<?, ? examples/s]
Casting the dataset:   0%|          | 0/178570 [00:00<?, ? examples/s]
Casting the dataset:   0%|          | 0/70883 [00:00<?, ? examples/s]
Casting the dataset:  69%|██████▉   | 149000/216507 [00:00<00:00, 1472424.17 examples/s]
Casting the dataset: 100%|██████████| 43767/43767 [00:00<00:00, 1324837.28 examples/s]

Casting the dataset: 100%|██████████| 133813/133813 [00:00<00:00, 1417339.83 examples/s]

Casting the dataset:   0%|          | 0/178570 [00:00<?, ? examples/s]
Casting the dataset: 100%|██████████| 139625/139625 [00:00<00:00, 1383247.62 examples/s]

Casting the dataset: 100%|██████████| 92133/92133 [00:00<00:00, 1343327.96 examples/s]

Casting the dataset: 100%|██████████| 70883/70883 [00:00<00:00, 1364904.44 examples/s]

Casting the dataset:   0%|          | 0/55832 [00:00<?, ? examples/s]
Casting the dataset: 100%|██████████| 216507/216507 [00:00<00:00, 1420436.12 examples/s]

Generating train split: 0 examples [00:00, ? examples/s]
Casting the dataset:   0%|          | 0/98013 [00:00<?, ? examples/s]
Casting the dataset:  81%|████████  | 145000/178570 [00:00<00:00, 1430032.14 examples/s]
Casting the dataset: 100%|██████████| 55832/55832 [00:00<00:00, 1293242.00 examples/s]

Casting the dataset: 100%|██████████| 178570/178570 [00:00<00:00, 1371335.57 examples/s]

Casting the dataset:   0%|          | 0/105004 [00:00<?, ? examples/s]
Casting the dataset:  84%|████████▍ | 150000/178570 [00:00<00:00, 1483106.40 examples/s]
Casting the dataset: 100%|██████████| 98013/98013 [00:00<00:00, 1366812.91 examples/s]

Casting the dataset:   0%|          | 0/98013 [00:00<?, ? examples/s]
Casting the dataset:   0%|          | 0/81255 [00:00<?, ? examples/s]
Casting the dataset: 100%|██████████| 178570/178570 [00:00<00:00, 1423250.18 examples/s]

Generating train split: 50564 examples [00:00, 502288.54 examples/s]
Casting the dataset:   0%|          | 0/10624 [00:00<?, ? examples/s]
Casting the dataset:   0%|          | 0/146127 [00:00<?, ? examples/s]
Casting the dataset: 100%|██████████| 10624/10624 [00:00<00:00, 923395.27 examples/s]

Casting the dataset: 100%|██████████| 105004/105004 [00:00<00:00, 1370364.47 examples/s]

Casting the dataset:   0%|          | 0/144551 [00:00<?, ? examples/s]
Casting the dataset: 100%|██████████| 81255/81255 [00:00<00:00, 1320670.13 examples/s]

Generating train split: 76610 examples [00:00, 519033.14 examples/s]

Casting the dataset: 100%|██████████| 98013/98013 [00:00<00:00, 1411232.70 examples/s]

Casting the dataset:   0%|          | 0/76610 [00:00<?, ? examples/s]
Casting the dataset:   0%|          | 0/157744 [00:00<?, ? examples/s]
Casting the dataset:   0%|          | 0/76610 [00:00<?, ? examples/s]
Casting the dataset:   0%|          | 0/76610 [00:00<?, ? examples/s]
Casting the dataset:   0%|          | 0/76610 [00:00<?, ? examples/s]
Casting the dataset:   0%|          | 0/81255 [00:00<?, ? examples/s]
Casting the dataset:   0%|          | 0/158034 [00:00<?, ? examples/s]
Casting the dataset: 100%|██████████| 76610/76610 [00:00<00:00, 1427860.07 examples/s]

Casting the dataset:   0%|          | 0/158034 [00:00<?, ? examples/s]
Casting the dataset:  99%|█████████▊| 144000/146127 [00:00<00:00, 1424836.81 examples/s]
Casting the dataset: 100%|██████████| 76610/76610 [00:00<00:00, 1466664.37 examples/s]

Casting the dataset: 100%|██████████| 76610/76610 [00:00<00:00, 1413613.38 examples/s]

Casting the dataset: 100%|██████████| 146127/146127 [00:00<00:00, 1358605.84 examples/s]

Casting the dataset: 100%|██████████| 76610/76610 [00:00<00:00, 1429797.89 examples/s]

Casting the dataset:  91%|█████████▏| 132000/144551 [00:00<00:00, 1307537.83 examples/s]
Casting the dataset: 100%|██████████| 81255/81255 [00:00<00:00, 1324601.99 examples/s]

Casting the dataset:   0%|          | 0/154648 [00:00<?, ? examples/s]
Casting the dataset: 100%|██████████| 144551/144551 [00:00<00:00, 1209507.11 examples/s]

Casting the dataset:  93%|█████████▎| 147000/157744 [00:00<00:00, 1442751.38 examples/s]
Casting the dataset: 100%|██████████| 157744/157744 [00:00<00:00, 1378540.32 examples/s]

Casting the dataset:   0%|          | 0/55832 [00:00<?, ? examples/s]
Casting the dataset:  90%|█████████ | 143000/158034 [00:00<00:00, 1411751.56 examples/s]
Casting the dataset: 100%|██████████| 158034/158034 [00:00<00:00, 1349770.58 examples/s]

Casting the dataset:   0%|          | 0/70883 [00:00<?, ? examples/s]
Casting the dataset: 100%|██████████| 55832/55832 [00:00<00:00, 1321969.84 examples/s]

Casting the dataset:  96%|█████████▌| 151000/158034 [00:00<00:00, 1488393.95 examples/s]
Casting the dataset:   0%|          | 0/70883 [00:00<?, ? examples/s]
Casting the dataset: 100%|██████████| 158034/158034 [00:00<00:00, 1418139.46 examples/s]

Casting the dataset:   0%|          | 0/79886 [00:00<?, ? examples/s]
Casting the dataset:  96%|█████████▋| 149000/154648 [00:00<00:00, 1474567.73 examples/s]
Casting the dataset: 100%|██████████| 154648/154648 [00:00<00:00, 1411306.55 examples/s]

Casting the dataset: 100%|██████████| 70883/70883 [00:00<00:00, 1355167.83 examples/s]

Casting the dataset:   0%|          | 0/34519 [00:00<?, ? examples/s]
Casting the dataset:   0%|          | 0/92133 [00:00<?, ? examples/s]
Casting the dataset: 100%|██████████| 70883/70883 [00:00<00:00, 1416182.47 examples/s]

Casting the dataset:   0%|          | 0/49616 [00:00<?, ? examples/s]
Casting the dataset:   0%|          | 0/55832 [00:00<?, ? examples/s]
Casting the dataset: 100%|██████████| 79886/79886 [00:00<00:00, 1396120.67 examples/s]

Casting the dataset:   0%|          | 0/34519 [00:00<?, ? examples/s]
Casting the dataset: 100%|██████████| 34519/34519 [00:00<00:00, 1247593.10 examples/s]

Casting the dataset:   0%|          | 0/178570 [00:00<?, ? examples/s]
Casting the dataset: 100%|██████████| 49616/49616 [00:00<00:00, 1269449.03 examples/s]

Casting the dataset: 100%|██████████| 55832/55832 [00:00<00:00, 1324100.15 examples/s]

Casting the dataset: 100%|██████████| 34519/34519 [00:00<00:00, 1259126.51 examples/s]

Casting the dataset:   0%|          | 0/47437 [00:00<?, ? examples/s]
Casting the dataset: 100%|██████████| 92133/92133 [00:00<00:00, 1386458.85 examples/s]

Casting the dataset:   0%|          | 0/157744 [00:00<?, ? examples/s]
Generating train split: 0 examples [00:00, ? examples/s]
Casting the dataset: 100%|██████████| 47437/47437 [00:00<00:00, 1346770.90 examples/s]

Casting the dataset:   0%|          | 0/108394 [00:00<?, ? examples/s]
Casting the dataset:   0%|          | 0/76063 [00:00<?, ? examples/s]
Casting the dataset:   0%|          | 0/81255 [00:00<?, ? examples/s]
Casting the dataset:  65%|██████▍   | 116000/178570 [00:00<00:00, 1136890.86 examples/s]
Casting the dataset:   0%|          | 0/203241 [00:00<?, ? examples/s]
Casting the dataset:   0%|          | 0/203241 [00:00<?, ? examples/s]
Casting the dataset:  94%|█████████▍| 149000/157744 [00:00<00:00, 1474272.06 examples/s]
Casting the dataset: 100%|██████████| 76063/76063 [00:00<00:00, 1344699.69 examples/s]

Casting the dataset: 100%|██████████| 157744/157744 [00:00<00:00, 1408467.69 examples/s]

Casting the dataset:   0%|          | 0/115076 [00:00<?, ? examples/s]
Generating train split: 49038 examples [00:00, 482954.73 examples/s]
Casting the dataset:   0%|          | 0/157744 [00:00<?, ? examples/s]
Casting the dataset:   0%|          | 0/10624 [00:00<?, ? examples/s]
Casting the dataset: 100%|██████████| 108394/108394 [00:00<00:00, 1404398.15 examples/s]

Casting the dataset: 100%|██████████| 178570/178570 [00:00<00:00, 1126833.40 examples/s]

Casting the dataset: 100%|██████████| 81255/81255 [00:00<00:00, 1231430.24 examples/s]

Casting the dataset: 100%|██████████| 10624/10624 [00:00<00:00, 975680.10 examples/s]

Casting the dataset:  71%|███████▏  | 145000/203241 [00:00<00:00, 1424732.37 examples/s]
Casting the dataset: 100%|██████████| 115076/115076 [00:00<00:00, 1431119.71 examples/s]

Casting the dataset:  75%|███████▍  | 152000/203241 [00:00<00:00, 1498669.98 examples/s]
Casting the dataset:   0%|          | 0/49616 [00:00<?, ? examples/s]
Casting the dataset:   0%|          | 0/82723 [00:00<?, ? examples/s]
Casting the dataset:  94%|█████████▍| 149000/157744 [00:00<00:00, 1472878.76 examples/s]
Casting the dataset: 100%|██████████| 157744/157744 [00:00<00:00, 1406898.31 examples/s]

Casting the dataset: 100%|██████████| 203241/203241 [00:00<00:00, 1377167.91 examples/s]

Casting the dataset: 100%|██████████| 203241/203241 [00:00<00:00, 1444808.82 examples/s]

Casting the dataset: 100%|██████████| 49616/49616 [00:00<00:00, 1300060.52 examples/s]

Generating train split: 123235 examples [00:00, 490177.01 examples/s]
Casting the dataset: 100%|██████████| 82723/82723 [00:00<00:00, 1373891.91 examples/s]

Casting the dataset:   0%|          | 0/55832 [00:00<?, ? examples/s]
Casting the dataset:   0%|          | 0/158034 [00:00<?, ? examples/s]
Casting the dataset:   0%|          | 0/108083 [00:00<?, ? examples/s]
Casting the dataset: 100%|██████████| 55832/55832 [00:00<00:00, 1308028.72 examples/s]

Casting the dataset:   0%|          | 0/76063 [00:00<?, ? examples/s]
Casting the dataset:   0%|          | 0/49616 [00:00<?, ? examples/s]
Casting the dataset:   0%|          | 0/28088 [00:00<?, ? examples/s]
Generating train split: 162024 examples [00:00, 507022.83 examples/s]

Casting the dataset:   0%|          | 0/92133 [00:00<?, ? examples/s]
Casting the dataset:   0%|          | 0/109917 [00:00<?, ? examples/s]
Casting the dataset:   0%|          | 0/162024 [00:00<?, ? examples/s]
Casting the dataset: 100%|██████████| 28088/28088 [00:00<00:00, 1222357.68 examples/s]

Casting the dataset: 100%|██████████| 49616/49616 [00:00<00:00, 1309023.24 examples/s]

Casting the dataset:   0%|          | 0/162024 [00:00<?, ? examples/s]
Casting the dataset:   0%|          | 0/86742 [00:00<?, ? examples/s]
Casting the dataset:   0%|          | 0/86742 [00:00<?, ? examples/s]
Casting the dataset: 100%|██████████| 108083/108083 [00:00<00:00, 1415117.71 examples/s]
Casting the dataset:   0%|          | 0/162024 [00:00<?, ? examples/s]

Casting the dataset: 100%|██████████| 76063/76063 [00:00<00:00, 1330916.55 examples/s]

Casting the dataset:  95%|█████████▍| 150000/158034 [00:00<00:00, 1476146.86 examples/s]
Casting the dataset:   0%|          | 0/162024 [00:00<?, ? examples/s]
Casting the dataset: 100%|██████████| 158034/158034 [00:00<00:00, 1405801.93 examples/s]

Casting the dataset: 100%|██████████| 92133/92133 [00:00<00:00, 1351129.38 examples/s]

Casting the dataset:   0%|          | 0/92133 [00:00<?, ? examples/s]
Casting the dataset: 100%|██████████| 109917/109917 [00:00<00:00, 1434254.44 examples/s]

Casting the dataset:   0%|          | 0/76063 [00:00<?, ? examples/s]
Casting the dataset: 100%|██████████| 86742/86742 [00:00<00:00, 1304827.05 examples/s]

Casting the dataset: 100%|██████████| 86742/86742 [00:00<00:00, 1281294.59 examples/s]

Casting the dataset:  93%|█████████▎| 151000/162024 [00:00<00:00, 1491980.85 examples/s]
Casting the dataset:   0%|          | 0/157744 [00:00<?, ? examples/s]
Casting the dataset: 100%|██████████| 162024/162024 [00:00<00:00, 1420560.99 examples/s]

Casting the dataset:   0%|          | 0/120446 [00:00<?, ? examples/s]
Casting the dataset:   0%|          | 0/34519 [00:00<?, ? examples/s]
Casting the dataset:   0%|          | 0/82723 [00:00<?, ? examples/s]
Casting the dataset:  92%|█████████▏| 149000/162024 [00:00<00:00, 1471793.06 examples/s]
Casting the dataset: 100%|██████████| 92133/92133 [00:00<00:00, 1371037.63 examples/s]

Casting the dataset:   0%|          | 0/11357 [00:00<?, ? examples/s]
Casting the dataset:  94%|█████████▍| 152000/162024 [00:00<00:00, 1501681.10 examples/s]
Casting the dataset:  98%|█████████▊| 159000/162024 [00:00<00:00, 1569894.53 examples/s]
Casting the dataset: 100%|██████████| 162024/162024 [00:00<00:00, 1410946.01 examples/s]

Casting the dataset:   0%|          | 0/81255 [00:00<?, ? examples/s]
Casting the dataset: 100%|██████████| 162024/162024 [00:00<00:00, 1499738.29 examples/s]

Casting the dataset: 100%|██████████| 11357/11357 [00:00<00:00, 1014173.40 examples/s]

Casting the dataset: 100%|██████████| 162024/162024 [00:00<00:00, 1439036.75 examples/s]

Casting the dataset: 100%|██████████| 34519/34519 [00:00<00:00, 1240346.62 examples/s]

Casting the dataset: 100%|██████████| 76063/76063 [00:00<00:00, 1348234.35 examples/s]

Casting the dataset: 100%|██████████| 82723/82723 [00:00<00:00, 1344801.11 examples/s]

Casting the dataset:   0%|          | 0/10624 [00:00<?, ? examples/s]
Casting the dataset: 100%|██████████| 81255/81255 [00:00<00:00, 1399048.32 examples/s]

Casting the dataset: 100%|██████████| 10624/10624 [00:00<00:00, 885028.22 examples/s]

Casting the dataset: 100%|██████████| 120446/120446 [00:00<00:00, 1378767.05 examples/s]

Casting the dataset:  92%|█████████▏| 145000/157744 [00:00<00:00, 1426409.83 examples/s]
Casting the dataset:   0%|          | 0/64765 [00:00<?, ? examples/s]
Casting the dataset: 100%|██████████| 157744/157744 [00:00<00:00, 1368274.28 examples/s]

Casting the dataset:   0%|          | 0/64765 [00:00<?, ? examples/s]
Casting the dataset:   0%|          | 0/28088 [00:00<?, ? examples/s]
Casting the dataset:   0%|          | 0/123109 [00:00<?, ? examples/s]
Casting the dataset:   0%|          | 0/82723 [00:00<?, ? examples/s]
Casting the dataset:   0%|          | 0/10624 [00:00<?, ? examples/s]
Casting the dataset: 100%|██████████| 28088/28088 [00:00<00:00, 1213106.36 examples/s]

Casting the dataset: 100%|██████████| 64765/64765 [00:00<00:00, 1319608.74 examples/s]

Casting the dataset: 100%|██████████| 10624/10624 [00:00<00:00, 957585.54 examples/s]

Casting the dataset:   0%|          | 0/203241 [00:00<?, ? examples/s]
Casting the dataset: 100%|██████████| 64765/64765 [00:00<00:00, 1364874.25 examples/s]

Casting the dataset:   0%|          | 0/71365 [00:00<?, ? examples/s]
Casting the dataset:   0%|          | 0/130894 [00:00<?, ? examples/s]
Casting the dataset: 100%|██████████| 82723/82723 [00:00<00:00, 1363879.19 examples/s]

Casting the dataset:   0%|          | 0/49616 [00:00<?, ? examples/s]
Casting the dataset:   0%|          | 0/55832 [00:00<?, ? examples/s]
Casting the dataset: 100%|██████████| 123109/123109 [00:00<00:00, 1428388.06 examples/s]

Casting the dataset: 100%|██████████| 71365/71365 [00:00<00:00, 1357385.17 examples/s]

Casting the dataset: 100%|██████████| 49616/49616 [00:00<00:00, 1294770.56 examples/s]

Casting the dataset:   0%|          | 0/43767 [00:00<?, ? examples/s]
Casting the dataset:   0%|          | 0/120446 [00:00<?, ? examples/s]
Casting the dataset: 100%|██████████| 55832/55832 [00:00<00:00, 1383138.31 examples/s]

Casting the dataset:   0%|          | 0/28088 [00:00<?, ? examples/s]
Casting the dataset:  72%|███████▏  | 147000/203241 [00:00<00:00, 1453040.09 examples/s]
Casting the dataset:   0%|          | 0/43767 [00:00<?, ? examples/s]
Generating train split: 0 examples [00:00, ? examples/s]
Casting the dataset: 100%|██████████| 130894/130894 [00:00<00:00, 1452224.80 examples/s]

Casting the dataset: 100%|██████████| 28088/28088 [00:00<00:00, 1220521.43 examples/s]

Casting the dataset: 100%|██████████| 43767/43767 [00:00<00:00, 1287818.61 examples/s]

Casting the dataset: 100%|██████████| 43767/43767 [00:00<00:00, 1334565.13 examples/s]

Casting the dataset: 100%|██████████| 203241/203241 [00:00<00:00, 1408664.18 examples/s]

Casting the dataset:   0%|          | 0/76063 [00:00<?, ? examples/s]
Casting the dataset: 100%|██████████| 120446/120446 [00:00<00:00, 1398325.78 examples/s]

Casting the dataset:   0%|          | 0/145091 [00:00<?, ? examples/s]
Generating train split: 49741 examples [00:00, 495256.72 examples/s]
Casting the dataset:   0%|          | 0/157744 [00:00<?, ? examples/s]
Casting the dataset:   0%|          | 0/120446 [00:00<?, ? examples/s]
Casting the dataset: 100%|██████████| 76063/76063 [00:00<00:00, 1326941.95 examples/s]

Casting the dataset:   0%|          | 0/71365 [00:00<?, ? examples/s]
Casting the dataset:   0%|          | 0/131024 [00:00<?, ? examples/s]
Casting the dataset: 100%|██████████| 145091/145091 [00:00<00:00, 1429272.77 examples/s]

Casting the dataset:   0%|          | 0/98013 [00:00<?, ? examples/s]
Casting the dataset:   0%|          | 0/98013 [00:00<?, ? examples/s]
Casting the dataset:   0%|          | 0/86742 [00:00<?, ? examples/s]
Casting the dataset:   0%|          | 0/136953 [00:00<?, ? examples/s]
Casting the dataset:   0%|          | 0/81255 [00:00<?, ? examples/s]
Casting the dataset: 100%|██████████| 120446/120446 [00:00<00:00, 1418865.72 examples/s]

Generating train split: 99508 examples [00:00, 494465.82 examples/s]
Casting the dataset: 100%|█████████▉| 157000/157744 [00:00<00:00, 1547688.19 examples/s]
Casting the dataset: 100%|██████████| 71365/71365 [00:00<00:00, 1353304.09 examples/s]

Casting the dataset: 100%|██████████| 157744/157744 [00:00<00:00, 1481669.75 examples/s]

Casting the dataset:   0%|          | 0/82723 [00:00<?, ? examples/s]
Casting the dataset: 100%|██████████| 86742/86742 [00:00<00:00, 1355270.32 examples/s]

Casting the dataset:   0%|          | 0/81255 [00:00<?, ? examples/s]
Casting the dataset: 100%|██████████| 98013/98013 [00:00<00:00, 1359724.28 examples/s]

Casting the dataset: 100%|██████████| 98013/98013 [00:00<00:00, 1421573.52 examples/s]

Casting the dataset: 100%|██████████| 81255/81255 [00:00<00:00, 1318626.20 examples/s]

Casting the dataset: 100%|██████████| 131024/131024 [00:00<00:00, 1434740.75 examples/s]

Casting the dataset: 100%|██████████| 136953/136953 [00:00<00:00, 1447042.96 examples/s]

Casting the dataset:   0%|          | 0/71365 [00:00<?, ? examples/s]
Casting the dataset: 100%|██████████| 82723/82723 [00:00<00:00, 1319646.47 examples/s]

Casting the dataset:   0%|          | 0/49616 [00:00<?, ? examples/s]
Generating train split: 151859 examples [00:00, 509909.15 examples/s]

Casting the dataset:   0%|          | 0/147826 [00:00<?, ? examples/s]
Casting the dataset:   0%|          | 0/145091 [00:00<?, ? examples/s]
Casting the dataset:   0%|          | 0/151859 [00:00<?, ? examples/s]
Casting the dataset: 100%|██████████| 81255/81255 [00:00<00:00, 1361430.15 examples/s]

Casting the dataset:   0%|          | 0/151859 [00:00<?, ? examples/s]
Casting the dataset:   0%|          | 0/151859 [00:00<?, ? examples/s]
Casting the dataset: 100%|██████████| 49616/49616 [00:00<00:00, 1353913.23 examples/s]

Casting the dataset: 100%|██████████| 71365/71365 [00:00<00:00, 1361212.32 examples/s]

Casting the dataset:   0%|          | 0/28088 [00:00<?, ? examples/s]
Casting the dataset:   0%|          | 0/151859 [00:00<?, ? examples/s]
Casting the dataset: 100%|██████████| 28088/28088 [00:00<00:00, 1201427.84 examples/s]

Casting the dataset:   0%|          | 0/64765 [00:00<?, ? examples/s]
Casting the dataset:   0%|          | 0/55832 [00:00<?, ? examples/s]
Casting the dataset:   0%|          | 0/70883 [00:00<?, ? examples/s]
Casting the dataset: 100%|██████████| 147826/147826 [00:00<00:00, 1468444.47 examples/s]
Casting the dataset:   0%|          | 0/76063 [00:00<?, ? examples/s]
Casting the dataset: 100%|██████████| 147826/147826 [00:00<00:00, 1398227.45 examples/s]

Casting the dataset:  97%|█████████▋| 148000/151859 [00:00<00:00, 1454349.27 examples/s]
Casting the dataset: 100%|██████████| 145091/145091 [00:00<00:00, 1394049.91 examples/s]

Casting the dataset:   0%|          | 0/76610 [00:00<?, ? examples/s]
Casting the dataset: 100%|██████████| 151859/151859 [00:00<00:00, 1505977.90 examples/s]
Casting the dataset:   0%|          | 0/70883 [00:00<?, ? examples/s]
Casting the dataset: 100%|██████████| 151859/151859 [00:00<00:00, 1393004.20 examples/s]

Casting the dataset:  90%|████████▉ | 136000/151859 [00:00<00:00, 1331046.60 examples/s]
Casting the dataset: 100%|██████████| 151859/151859 [00:00<00:00, 1438096.06 examples/s]

Casting the dataset:   0%|          | 0/94302 [00:00<?, ? examples/s]
Casting the dataset: 100%|██████████| 55832/55832 [00:00<00:00, 1298916.06 examples/s]

Casting the dataset: 100%|██████████| 64765/64765 [00:00<00:00, 1306955.18 examples/s]

Casting the dataset: 100%|██████████| 151859/151859 [00:00<00:00, 1302991.85 examples/s]

Casting the dataset:   0%|          | 0/55832 [00:00<?, ? examples/s]
Casting the dataset: 100%|██████████| 70883/70883 [00:00<00:00, 1326596.42 examples/s]

Casting the dataset:   0%|          | 0/145091 [00:00<?, ? examples/s]
Casting the dataset: 100%|██████████| 76063/76063 [00:00<00:00, 1399057.79 examples/s]

Casting the dataset:  99%|█████████▉| 150000/151859 [00:00<00:00, 1471506.62 examples/s]
Casting the dataset: 100%|██████████| 151859/151859 [00:00<00:00, 1407017.63 examples/s]

Casting the dataset: 100%|██████████| 76610/76610 [00:00<00:00, 1377483.73 examples/s]

Casting the dataset: 100%|██████████| 70883/70883 [00:00<00:00, 1335487.31 examples/s]

Casting the dataset: 100%|██████████| 55832/55832 [00:00<00:00, 1360565.09 examples/s]

Casting the dataset: 100%|██████████| 94302/94302 [00:00<00:00, 1404934.66 examples/s]

Casting the dataset:   0%|          | 0/120446 [00:00<?, ? examples/s]
Casting the dataset:   0%|          | 0/43767 [00:00<?, ? examples/s]
Casting the dataset:   0%|          | 0/144287 [00:00<?, ? examples/s]
Casting the dataset: 100%|██████████| 145091/145091 [00:00<00:00, 1426655.89 examples/s]

Casting the dataset:   0%|          | 0/82723 [00:00<?, ? examples/s]
Casting the dataset:   0%|          | 0/147826 [00:00<?, ? examples/s]
Casting the dataset: 100%|██████████| 43767/43767 [00:00<00:00, 1272402.84 examples/s]

Casting the dataset:   0%|          | 0/157744 [00:00<?, ? examples/s]
Generating train split: 0 examples [00:00, ? examples/s]
Casting the dataset: 100%|██████████| 120446/120446 [00:00<00:00, 1403430.16 examples/s]

Casting the dataset: 100%|██████████| 82723/82723 [00:00<00:00, 1429099.74 examples/s]

Casting the dataset:   0%|          | 0/157744 [00:00<?, ? examples/s]
Casting the dataset:   0%|          | 0/52486 [00:00<?, ? examples/s]
Generating train split: 17822 examples [00:00, 424875.44 examples/s]

Casting the dataset:   0%|          | 0/17822 [00:00<?, ? examples/s]
Casting the dataset:   0%|          | 0/17822 [00:00<?, ? examples/s]
Casting the dataset: 100%|██████████| 17822/17822 [00:00<00:00, 1152229.45 examples/s]

Casting the dataset: 100%|██████████| 144287/144287 [00:00<00:00, 1416001.68 examples/s]

Casting the dataset: 100%|██████████| 17822/17822 [00:00<00:00, 1179147.65 examples/s]

Casting the dataset: 100%|██████████| 52486/52486 [00:00<00:00, 1352308.13 examples/s]

Casting the dataset: 100%|██████████| 147826/147826 [00:00<00:00, 1463819.70 examples/s]
Casting the dataset:   0%|          | 0/28088 [00:00<?, ? examples/s]
Casting the dataset: 100%|██████████| 147826/147826 [00:00<00:00, 1395558.68 examples/s]

Casting the dataset:   0%|          | 0/162024 [00:00<?, ? examples/s]
Casting the dataset:   0%|          | 0/147826 [00:00<?, ? examples/s]
Casting the dataset:   0%|          | 0/17822 [00:00<?, ? examples/s]
Casting the dataset:   0%|          | 0/17822 [00:00<?, ? examples/s]
Casting the dataset:  93%|█████████▎| 146000/157744 [00:00<00:00, 1441775.95 examples/s]
Casting the dataset:   0%|          | 0/71365 [00:00<?, ? examples/s]
Casting the dataset: 100%|██████████| 17822/17822 [00:00<00:00, 1103496.99 examples/s]

Casting the dataset: 100%|██████████| 28088/28088 [00:00<00:00, 1256475.02 examples/s]

Casting the dataset: 100%|██████████| 17822/17822 [00:00<00:00, 1138037.97 examples/s]

Casting the dataset: 100%|██████████| 157744/157744 [00:00<00:00, 1374530.83 examples/s]

Casting the dataset:  97%|█████████▋| 153000/157744 [00:00<00:00, 1505765.18 examples/s]
Casting the dataset: 100%|██████████| 157744/157744 [00:00<00:00, 1439695.12 examples/s]

Casting the dataset:   0%|          | 0/50433 [00:00<?, ? examples/s]
Casting the dataset: 100%|██████████| 71365/71365 [00:00<00:00, 1318299.55 examples/s]

Casting the dataset:   0%|          | 0/98013 [00:00<?, ? examples/s]
Casting the dataset:   0%|          | 0/47565 [00:00<?, ? examples/s]
Casting the dataset: 100%|██████████| 50433/50433 [00:00<00:00, 1345884.58 examples/s]

Casting the dataset:  94%|█████████▍| 153000/162024 [00:00<00:00, 1514289.21 examples/s]
Casting the dataset: 100%|██████████| 147826/147826 [00:00<00:00, 1433230.97 examples/s]

Casting the dataset: 100%|██████████| 162024/162024 [00:00<00:00, 1449927.06 examples/s]

Generating train split: 0 examples [00:00, ? examples/s]
Casting the dataset:   0%|          | 0/120446 [00:00<?, ? examples/s]
Casting the dataset: 100%|██████████| 47565/47565 [00:00<00:00, 1355009.20 examples/s]

Casting the dataset:   0%|          | 0/49616 [00:00<?, ? examples/s]
Casting the dataset:   0%|          | 0/49616 [00:00<?, ? examples/s]
Casting the dataset: 100%|██████████| 49616/49616 [00:00<00:00, 1314106.84 examples/s]

Casting the dataset:   0%|          | 0/144287 [00:00<?, ? examples/s]
Casting the dataset: 100%|██████████| 49616/49616 [00:00<00:00, 1401198.41 examples/s]

Casting the dataset:   0%|          | 0/145091 [00:00<?, ? examples/s]
Casting the dataset: 100%|██████████| 98013/98013 [00:00<00:00, 1000991.79 examples/s]

Casting the dataset: 100%|██████████| 120446/120446 [00:00<00:00, 1485167.47 examples/s]

Casting the dataset:   0%|          | 0/139765 [00:00<?, ? examples/s]
Generating train split: 61628 examples [00:00, 575044.59 examples/s]
Casting the dataset:   0%|          | 0/144287 [00:00<?, ? examples/s]
Casting the dataset:   0%|          | 0/92133 [00:00<?, ? examples/s]
Casting the dataset:   0%|          | 0/77014 [00:00<?, ? examples/s]
Casting the dataset:   0%|          | 0/76063 [00:00<?, ? examples/s]
Casting the dataset:   0%|          | 0/76063 [00:00<?, ? examples/s]
Generating train split: 83479 examples [00:00, 599598.77 examples/s]

Casting the dataset:   0%|          | 0/83479 [00:00<?, ? examples/s]
Casting the dataset:   0%|          | 0/83479 [00:00<?, ? examples/s]
Casting the dataset: 100%|██████████| 144287/144287 [00:00<00:00, 1386976.33 examples/s]

Casting the dataset:   0%|          | 0/71365 [00:00<?, ? examples/s]
Casting the dataset:   0%|          | 0/92133 [00:00<?, ? examples/s]
Casting the dataset: 100%|██████████| 145091/145091 [00:00<00:00, 1398753.68 examples/s]

Casting the dataset:   0%|          | 0/83479 [00:00<?, ? examples/s]
Casting the dataset:   0%|          | 0/83479 [00:00<?, ? examples/s]
Casting the dataset: 100%|██████████| 77014/77014 [00:00<00:00, 1401887.56 examples/s]

Casting the dataset: 100%|██████████| 92133/92133 [00:00<00:00, 1360332.77 examples/s]

Casting the dataset: 100%|██████████| 76063/76063 [00:00<00:00, 1345749.05 examples/s]

Casting the dataset: 100%|██████████| 139765/139765 [00:00<00:00, 1396070.30 examples/s]

Casting the dataset: 100%|██████████| 76063/76063 [00:00<00:00, 1399002.57 examples/s]

Casting the dataset: 100%|██████████| 83479/83479 [00:00<00:00, 1418865.61 examples/s]

Casting the dataset:   0%|          | 0/70883 [00:00<?, ? examples/s]
Casting the dataset: 100%|██████████| 83479/83479 [00:00<00:00, 1462203.41 examples/s]

Casting the dataset:   0%|          | 0/151859 [00:00<?, ? examples/s]
Casting the dataset: 100%|██████████| 144287/144287 [00:00<00:00, 1436954.73 examples/s]

Casting the dataset: 100%|██████████| 71365/71365 [00:00<00:00, 1402063.35 examples/s]

Casting the dataset: 100%|██████████| 83479/83479 [00:00<00:00, 1365628.82 examples/s]

Casting the dataset:   0%|          | 0/50433 [00:00<?, ? examples/s]
Casting the dataset: 100%|██████████| 83479/83479 [00:00<00:00, 1459028.93 examples/s]

Casting the dataset: 100%|██████████| 92133/92133 [00:00<00:00, 1348333.78 examples/s]

Casting the dataset: 100%|██████████| 70883/70883 [00:00<00:00, 1315007.79 examples/s]

Casting the dataset: 100%|██████████| 50433/50433 [00:00<00:00, 1304991.76 examples/s]

Casting the dataset:   0%|          | 0/82723 [00:00<?, ? examples/s]
Casting the dataset:   0%|          | 0/85107 [00:00<?, ? examples/s]
Casting the dataset:   0%|          | 0/50433 [00:00<?, ? examples/s]
Casting the dataset:   0%|          | 0/147826 [00:00<?, ? examples/s]
Casting the dataset:   0%|          | 0/82723 [00:00<?, ? examples/s]
Casting the dataset: 100%|██████████| 151859/151859 [00:00<00:00, 1478834.31 examples/s]

Casting the dataset:   0%|          | 0/145091 [00:00<?, ? examples/s]
Casting the dataset: 100%|██████████| 50433/50433 [00:00<00:00, 1354537.40 examples/s]

Casting the dataset: 100%|██████████| 82723/82723 [00:00<00:00, 1366419.78 examples/s]

Casting the dataset: 100%|██████████| 85107/85107 [00:00<00:00, 1378683.63 examples/s]

Casting the dataset:   0%|          | 0/10624 [00:00<?, ? examples/s]
Casting the dataset:   0%|          | 0/98332 [00:00<?, ? examples/s]
Generating train split: 0 examples [00:00, ? examples/s]
Casting the dataset: 100%|██████████| 10624/10624 [00:00<00:00, 918162.98 examples/s]

Casting the dataset: 100%|██████████| 82723/82723 [00:00<00:00, 1433160.99 examples/s]

Casting the dataset:   0%|          | 0/139765 [00:00<?, ? examples/s]
Casting the dataset:   0%|          | 0/28088 [00:00<?, ? examples/s]
Casting the dataset:   0%|          | 0/10624 [00:00<?, ? examples/s]
Casting the dataset:  98%|█████████▊| 145000/147826 [00:00<00:00, 1432109.83 examples/s]
Casting the dataset: 100%|██████████| 10624/10624 [00:00<00:00, 940844.68 examples/s]

Casting the dataset: 100%|██████████| 147826/147826 [00:00<00:00, 1362631.22 examples/s]

Casting the dataset:   0%|          | 0/17822 [00:00<?, ? examples/s]
Casting the dataset: 100%|██████████| 145091/145091 [00:00<00:00, 1482962.15 examples/s]

Casting the dataset: 100%|██████████| 28088/28088 [00:00<00:00, 1205361.38 examples/s]

Casting the dataset:   0%|          | 0/28088 [00:00<?, ? examples/s]
Casting the dataset:   0%|          | 0/85381 [00:00<?, ? examples/s]
Casting the dataset:   0%|          | 0/139765 [00:00<?, ? examples/s]
Casting the dataset: 100%|██████████| 17822/17822 [00:00<00:00, 1145467.01 examples/s]

Casting the dataset: 100%|██████████| 98332/98332 [00:00<00:00, 1384923.26 examples/s]

Casting the dataset: 100%|██████████| 28088/28088 [00:00<00:00, 1259457.03 examples/s]

Generating train split: 50522 examples [00:00, 500693.79 examples/s]
Casting the dataset: 100%|██████████| 139765/139765 [00:00<00:00, 1382270.80 examples/s]

Casting the dataset: 100%|██████████| 85381/85381 [00:00<00:00, 1381361.67 examples/s]

Casting the dataset:   0%|          | 0/83479 [00:00<?, ? examples/s]
Casting the dataset:   0%|          | 0/120446 [00:00<?, ? examples/s]
Casting the dataset: 100%|██████████| 139765/139765 [00:00<00:00, 1469708.87 examples/s]

Casting the dataset:   0%|          | 0/147826 [00:00<?, ? examples/s]
Casting the dataset:   0%|          | 0/144287 [00:00<?, ? examples/s]
Casting the dataset:   0%|          | 0/120446 [00:00<?, ? examples/s]
Casting the dataset: 100%|██████████| 83479/83479 [00:00<00:00, 1405216.15 examples/s]

Casting the dataset:   0%|          | 0/85107 [00:00<?, ? examples/s]
Generating train split: 107653 examples [00:00, 537076.58 examples/s]
Generating train split: 111364 examples [00:00, 537839.76 examples/s]

Casting the dataset:   0%|          | 0/216507 [00:00<?, ? examples/s]
Casting the dataset:   0%|          | 0/111364 [00:00<?, ? examples/s]
Casting the dataset:   0%|          | 0/111364 [00:00<?, ? examples/s]
Casting the dataset: 100%|██████████| 120446/120446 [00:00<00:00, 1392797.46 examples/s]

Casting the dataset:   0%|          | 0/173838 [00:00<?, ? examples/s]
Casting the dataset:   0%|          | 0/85107 [00:00<?, ? examples/s]
Casting the dataset:   0%|          | 0/111364 [00:00<?, ? examples/s]
Casting the dataset:   0%|          | 0/111364 [00:00<?, ? examples/s]
Casting the dataset: 100%|██████████| 85107/85107 [00:00<00:00, 1361763.95 examples/s]

Casting the dataset: 100%|██████████| 147826/147826 [00:00<00:00, 1445797.07 examples/s]

Casting the dataset: 100%|██████████| 120446/120446 [00:00<00:00, 1440962.78 examples/s]

Casting the dataset:  98%|█████████▊| 141000/144287 [00:00<00:00, 1395603.76 examples/s]
Casting the dataset:   0%|          | 0/111364 [00:00<?, ? examples/s]
Casting the dataset: 100%|██████████| 144287/144287 [00:00<00:00, 1329880.81 examples/s]

Casting the dataset: 100%|██████████| 111364/111364 [00:00<00:00, 1467078.97 examples/s]

Casting the dataset: 100%|██████████| 111364/111364 [00:00<00:00, 1408412.80 examples/s]

Casting the dataset: 100%|██████████| 85107/85107 [00:00<00:00, 1414421.52 examples/s]

Casting the dataset:  70%|██████▉   | 151000/216507 [00:00<00:00, 1497062.80 examples/s]
Casting the dataset:   0%|          | 0/71365 [00:00<?, ? examples/s]
Casting the dataset: 100%|██████████| 111364/111364 [00:00<00:00, 1404347.70 examples/s]

Casting the dataset: 100%|██████████| 111364/111364 [00:00<00:00, 1464447.98 examples/s]

Casting the dataset:   0%|          | 0/85381 [00:00<?, ? examples/s]
Casting the dataset:  85%|████████▍ | 147000/173838 [00:00<00:00, 1451097.66 examples/s]
Casting the dataset:   0%|          | 0/71365 [00:00<?, ? examples/s]
Casting the dataset: 100%|██████████| 111364/111364 [00:00<00:00, 1515885.90 examples/s]

Casting the dataset:   0%|          | 0/50433 [00:00<?, ? examples/s]
Casting the dataset:   0%|          | 0/92133 [00:00<?, ? examples/s]
Casting the dataset: 100%|██████████| 216507/216507 [00:00<00:00, 1454103.20 examples/s]

Casting the dataset: 100%|██████████| 173838/173838 [00:00<00:00, 1393987.64 examples/s]

Casting the dataset:   0%|          | 0/144287 [00:00<?, ? examples/s]
Casting the dataset: 100%|██████████| 71365/71365 [00:00<00:00, 1332021.33 examples/s]

Casting the dataset:   0%|          | 0/81255 [00:00<?, ? examples/s]
Casting the dataset:   0%|          | 0/85381 [00:00<?, ? examples/s]
Casting the dataset: 100%|██████████| 50433/50433 [00:00<00:00, 1247163.10 examples/s]

Casting the dataset: 100%|██████████| 71365/71365 [00:00<00:00, 1396001.74 examples/s]

Casting the dataset: 100%|██████████| 85381/85381 [00:00<00:00, 1347371.65 examples/s]

Casting the dataset:   0%|          | 0/81255 [00:00<?, ? examples/s]
Generating train split: 0 examples [00:00, ? examples/s]
Casting the dataset: 100%|██████████| 92133/92133 [00:00<00:00, 1315143.28 examples/s]

Casting the dataset: 100%|██████████| 81255/81255 [00:00<00:00, 1340387.13 examples/s]

Casting the dataset: 100%|██████████| 85381/85381 [00:00<00:00, 1422046.10 examples/s]

Casting the dataset: 100%|██████████| 144287/144287 [00:00<00:00, 1475909.83 examples/s]

Casting the dataset: 100%|██████████| 81255/81255 [00:00<00:00, 1351780.40 examples/s]

Casting the dataset:   0%|          | 0/145091 [00:00<?, ? examples/s]
Casting the dataset:   0%|          | 0/145091 [00:00<?, ? examples/s]
Casting the dataset:   0%|          | 0/139765 [00:00<?, ? examples/s]
Casting the dataset:   0%|          | 0/144551 [00:00<?, ? examples/s]
Generating train split: 40898 examples [00:00, 527517.43 examples/s]

Casting the dataset:   0%|          | 0/40898 [00:00<?, ? examples/s]
Casting the dataset:   0%|          | 0/173516 [00:00<?, ? examples/s]
Casting the dataset:   0%|          | 0/40898 [00:00<?, ? examples/s]
Casting the dataset:   0%|          | 0/40898 [00:00<?, ? examples/s]
Casting the dataset:   0%|          | 0/173838 [00:00<?, ? examples/s]
Casting the dataset: 100%|██████████| 40898/40898 [00:00<00:00, 1483205.47 examples/s]

Casting the dataset:   0%|          | 0/50433 [00:00<?, ? examples/s]
Casting the dataset: 100%|██████████| 40898/40898 [00:00<00:00, 1303921.11 examples/s]

Casting the dataset:   0%|          | 0/40898 [00:00<?, ? examples/s]
Casting the dataset:   0%|          | 0/40898 [00:00<?, ? examples/s]
Casting the dataset: 100%|██████████| 40898/40898 [00:00<00:00, 1394736.52 examples/s]

Casting the dataset:   0%|          | 0/10624 [00:00<?, ? examples/s]
Casting the dataset:   0%|          | 0/173838 [00:00<?, ? examples/s]
Casting the dataset: 100%|██████████| 10624/10624 [00:00<00:00, 887442.96 examples/s]

Casting the dataset: 100%|██████████| 40898/40898 [00:00<00:00, 1303009.88 examples/s]

Casting the dataset:   0%|          | 0/55832 [00:00<?, ? examples/s]
Casting the dataset: 100%|██████████| 40898/40898 [00:00<00:00, 1331697.71 examples/s]

Casting the dataset: 100%|██████████| 50433/50433 [00:00<00:00, 1359167.62 examples/s]

Casting the dataset: 100%|██████████| 145091/145091 [00:00<00:00, 1443251.75 examples/s]
Casting the dataset: 100%|██████████| 145091/145091 [00:00<00:00, 1379413.29 examples/s]

Casting the dataset: 100%|██████████| 145091/145091 [00:00<00:00, 1452039.97 examples/s]

Casting the dataset: 100%|██████████| 144551/144551 [00:00<00:00, 1434186.42 examples/s]
Casting the dataset: 100%|██████████| 139765/139765 [00:00<00:00, 1297784.18 examples/s]


Casting the dataset:  85%|████████▌ | 148000/173516 [00:00<00:00, 1459155.83 examples/s]
Casting the dataset:   0%|          | 0/55832 [00:00<?, ? examples/s]
Casting the dataset: 100%|██████████| 55832/55832 [00:00<00:00, 1311023.79 examples/s]

Casting the dataset:  84%|████████▍ | 146000/173838 [00:00<00:00, 1440904.08 examples/s]
Casting the dataset: 100%|██████████| 173516/173516 [00:00<00:00, 1399967.78 examples/s]

Casting the dataset: 100%|██████████| 173838/173838 [00:00<00:00, 1385877.24 examples/s]

Casting the dataset: 100%|██████████| 55832/55832 [00:00<00:00, 1360035.66 examples/s]

Casting the dataset:  89%|████████▊ | 154000/173838 [00:00<00:00, 1512274.81 examples/s]
Generating train split: 0 examples [00:00, ? examples/s]
Casting the dataset:   0%|          | 0/139765 [00:00<?, ? examples/s]
Casting the dataset: 100%|██████████| 173838/173838 [00:00<00:00, 1453363.91 examples/s]

Casting the dataset:   0%|          | 0/85107 [00:00<?, ? examples/s]
Casting the dataset:   0%|          | 0/147826 [00:00<?, ? examples/s]
Casting the dataset:   0%|          | 0/147826 [00:00<?, ? examples/s]
Casting the dataset:   0%|          | 0/178570 [00:00<?, ? examples/s]
Casting the dataset:   0%|          | 0/157744 [00:00<?, ? examples/s]
Casting the dataset: 100%|██████████| 85107/85107 [00:00<00:00, 1326059.58 examples/s]

Casting the dataset:   0%|          | 0/112181 [00:00<?, ? examples/s]
Casting the dataset: 100%|██████████| 139765/139765 [00:00<00:00, 1434032.96 examples/s]

Generating train split: 54433 examples [00:00, 521671.64 examples/s]
Casting the dataset:   0%|          | 0/173516 [00:00<?, ? examples/s]
Casting the dataset:   0%|          | 0/157744 [00:00<?, ? examples/s]
Casting the dataset:  98%|█████████▊| 145000/147826 [00:00<00:00, 1435852.71 examples/s]
Casting the dataset:  98%|█████████▊| 145000/147826 [00:00<00:00, 1431132.53 examples/s]
Casting the dataset: 100%|██████████| 147826/147826 [00:00<00:00, 1367825.70 examples/s]

Casting the dataset: 100%|██████████| 147826/147826 [00:00<00:00, 1358222.43 examples/s]

Casting the dataset:   0%|          | 0/173516 [00:00<?, ? examples/s]
Casting the dataset:   0%|          | 0/85381 [00:00<?, ? examples/s]
Casting the dataset:  85%|████████▌ | 152000/178570 [00:00<00:00, 1491932.78 examples/s]
Casting the dataset: 100%|██████████| 112181/112181 [00:00<00:00, 1397449.41 examples/s]

Casting the dataset:  95%|█████████▌| 150000/157744 [00:00<00:00, 1479990.87 examples/s]
Casting the dataset: 100%|██████████| 157744/157744 [00:00<00:00, 1413719.31 examples/s]

Casting the dataset:   0%|          | 0/85107 [00:00<?, ? examples/s]
Casting the dataset: 100%|██████████| 178570/178570 [00:00<00:00, 1407684.55 examples/s]

Generating train split: 114806 examples [00:00, 548975.01 examples/s]
Casting the dataset:  84%|████████▍ | 146000/173516 [00:00<00:00, 1446913.18 examples/s]
Generating train split: 119597 examples [00:00, 552790.84 examples/s]

Casting the dataset:  96%|█████████▋| 152000/157744 [00:00<00:00, 1500500.63 examples/s]
Casting the dataset: 100%|██████████| 85381/85381 [00:00<00:00, 1305341.34 examples/s]

Casting the dataset:   0%|          | 0/119597 [00:00<?, ? examples/s]
Casting the dataset: 100%|██████████| 157744/157744 [00:00<00:00, 1431440.88 examples/s]

Casting the dataset: 100%|██████████| 173516/173516 [00:00<00:00, 1390934.87 examples/s]

Casting the dataset:   0%|          | 0/119597 [00:00<?, ? examples/s]
Casting the dataset:  89%|████████▉ | 154000/173516 [00:00<00:00, 1520884.80 examples/s]
Casting the dataset: 100%|██████████| 85107/85107 [00:00<00:00, 1461083.56 examples/s]

Casting the dataset:   0%|          | 0/119597 [00:00<?, ? examples/s]
Casting the dataset:   0%|          | 0/144287 [00:00<?, ? examples/s]
Casting the dataset:   0%|          | 0/144287 [00:00<?, ? examples/s]
Casting the dataset: 100%|██████████| 173516/173516 [00:00<00:00, 1451699.09 examples/s]

Casting the dataset:   0%|          | 0/98164 [00:00<?, ? examples/s]
Casting the dataset:   0%|          | 0/119597 [00:00<?, ? examples/s]
Casting the dataset:   0%|          | 0/119597 [00:00<?, ? examples/s]
Casting the dataset:   0%|          | 0/81255 [00:00<?, ? examples/s]
Casting the dataset:   0%|          | 0/49616 [00:00<?, ? examples/s]
Casting the dataset: 100%|██████████| 119597/119597 [00:00<00:00, 1586275.06 examples/s]

Casting the dataset:   0%|          | 0/85381 [00:00<?, ? examples/s]
Casting the dataset:   0%|          | 0/49616 [00:00<?, ? examples/s]
Casting the dataset: 100%|██████████| 119597/119597 [00:00<00:00, 1422548.53 examples/s]

Casting the dataset: 100%|██████████| 119597/119597 [00:00<00:00, 1541705.24 examples/s]

Casting the dataset: 100%|██████████| 49616/49616 [00:00<00:00, 1306812.02 examples/s]

Casting the dataset: 100%|██████████| 81255/81255 [00:00<00:00, 1288363.32 examples/s]

Casting the dataset:   0%|          | 0/112181 [00:00<?, ? examples/s]
Casting the dataset: 100%|██████████| 98164/98164 [00:00<00:00, 1361692.97 examples/s]

Casting the dataset:   0%|          | 0/173838 [00:00<?, ? examples/s]
Casting the dataset:   0%|          | 0/158034 [00:00<?, ? examples/s]
Casting the dataset: 100%|██████████| 119597/119597 [00:00<00:00, 1395181.02 examples/s]

Casting the dataset: 100%|██████████| 119597/119597 [00:00<00:00, 1380851.80 examples/s]

Casting the dataset: 100%|██████████| 49616/49616 [00:00<00:00, 1306754.58 examples/s]

Casting the dataset: 100%|██████████| 144287/144287 [00:00<00:00, 1402023.73 examples/s]

Casting the dataset:  68%|██████▊   | 98000/144287 [00:00<00:00, 959060.43 examples/s]
Casting the dataset:   0%|          | 0/112181 [00:00<?, ? examples/s]
Casting the dataset: 100%|██████████| 85381/85381 [00:00<00:00, 1429533.51 examples/s]

Casting the dataset: 100%|██████████| 144287/144287 [00:00<00:00, 1027938.79 examples/s]

Casting the dataset:   0%|          | 0/76063 [00:00<?, ? examples/s]
Casting the dataset: 100%|██████████| 112181/112181 [00:00<00:00, 1376823.64 examples/s]

Casting the dataset:   0%|          | 0/50433 [00:00<?, ? examples/s]
Casting the dataset:   0%|          | 0/76063 [00:00<?, ? examples/s]
Casting the dataset:  82%|████████▏ | 142000/173838 [00:00<00:00, 1400570.41 examples/s]
Casting the dataset:  95%|█████████▍| 150000/158034 [00:00<00:00, 1485898.10 examples/s]
Casting the dataset: 100%|██████████| 112181/112181 [00:00<00:00, 1432184.24 examples/s]

Generating train split: 0 examples [00:00, ? examples/s]
Casting the dataset:   0%|          | 0/115344 [00:00<?, ? examples/s]
Casting the dataset: 100%|██████████| 158034/158034 [00:00<00:00, 1423646.38 examples/s]

Casting the dataset: 100%|██████████| 76063/76063 [00:00<00:00, 1361798.87 examples/s]

Casting the dataset: 100%|██████████| 50433/50433 [00:00<00:00, 1305990.82 examples/s]

Casting the dataset: 100%|██████████| 173838/173838 [00:00<00:00, 1354189.38 examples/s]

Casting the dataset:   0%|          | 0/50433 [00:00<?, ? examples/s]
Casting the dataset:   0%|          | 0/55832 [00:00<?, ? examples/s]
Casting the dataset:   0%|          | 0/173838 [00:00<?, ? examples/s]
Casting the dataset: 100%|██████████| 76063/76063 [00:00<00:00, 1375550.15 examples/s]

Casting the dataset:   0%|          | 0/98164 [00:00<?, ? examples/s]
Casting the dataset: 100%|██████████| 50433/50433 [00:00<00:00, 1096596.82 examples/s]

Casting the dataset:   0%|          | 0/34519 [00:00<?, ? examples/s]
Casting the dataset: 100%|██████████| 55832/55832 [00:00<00:00, 1287900.55 examples/s]

Casting the dataset: 100%|██████████| 115344/115344 [00:00<00:00, 1368313.61 examples/s]

Casting the dataset:   0%|          | 0/98164 [00:00<?, ? examples/s]
Casting the dataset: 100%|██████████| 34519/34519 [00:00<00:00, 1297363.57 examples/s]

Casting the dataset:   0%|          | 0/82723 [00:00<?, ? examples/s]
Generating train split: 55149 examples [00:00, 546872.30 examples/s]
Casting the dataset:   0%|          | 0/139765 [00:00<?, ? examples/s]
Casting the dataset:   0%|          | 0/82723 [00:00<?, ? examples/s]
Casting the dataset: 100%|██████████| 98164/98164 [00:00<00:00, 1370869.40 examples/s]

Casting the dataset:  90%|████████▉ | 156000/173838 [00:00<00:00, 1538249.68 examples/s]
Casting the dataset: 100%|██████████| 173838/173838 [00:00<00:00, 1480027.08 examples/s]

Casting the dataset: 100%|██████████| 98164/98164 [00:00<00:00, 1438326.74 examples/s]

Casting the dataset:   0%|          | 0/173516 [00:00<?, ? examples/s]
Casting the dataset:   0%|          | 0/44502 [00:00<?, ? examples/s]
Casting the dataset: 100%|██████████| 82723/82723 [00:00<00:00, 1368991.46 examples/s]

Casting the dataset:   0%|          | 0/139765 [00:00<?, ? examples/s]
Casting the dataset: 100%|██████████| 82723/82723 [00:00<00:00, 1388900.54 examples/s]

Casting the dataset: 100%|██████████| 44502/44502 [00:00<00:00, 1271673.17 examples/s]

Generating train split: 114123 examples [00:00, 556388.67 examples/s]
Casting the dataset:   0%|          | 0/157744 [00:00<?, ? examples/s]
Casting the dataset:   0%|          | 0/203241 [00:00<?, ? examples/s]
Casting the dataset:   0%|          | 0/28088 [00:00<?, ? examples/s]
Casting the dataset: 100%|██████████| 139765/139765 [00:00<00:00, 1394476.25 examples/s]

Generating train split: 123343 examples [00:00, 561258.78 examples/s]

Casting the dataset:   0%|          | 0/115344 [00:00<?, ? examples/s]
Casting the dataset:   0%|          | 0/123343 [00:00<?, ? examples/s]
Casting the dataset:   0%|          | 0/123343 [00:00<?, ? examples/s]
Casting the dataset:   0%|          | 0/123343 [00:00<?, ? examples/s]
Casting the dataset: 100%|██████████| 28088/28088 [00:00<00:00, 1220053.76 examples/s]

Casting the dataset:   0%|          | 0/28088 [00:00<?, ? examples/s]
Casting the dataset:   0%|          | 0/115344 [00:00<?, ? examples/s]
Casting the dataset:  83%|████████▎ | 144000/173516 [00:00<00:00, 1419615.74 examples/s]
Casting the dataset:   0%|          | 0/123343 [00:00<?, ? examples/s]
Casting the dataset: 100%|██████████| 28088/28088 [00:00<00:00, 1224950.46 examples/s]
Casting the dataset:   0%|          | 0/123343 [00:00<?, ? examples/s]

Casting the dataset: 100%|██████████| 139765/139765 [00:00<00:00, 1339835.53 examples/s]

Casting the dataset:   0%|          | 0/173516 [00:00<?, ? examples/s]
Casting the dataset: 100%|██████████| 173516/173516 [00:00<00:00, 1368494.11 examples/s]

Casting the dataset:   0%|          | 0/144346 [00:00<?, ? examples/s]
Casting the dataset: 100%|██████████| 123343/123343 [00:00<00:00, 1564311.16 examples/s]

Casting the dataset:  93%|█████████▎| 147000/157744 [00:00<00:00, 1449743.09 examples/s]
Casting the dataset:  73%|███████▎  | 149000/203241 [00:00<00:00, 1464889.82 examples/s]
Casting the dataset: 100%|██████████| 123343/123343 [00:00<00:00, 1457511.95 examples/s]

Casting the dataset: 100%|██████████| 115344/115344 [00:00<00:00, 1169385.88 examples/s]

Casting the dataset: 100%|██████████| 157744/157744 [00:00<00:00, 1384343.67 examples/s]

Casting the dataset: 100%|██████████| 123343/123343 [00:00<00:00, 1390002.39 examples/s]

Casting the dataset:   0%|          | 0/85107 [00:00<?, ? examples/s]
Casting the dataset: 100%|██████████| 115344/115344 [00:00<00:00, 1469367.56 examples/s]

Casting the dataset: 100%|██████████| 123343/123343 [00:00<00:00, 1564401.04 examples/s]

Casting the dataset:   0%|          | 0/120446 [00:00<?, ? examples/s]
Casting the dataset: 100%|██████████| 123343/123343 [00:00<00:00, 1497516.49 examples/s]

Casting the dataset: 100%|██████████| 203241/203241 [00:00<00:00, 1328119.05 examples/s]

Casting the dataset:   0%|          | 0/120446 [00:00<?, ? examples/s]
Casting the dataset:  88%|████████▊ | 153000/173516 [00:00<00:00, 1510215.95 examples/s]
Casting the dataset:   0%|          | 0/85107 [00:00<?, ? examples/s]
Casting the dataset:   0%|          | 0/112181 [00:00<?, ? examples/s]
Casting the dataset: 100%|██████████| 85107/85107 [00:00<00:00, 1381693.38 examples/s]

Casting the dataset:   0%|          | 0/44502 [00:00<?, ? examples/s]
Casting the dataset: 100%|██████████| 173516/173516 [00:00<00:00, 1451675.92 examples/s]

Casting the dataset:   0%|          | 0/44502 [00:00<?, ? examples/s]
Casting the dataset: 100%|██████████| 144346/144346 [00:00<00:00, 1395420.30 examples/s]

Casting the dataset:   0%|          | 0/49616 [00:00<?, ? examples/s]
Casting the dataset: 100%|██████████| 120446/120446 [00:00<00:00, 1379263.94 examples/s]

Casting the dataset: 100%|██████████| 44502/44502 [00:00<00:00, 1118638.59 examples/s]

Casting the dataset: 100%|██████████| 44502/44502 [00:00<00:00, 1272809.15 examples/s]

Casting the dataset: 100%|██████████| 85107/85107 [00:00<00:00, 1351954.39 examples/s]

Casting the dataset: 100%|██████████| 120446/120446 [00:00<00:00, 1423367.09 examples/s]

Casting the dataset: 100%|██████████| 49616/49616 [00:00<00:00, 1270984.13 examples/s]

Casting the dataset: 100%|██████████| 112181/112181 [00:00<00:00, 1350415.49 examples/s]

Generating train split: 0 examples [00:00, ? examples/s]
Casting the dataset:   0%|          | 0/85381 [00:00<?, ? examples/s]
Casting the dataset:   0%|          | 0/112181 [00:00<?, ? examples/s]
Casting the dataset:   0%|          | 0/86742 [00:00<?, ? examples/s]
Casting the dataset:   0%|          | 0/71365 [00:00<?, ? examples/s]
Casting the dataset:   0%|          | 0/85381 [00:00<?, ? examples/s]
Casting the dataset:   0%|          | 0/76063 [00:00<?, ? examples/s]
Casting the dataset:   0%|          | 0/71365 [00:00<?, ? examples/s]
Casting the dataset:   0%|          | 0/133813 [00:00<?, ? examples/s]
Casting the dataset: 100%|██████████| 85381/85381 [00:00<00:00, 1373557.34 examples/s]

Casting the dataset:   0%|          | 0/144346 [00:00<?, ? examples/s]
Casting the dataset:   0%|          | 0/144346 [00:00<?, ? examples/s]
Casting the dataset: 100%|██████████| 86742/86742 [00:00<00:00, 1393666.89 examples/s]

Casting the dataset: 100%|██████████| 71365/71365 [00:00<00:00, 1323212.32 examples/s]

Casting the dataset:   0%|          | 0/98164 [00:00<?, ? examples/s]
Generating train split: 55159 examples [00:00, 545960.79 examples/s]
Casting the dataset: 100%|██████████| 112181/112181 [00:00<00:00, 1440916.56 examples/s]

Casting the dataset: 100%|██████████| 71365/71365 [00:00<00:00, 1297594.50 examples/s]

Casting the dataset: 100%|██████████| 76063/76063 [00:00<00:00, 1348074.83 examples/s]

Casting the dataset: 100%|██████████| 85381/85381 [00:00<00:00, 1274435.65 examples/s]

Casting the dataset: 100%|██████████| 133813/133813 [00:00<00:00, 1377394.39 examples/s]

Casting the dataset: 100%|██████████| 98164/98164 [00:00<00:00, 1340588.74 examples/s]

Generating train split: 94104 examples [00:00, 546220.79 examples/s]

Casting the dataset:  85%|████████▍ | 122000/144346 [00:00<00:00, 1204142.30 examples/s]
Casting the dataset: 100%|██████████| 144346/144346 [00:00<00:00, 1389332.94 examples/s]

Casting the dataset:   0%|          | 0/94104 [00:00<?, ? examples/s]
Casting the dataset:   0%|          | 0/94104 [00:00<?, ? examples/s]
Casting the dataset:   0%|          | 0/98164 [00:00<?, ? examples/s]
Casting the dataset: 100%|██████████| 144346/144346 [00:00<00:00, 1199291.25 examples/s]
Casting the dataset:   0%|          | 0/94104 [00:00<?, ? examples/s]

Casting the dataset:   0%|          | 0/145091 [00:00<?, ? examples/s]
Casting the dataset:   0%|          | 0/94104 [00:00<?, ? examples/s]
Casting the dataset:   0%|          | 0/64765 [00:00<?, ? examples/s]
Casting the dataset:   0%|          | 0/82723 [00:00<?, ? examples/s]
Casting the dataset:   0%|          | 0/173838 [00:00<?, ? examples/s]
Casting the dataset:   0%|          | 0/145091 [00:00<?, ? examples/s]
Casting the dataset:   0%|          | 0/94104 [00:00<?, ? examples/s]
Casting the dataset: 100%|██████████| 94104/94104 [00:00<00:00, 1498672.13 examples/s]

Casting the dataset: 100%|██████████| 94104/94104 [00:00<00:00, 1459875.81 examples/s]

Casting the dataset:   0%|          | 0/173838 [00:00<?, ? examples/s]
Casting the dataset: 100%|██████████| 94104/94104 [00:00<00:00, 1543228.63 examples/s]

Casting the dataset: 100%|██████████| 64765/64765 [00:00<00:00, 1344180.53 examples/s]

Casting the dataset: 100%|██████████| 98164/98164 [00:00<00:00, 1422430.63 examples/s]

Casting the dataset:   0%|          | 0/115344 [00:00<?, ? examples/s]
Casting the dataset: 100%|██████████| 94104/94104 [00:00<00:00, 1487405.07 examples/s]

Casting the dataset: 100%|██████████| 82723/82723 [00:00<00:00, 1368516.29 examples/s]

Casting the dataset:   0%|          | 0/105004 [00:00<?, ? examples/s]
Casting the dataset: 100%|██████████| 94104/94104 [00:00<00:00, 1526841.66 examples/s]

Casting the dataset: 100%|██████████| 145091/145091 [00:00<00:00, 1394193.63 examples/s]

Casting the dataset:   0%|          | 0/133813 [00:00<?, ? examples/s]
Casting the dataset:   0%|          | 0/133813 [00:00<?, ? examples/s]
Casting the dataset:  85%|████████▌ | 148000/173838 [00:00<00:00, 1462831.63 examples/s]
Casting the dataset: 100%|██████████| 145091/145091 [00:00<00:00, 1450963.27 examples/s]

Casting the dataset:   0%|          | 0/28088 [00:00<?, ? examples/s]
Casting the dataset: 100%|██████████| 173838/173838 [00:00<00:00, 1396989.66 examples/s]

Casting the dataset: 100%|██████████| 115344/115344 [00:00<00:00, 1368212.99 examples/s]

Casting the dataset:   0%|          | 0/115344 [00:00<?, ? examples/s]
Casting the dataset:  87%|████████▋ | 151000/173838 [00:00<00:00, 1488362.47 examples/s]
Casting the dataset: 100%|██████████| 105004/105004 [00:00<00:00, 1346434.42 examples/s]

Casting the dataset: 100%|██████████| 28088/28088 [00:00<00:00, 1188327.61 examples/s]

Casting the dataset:   0%|          | 0/43767 [00:00<?, ? examples/s]
Casting the dataset: 100%|██████████| 173838/173838 [00:00<00:00, 1403510.69 examples/s]

Generating train split: 0 examples [00:00, ? examples/s]
Casting the dataset: 100%|██████████| 43767/43767 [00:00<00:00, 1275665.57 examples/s]

Casting the dataset: 100%|██████████| 133813/133813 [00:00<00:00, 1361334.63 examples/s]

Casting the dataset: 100%|██████████| 133813/133813 [00:00<00:00, 1325809.78 examples/s]

Casting the dataset:   0%|          | 0/44502 [00:00<?, ? examples/s]
Casting the dataset:   0%|          | 0/147826 [00:00<?, ? examples/s]
Casting the dataset: 100%|██████████| 115344/115344 [00:00<00:00, 1472336.84 examples/s]

Casting the dataset:   0%|          | 0/147826 [00:00<?, ? examples/s]
Casting the dataset: 100%|██████████| 44502/44502 [00:00<00:00, 1214726.78 examples/s]

Casting the dataset:   0%|          | 0/120446 [00:00<?, ? examples/s]
Generating train split: 54679 examples [00:00, 537538.70 examples/s]
Casting the dataset:   0%|          | 0/154648 [00:00<?, ? examples/s]
Casting the dataset:   0%|          | 0/173516 [00:00<?, ? examples/s]
Casting the dataset:   0%|          | 0/105004 [00:00<?, ? examples/s]
Casting the dataset:   0%|          | 0/44502 [00:00<?, ? examples/s]
Casting the dataset:  99%|█████████▉| 147000/147826 [00:00<00:00, 1453084.60 examples/s]
Casting the dataset:   0%|          | 0/173516 [00:00<?, ? examples/s]
Casting the dataset:   0%|          | 0/105004 [00:00<?, ? examples/s]
Casting the dataset: 100%|██████████| 147826/147826 [00:00<00:00, 1382992.14 examples/s]

Generating train split: 89501 examples [00:00, 565482.46 examples/s]

Casting the dataset: 100%|██████████| 147826/147826 [00:00<00:00, 1414114.95 examples/s]
Casting the dataset:   0%|          | 0/89501 [00:00<?, ? examples/s]
Casting the dataset:   0%|          | 0/89501 [00:00<?, ? examples/s]
Casting the dataset: 100%|██████████| 120446/120446 [00:00<00:00, 1385304.05 examples/s]

Casting the dataset: 100%|██████████| 147826/147826 [00:00<00:00, 1332979.00 examples/s]

Casting the dataset: 100%|██████████| 44502/44502 [00:00<00:00, 970119.73 examples/s]

Casting the dataset:   0%|          | 0/144346 [00:00<?, ? examples/s]
Casting the dataset:   0%|          | 0/89501 [00:00<?, ? examples/s]
Casting the dataset:   0%|          | 0/98013 [00:00<?, ? examples/s]
Casting the dataset:   0%|          | 0/89501 [00:00<?, ? examples/s]
Casting the dataset: 100%|██████████| 105004/105004 [00:00<00:00, 1332574.98 examples/s]

Casting the dataset:   0%|          | 0/89501 [00:00<?, ? examples/s]
Casting the dataset:  94%|█████████▍| 145000/154648 [00:00<00:00, 1429104.69 examples/s]
Casting the dataset: 100%|██████████| 105004/105004 [00:00<00:00, 1505164.63 examples/s]

Casting the dataset:  84%|████████▎ | 145000/173516 [00:00<00:00, 1437638.03 examples/s]
Casting the dataset: 100%|██████████| 154648/154648 [00:00<00:00, 1366482.88 examples/s]

Casting the dataset: 100%|██████████| 89501/89501 [00:00<00:00, 1452118.45 examples/s]

Casting the dataset: 100%|██████████| 89501/89501 [00:00<00:00, 1454509.68 examples/s]

Casting the dataset: 100%|██████████| 173516/173516 [00:00<00:00, 1380987.16 examples/s]

Casting the dataset:  85%|████████▌ | 148000/173516 [00:00<00:00, 1463514.50 examples/s]
Casting the dataset: 100%|██████████| 89501/89501 [00:00<00:00, 1447459.98 examples/s]

Casting the dataset: 100%|██████████| 89501/89501 [00:00<00:00, 1469317.28 examples/s]

Casting the dataset:   0%|          | 0/71365 [00:00<?, ? examples/s]
Casting the dataset:   0%|          | 0/144287 [00:00<?, ? examples/s]
Casting the dataset: 100%|██████████| 89501/89501 [00:00<00:00, 1519298.71 examples/s]
Casting the dataset: 100%|██████████| 173516/173516 [00:00<00:00, 1399846.61 examples/s]


Casting the dataset:  98%|█████████▊| 142000/144346 [00:00<00:00, 1401315.15 examples/s]
Casting the dataset: 100%|██████████| 98013/98013 [00:00<00:00, 1186729.98 examples/s]

Casting the dataset: 100%|██████████| 144346/144346 [00:00<00:00, 1295563.35 examples/s]

Casting the dataset:   0%|          | 0/144287 [00:00<?, ? examples/s]
Casting the dataset:   0%|          | 0/144346 [00:00<?, ? examples/s]
Casting the dataset:   0%|          | 0/47437 [00:00<?, ? examples/s]
Casting the dataset: 100%|██████████| 71365/71365 [00:00<00:00, 1361664.35 examples/s]

Casting the dataset:   0%|          | 0/154648 [00:00<?, ? examples/s]
Generating train split: 0 examples [00:00, ? examples/s]
Casting the dataset: 100%|██████████| 47437/47437 [00:00<00:00, 1302870.08 examples/s]

Casting the dataset:   0%|          | 0/154648 [00:00<?, ? examples/s]
Casting the dataset:   0%|          | 0/112181 [00:00<?, ? examples/s]
Casting the dataset: 100%|██████████| 144287/144287 [00:00<00:00, 1391402.46 examples/s]

Casting the dataset:   0%|          | 0/112181 [00:00<?, ? examples/s]
Casting the dataset: 100%|██████████| 144287/144287 [00:00<00:00, 1438621.67 examples/s]

Generating train split: 29306 examples [00:00, 514046.45 examples/s]

Casting the dataset: 100%|██████████| 144346/144346 [00:00<00:00, 1455898.46 examples/s]

Casting the dataset:   0%|          | 0/70883 [00:00<?, ? examples/s]
Casting the dataset:   0%|          | 0/29306 [00:00<?, ? examples/s]
Casting the dataset:   0%|          | 0/133813 [00:00<?, ? examples/s]
Casting the dataset:   0%|          | 0/145091 [00:00<?, ? examples/s]
Casting the dataset:   0%|          | 0/29306 [00:00<?, ? examples/s]
Casting the dataset: 100%|██████████| 29306/29306 [00:00<00:00, 1335574.60 examples/s]

Casting the dataset:  94%|█████████▍| 146000/154648 [00:00<00:00, 1444650.07 examples/s]
Casting the dataset:   0%|          | 0/29306 [00:00<?, ? examples/s]
Casting the dataset:   0%|          | 0/50433 [00:00<?, ? examples/s]
Casting the dataset:   0%|          | 0/115076 [00:00<?, ? examples/s]
Casting the dataset: 100%|██████████| 29306/29306 [00:00<00:00, 1292026.92 examples/s]
Casting the dataset: 100%|██████████| 154648/154648 [00:00<00:00, 1378382.73 examples/s]


Casting the dataset: 100%|██████████| 112181/112181 [00:00<00:00, 1380912.91 examples/s]

Casting the dataset: 100%|██████████| 154648/154648 [00:00<00:00, 1551809.19 examples/s]

Casting the dataset: 100%|██████████| 112181/112181 [00:00<00:00, 1408480.49 examples/s]

Casting the dataset: 100%|██████████| 70883/70883 [00:00<00:00, 1363183.42 examples/s]

Casting the dataset: 100%|██████████| 29306/29306 [00:00<00:00, 1292774.30 examples/s]

Casting the dataset:   0%|          | 0/29306 [00:00<?, ? examples/s]
Casting the dataset:   0%|          | 0/29306 [00:00<?, ? examples/s]
Casting the dataset:   0%|          | 0/50433 [00:00<?, ? examples/s]
Casting the dataset: 100%|██████████| 50433/50433 [00:00<00:00, 1285045.46 examples/s]

Casting the dataset: 100%|██████████| 29306/29306 [00:00<00:00, 1304643.30 examples/s]
Casting the dataset: 100%|██████████| 29306/29306 [00:00<00:00, 1285513.95 examples/s]


Casting the dataset: 100%|██████████| 133813/133813 [00:00<00:00, 1429804.00 examples/s]

Casting the dataset: 100%|██████████| 50433/50433 [00:00<00:00, 1330703.78 examples/s]

Casting the dataset:   0%|          | 0/47437 [00:00<?, ? examples/s]
Casting the dataset: 100%|██████████| 145091/145091 [00:00<00:00, 1407380.99 examples/s]

Casting the dataset:   0%|          | 0/133813 [00:00<?, ? examples/s]
Casting the dataset:   0%|          | 0/47437 [00:00<?, ? examples/s]
Casting the dataset: 100%|██████████| 115076/115076 [00:00<00:00, 1358934.75 examples/s]

Generating train split: 0 examples [00:00, ? examples/s]
Casting the dataset:   0%|          | 0/98164 [00:00<?, ? examples/s]
Casting the dataset: 100%|██████████| 47437/47437 [00:00<00:00, 1313318.98 examples/s]

Casting the dataset: 100%|██████████| 47437/47437 [00:00<00:00, 1412162.33 examples/s]

Casting the dataset:   0%|          | 0/139765 [00:00<?, ? examples/s]
Casting the dataset:   0%|          | 0/98164 [00:00<?, ? examples/s]
Casting the dataset:   0%|          | 0/105004 [00:00<?, ? examples/s]
Casting the dataset: 100%|██████████| 133813/133813 [00:00<00:00, 1466322.16 examples/s]

Casting the dataset: 100%|██████████| 98164/98164 [00:00<00:00, 1363239.42 examples/s]

Casting the dataset:   0%|          | 0/139765 [00:00<?, ? examples/s]
Generating train split: 45695 examples [00:00, 554820.10 examples/s]

Casting the dataset:   0%|          | 0/45695 [00:00<?, ? examples/s]
Casting the dataset:   0%|          | 0/45695 [00:00<?, ? examples/s]
Casting the dataset:   0%|          | 0/45695 [00:00<?, ? examples/s]
Casting the dataset:   0%|          | 0/147826 [00:00<?, ? examples/s]
Casting the dataset:   0%|          | 0/45695 [00:00<?, ? examples/s]
Casting the dataset:   0%|          | 0/115076 [00:00<?, ? examples/s]
Casting the dataset:   0%|          | 0/115076 [00:00<?, ? examples/s]
Casting the dataset:   0%|          | 0/45695 [00:00<?, ? examples/s]
Casting the dataset: 100%|██████████| 98164/98164 [00:00<00:00, 1436891.13 examples/s]

Casting the dataset: 100%|██████████| 45695/45695 [00:00<00:00, 1384837.36 examples/s]
Casting the dataset: 100%|██████████| 45695/45695 [00:00<00:00, 1442594.08 examples/s]


Casting the dataset: 100%|██████████| 45695/45695 [00:00<00:00, 1441725.94 examples/s]

Casting the dataset:   0%|          | 0/109917 [00:00<?, ? examples/s]
Casting the dataset: 100%|██████████| 139765/139765 [00:00<00:00, 1390104.74 examples/s]

Casting the dataset: 100%|██████████| 45695/45695 [00:00<00:00, 941182.90 examples/s]

Casting the dataset: 100%|██████████| 45695/45695 [00:00<00:00, 1494496.55 examples/s]

Casting the dataset: 100%|██████████| 105004/105004 [00:00<00:00, 1077171.24 examples/s]

Casting the dataset: 100%|██████████| 139765/139765 [00:00<00:00, 1444645.45 examples/s]

Casting the dataset:   0%|          | 0/105004 [00:00<?, ? examples/s]
Casting the dataset:   0%|          | 0/115344 [00:00<?, ? examples/s]
Casting the dataset: 100%|██████████| 115076/115076 [00:00<00:00, 1373955.58 examples/s]

Casting the dataset: 100%|██████████| 115076/115076 [00:00<00:00, 1207927.64 examples/s]

Casting the dataset: 100%|██████████| 147826/147826 [00:00<00:00, 1470223.78 examples/s]
Casting the dataset: 100%|██████████| 147826/147826 [00:00<00:00, 1400093.45 examples/s]

Casting the dataset: 100%|██████████| 109917/109917 [00:00<00:00, 1397652.05 examples/s]

Casting the dataset:   0%|          | 0/85107 [00:00<?, ? examples/s]
Casting the dataset:   0%|          | 0/115344 [00:00<?, ? examples/s]
Generating train split: 0 examples [00:00, ? examples/s]
Casting the dataset: 100%|██████████| 115344/115344 [00:00<00:00, 1386704.16 examples/s]

Casting the dataset:   0%|          | 0/85107 [00:00<?, ? examples/s]
Casting the dataset: 100%|██████████| 105004/105004 [00:00<00:00, 1041735.53 examples/s]

Casting the dataset:   0%|          | 0/154648 [00:00<?, ? examples/s]
Casting the dataset:   0%|          | 0/11357 [00:00<?, ? examples/s]
Casting the dataset: 100%|██████████| 85107/85107 [00:00<00:00, 1368902.62 examples/s]

Casting the dataset: 100%|██████████| 11357/11357 [00:00<00:00, 1004104.35 examples/s]

Casting the dataset: 100%|██████████| 85107/85107 [00:00<00:00, 1440407.35 examples/s]

Casting the dataset: 100%|██████████| 115344/115344 [00:00<00:00, 1412362.43 examples/s]

Casting the dataset:   0%|          | 0/44502 [00:00<?, ? examples/s]
Casting the dataset:   0%|          | 0/144287 [00:00<?, ? examples/s]
Casting the dataset:   0%|          | 0/109917 [00:00<?, ? examples/s]
Casting the dataset:   0%|          | 0/109917 [00:00<?, ? examples/s]
Generating train split: 56228 examples [00:00, 556792.66 examples/s]
Generating train split: 58742 examples [00:00, 561737.06 examples/s]

Casting the dataset: 100%|██████████| 44502/44502 [00:00<00:00, 1276351.48 examples/s]

Casting the dataset:   0%|          | 0/58742 [00:00<?, ? examples/s]
Casting the dataset:   0%|          | 0/58742 [00:00<?, ? examples/s]
Casting the dataset:   0%|          | 0/85381 [00:00<?, ? examples/s]
Casting the dataset: 100%|██████████| 154648/154648 [00:00<00:00, 1487278.28 examples/s]

Casting the dataset:   0%|          | 0/58742 [00:00<?, ? examples/s]
Casting the dataset:   0%|          | 0/92133 [00:00<?, ? examples/s]
Casting the dataset:   0%|          | 0/154648 [00:00<?, ? examples/s]
Casting the dataset:   0%|          | 0/58742 [00:00<?, ? examples/s]
Casting the dataset:   0%|          | 0/44502 [00:00<?, ? examples/s]
Casting the dataset:   0%|          | 0/85381 [00:00<?, ? examples/s]
Casting the dataset: 100%|██████████| 58742/58742 [00:00<00:00, 1391390.17 examples/s]

Casting the dataset: 100%|██████████| 58742/58742 [00:00<00:00, 1440163.93 examples/s]

Casting the dataset:   0%|          | 0/58742 [00:00<?, ? examples/s]
Casting the dataset: 100%|██████████| 109917/109917 [00:00<00:00, 1370316.92 examples/s]

Casting the dataset: 100%|██████████| 109917/109917 [00:00<00:00, 1380980.99 examples/s]

Casting the dataset: 100%|██████████| 58742/58742 [00:00<00:00, 1386387.22 examples/s]

Casting the dataset: 100%|██████████| 144287/144287 [00:00<00:00, 1399993.39 examples/s]

Casting the dataset: 100%|██████████| 85381/85381 [00:00<00:00, 1340903.92 examples/s]

Casting the dataset: 100%|██████████| 44502/44502 [00:00<00:00, 1302855.64 examples/s]

Casting the dataset: 100%|██████████| 58742/58742 [00:00<00:00, 1445580.24 examples/s]

Casting the dataset: 100%|██████████| 58742/58742 [00:00<00:00, 1423727.89 examples/s]

Casting the dataset:   0%|          | 0/47437 [00:00<?, ? examples/s]
Casting the dataset: 100%|██████████| 92133/92133 [00:00<00:00, 1385141.89 examples/s]

Casting the dataset: 100%|██████████| 85381/85381 [00:00<00:00, 1282275.39 examples/s]

Casting the dataset:   0%|          | 0/130894 [00:00<?, ? examples/s]
Casting the dataset:   0%|          | 0/144346 [00:00<?, ? examples/s]
Casting the dataset: 100%|██████████| 47437/47437 [00:00<00:00, 1369123.94 examples/s]

Casting the dataset:   0%|          | 0/11357 [00:00<?, ? examples/s]
Casting the dataset:   0%|          | 0/11357 [00:00<?, ? examples/s]
Casting the dataset: 100%|██████████| 11357/11357 [00:00<00:00, 974523.54 examples/s]

Casting the dataset:  98%|█████████▊| 152000/154648 [00:00<00:00, 1498335.37 examples/s]
Casting the dataset: 100%|██████████| 154648/154648 [00:00<00:00, 1432130.90 examples/s]

Casting the dataset: 100%|██████████| 11357/11357 [00:00<00:00, 750401.09 examples/s]

Casting the dataset:   0%|          | 0/50433 [00:00<?, ? examples/s]
Generating train split: 0 examples [00:00, ? examples/s]
Casting the dataset: 100%|██████████| 50433/50433 [00:00<00:00, 1309929.43 examples/s]

Casting the dataset:   0%|          | 0/144346 [00:00<?, ? examples/s]
Casting the dataset:   0%|          | 0/173838 [00:00<?, ? examples/s]
Casting the dataset: 100%|██████████| 130894/130894 [00:00<00:00, 1414035.62 examples/s]

Casting the dataset:   0%|          | 0/115076 [00:00<?, ? examples/s]
Casting the dataset:   0%|          | 0/47437 [00:00<?, ? examples/s]
Casting the dataset: 100%|██████████| 144346/144346 [00:00<00:00, 1397017.37 examples/s]

Casting the dataset:   0%|          | 0/10624 [00:00<?, ? examples/s]
Casting the dataset:   0%|          | 0/173838 [00:00<?, ? examples/s]
Casting the dataset: 100%|██████████| 10624/10624 [00:00<00:00, 993053.26 examples/s]

Casting the dataset: 100%|██████████| 47437/47437 [00:00<00:00, 1364532.40 examples/s]

Generating train split: 57200 examples [00:00, 538138.96 examples/s]
Casting the dataset: 100%|██████████| 144346/144346 [00:00<00:00, 1450224.46 examples/s]

Casting the dataset:   0%|          | 0/139765 [00:00<?, ? examples/s]
Casting the dataset: 100%|██████████| 115076/115076 [00:00<00:00, 1406108.82 examples/s]

Casting the dataset:   0%|          | 0/130894 [00:00<?, ? examples/s]
Casting the dataset:  85%|████████▌ | 148000/173838 [00:00<00:00, 1463845.81 examples/s]
Casting the dataset:   0%|          | 0/130894 [00:00<?, ? examples/s]
Generating train split: 82312 examples [00:00, 568041.71 examples/s]

Casting the dataset: 100%|██████████| 173838/173838 [00:00<00:00, 1402390.41 examples/s]

Casting the dataset:  87%|████████▋ | 152000/173838 [00:00<00:00, 1492627.89 examples/s]
Casting the dataset:   0%|          | 0/82312 [00:00<?, ? examples/s]
Casting the dataset:   0%|          | 0/133813 [00:00<?, ? examples/s]
Casting the dataset:   0%|          | 0/82312 [00:00<?, ? examples/s]
Casting the dataset: 100%|██████████| 173838/173838 [00:00<00:00, 1425428.37 examples/s]

Casting the dataset:   0%|          | 0/82312 [00:00<?, ? examples/s]
Casting the dataset:   0%|          | 0/115076 [00:00<?, ? examples/s]
Casting the dataset:   0%|          | 0/82312 [00:00<?, ? examples/s]
Casting the dataset:   0%|          | 0/82312 [00:00<?, ? examples/s]
Casting the dataset: 100%|██████████| 82312/82312 [00:00<00:00, 1421010.27 examples/s]

Casting the dataset: 100%|██████████| 139765/139765 [00:00<00:00, 1395654.83 examples/s]

Casting the dataset: 100%|██████████| 130894/130894 [00:00<00:00, 1382431.65 examples/s]

Casting the dataset: 100%|██████████| 82312/82312 [00:00<00:00, 1522887.10 examples/s]

Casting the dataset:  93%|█████████▎| 122000/130894 [00:00<00:00, 1201569.25 examples/s]
Casting the dataset: 100%|██████████| 82312/82312 [00:00<00:00, 1473313.49 examples/s]

Casting the dataset: 100%|██████████| 130894/130894 [00:00<00:00, 1158750.91 examples/s]

Casting the dataset: 100%|██████████| 82312/82312 [00:00<00:00, 1477923.92 examples/s]

Casting the dataset:   0%|          | 0/136953 [00:00<?, ? examples/s]
Casting the dataset: 100%|██████████| 82312/82312 [00:00<00:00, 1523344.03 examples/s]

Casting the dataset: 100%|██████████| 133813/133813 [00:00<00:00, 1379537.46 examples/s]

Casting the dataset:   0%|          | 0/109917 [00:00<?, ? examples/s]
Casting the dataset:   0%|          | 0/133813 [00:00<?, ? examples/s]
Casting the dataset: 100%|██████████| 115076/115076 [00:00<00:00, 1141410.58 examples/s]

Casting the dataset:   0%|          | 0/173516 [00:00<?, ? examples/s]
Casting the dataset:   0%|          | 0/85107 [00:00<?, ? examples/s]
Casting the dataset:   0%|          | 0/173516 [00:00<?, ? examples/s]
Casting the dataset: 100%|██████████| 109917/109917 [00:00<00:00, 1394215.72 examples/s]

Generating train split: 0 examples [00:00, ? examples/s]
Casting the dataset:  93%|█████████▎| 127000/136953 [00:00<00:00, 1253793.34 examples/s]
Casting the dataset: 100%|██████████| 136953/136953 [00:00<00:00, 1174714.60 examples/s]

Casting the dataset: 100%|██████████| 133813/133813 [00:00<00:00, 1407755.48 examples/s]

Casting the dataset: 100%|██████████| 85107/85107 [00:00<00:00, 1361592.54 examples/s]

Casting the dataset:  84%|████████▍ | 146000/173516 [00:00<00:00, 1440294.06 examples/s]
Casting the dataset:   0%|          | 0/105004 [00:00<?, ? examples/s]
Casting the dataset:   0%|          | 0/11357 [00:00<?, ? examples/s]
Casting the dataset: 100%|██████████| 173516/173516 [00:00<00:00, 1383759.94 examples/s]

Casting the dataset:   0%|          | 0/136953 [00:00<?, ? examples/s]
Casting the dataset: 100%|██████████| 11357/11357 [00:00<00:00, 1020299.24 examples/s]

Casting the dataset:  88%|████████▊ | 153000/173516 [00:00<00:00, 1505669.80 examples/s]
Casting the dataset:   0%|          | 0/109917 [00:00<?, ? examples/s]
Casting the dataset:   0%|          | 0/136953 [00:00<?, ? examples/s]
Casting the dataset: 100%|██████████| 173516/173516 [00:00<00:00, 1445072.26 examples/s]

Casting the dataset:   0%|          | 0/85381 [00:00<?, ? examples/s]
Generating train split: 59228 examples [00:00, 553899.92 examples/s]
Casting the dataset:   0%|          | 0/81255 [00:00<?, ? examples/s]
Casting the dataset: 100%|██████████| 105004/105004 [00:00<00:00, 1373792.67 examples/s]

Casting the dataset:   0%|          | 0/105004 [00:00<?, ? examples/s]
Generating train split: 88302 examples [00:00, 591035.70 examples/s]

Casting the dataset: 100%|██████████| 109917/109917 [00:00<00:00, 1480872.78 examples/s]

Casting the dataset:   0%|          | 0/88302 [00:00<?, ? examples/s]
Casting the dataset:   0%|          | 0/88302 [00:00<?, ? examples/s]
Casting the dataset:   0%|          | 0/88302 [00:00<?, ? examples/s]
Casting the dataset:   0%|          | 0/88302 [00:00<?, ? examples/s]
Casting the dataset: 100%|██████████| 136953/136953 [00:00<00:00, 1377185.07 examples/s]

Casting the dataset: 100%|██████████| 85381/85381 [00:00<00:00, 1355711.37 examples/s]

Casting the dataset:   0%|          | 0/112181 [00:00<?, ? examples/s]
Casting the dataset:   0%|          | 0/76610 [00:00<?, ? examples/s]
Casting the dataset:   0%|          | 0/88302 [00:00<?, ? examples/s]
Casting the dataset: 100%|██████████| 136953/136953 [00:00<00:00, 1403567.22 examples/s]

Casting the dataset: 100%|██████████| 81255/81255 [00:00<00:00, 1366846.63 examples/s]

Casting the dataset:   0%|          | 0/112181 [00:00<?, ? examples/s]
Casting the dataset:   0%|          | 0/11357 [00:00<?, ? examples/s]
Casting the dataset:   0%|          | 0/130894 [00:00<?, ? examples/s]
Casting the dataset: 100%|██████████| 105004/105004 [00:00<00:00, 1327598.03 examples/s]

Casting the dataset: 100%|██████████| 11357/11357 [00:00<00:00, 1009445.22 examples/s]

Casting the dataset: 100%|██████████| 88302/88302 [00:00<00:00, 1426479.50 examples/s]
Casting the dataset: 100%|██████████| 88302/88302 [00:00<00:00, 1415824.12 examples/s]
Casting the dataset: 100%|██████████| 88302/88302 [00:00<00:00, 1353793.58 examples/s]



Casting the dataset: 100%|██████████| 88302/88302 [00:00<00:00, 1489019.99 examples/s]

Casting the dataset: 100%|██████████| 88302/88302 [00:00<00:00, 1505575.02 examples/s]

Casting the dataset: 100%|██████████| 76610/76610 [00:00<00:00, 1060260.18 examples/s]

Casting the dataset: 100%|██████████| 112181/112181 [00:00<00:00, 1351707.35 examples/s]

Casting the dataset: 100%|██████████| 112181/112181 [00:00<00:00, 1377383.87 examples/s]
Casting the dataset:   0%|          | 0/154648 [00:00<?, ? examples/s]

Casting the dataset:   0%|          | 0/173838 [00:00<?, ? examples/s]
Casting the dataset:   0%|          | 0/76610 [00:00<?, ? examples/s]
Casting the dataset: 100%|██████████| 130894/130894 [00:00<00:00, 1418364.61 examples/s]

Casting the dataset:   0%|          | 0/55832 [00:00<?, ? examples/s]
Casting the dataset:   0%|          | 0/76610 [00:00<?, ? examples/s]
Generating train split: 0 examples [00:00, ? examples/s]
Casting the dataset:   0%|          | 0/98164 [00:00<?, ? examples/s]
Casting the dataset: 100%|██████████| 55832/55832 [00:00<00:00, 1405165.08 examples/s]

Casting the dataset:   0%|          | 0/154648 [00:00<?, ? examples/s]
Casting the dataset: 100%|██████████| 76610/76610 [00:00<00:00, 1357580.08 examples/s]

Casting the dataset:   0%|          | 0/130894 [00:00<?, ? examples/s]
Casting the dataset: 100%|██████████| 76610/76610 [00:00<00:00, 1438213.36 examples/s]

Casting the dataset:  93%|█████████▎| 144000/154648 [00:00<00:00, 1425125.94 examples/s]
Casting the dataset:   0%|          | 0/98164 [00:00<?, ? examples/s]
Casting the dataset:  86%|████████▌ | 149000/173838 [00:00<00:00, 1470172.68 examples/s]
Casting the dataset: 100%|██████████| 154648/154648 [00:00<00:00, 1361523.58 examples/s]

Generating train split: 35970 examples [00:00, 552069.92 examples/s]

Casting the dataset: 100%|██████████| 173838/173838 [00:00<00:00, 1411271.95 examples/s]

Casting the dataset:   0%|          | 0/35970 [00:00<?, ? examples/s]
Casting the dataset: 100%|██████████| 98164/98164 [00:00<00:00, 1349053.10 examples/s]

Casting the dataset:   0%|          | 0/35970 [00:00<?, ? examples/s]
Casting the dataset:   0%|          | 0/35970 [00:00<?, ? examples/s]
Casting the dataset: 100%|██████████| 35970/35970 [00:00<00:00, 1392770.83 examples/s]

Casting the dataset:   0%|          | 0/35970 [00:00<?, ? examples/s]
Casting the dataset: 100%|██████████| 98164/98164 [00:00<00:00, 1422347.09 examples/s]

Casting the dataset: 100%|██████████| 130894/130894 [00:00<00:00, 1464368.25 examples/s]

Casting the dataset:  98%|█████████▊| 152000/154648 [00:00<00:00, 1495074.63 examples/s]
Casting the dataset: 100%|██████████| 35970/35970 [00:00<00:00, 1339071.02 examples/s]

Casting the dataset: 100%|██████████| 35970/35970 [00:00<00:00, 1277804.63 examples/s]

Casting the dataset:   0%|          | 0/162024 [00:00<?, ? examples/s]
Casting the dataset: 100%|██████████| 154648/154648 [00:00<00:00, 1427516.65 examples/s]

Casting the dataset: 100%|██████████| 35970/35970 [00:00<00:00, 1393401.14 examples/s]

Casting the dataset:   0%|          | 0/157744 [00:00<?, ? examples/s]
Casting the dataset:   0%|          | 0/47437 [00:00<?, ? examples/s]
Casting the dataset:   0%|          | 0/35970 [00:00<?, ? examples/s]
Casting the dataset:   0%|          | 0/136953 [00:00<?, ? examples/s]
Casting the dataset: 100%|██████████| 35970/35970 [00:00<00:00, 1349467.48 examples/s]

Casting the dataset:   0%|          | 0/115344 [00:00<?, ? examples/s]
Casting the dataset: 100%|██████████| 47437/47437 [00:00<00:00, 1299067.63 examples/s]

Casting the dataset:   0%|          | 0/47437 [00:00<?, ? examples/s]
Generating train split: 0 examples [00:00, ? examples/s]
Casting the dataset:   0%|          | 0/173516 [00:00<?, ? examples/s]
Casting the dataset:   0%|          | 0/162024 [00:00<?, ? examples/s]
Casting the dataset:  86%|████████▌ | 139000/162024 [00:00<00:00, 1362770.61 examples/s]
Casting the dataset:   0%|          | 0/115344 [00:00<?, ? examples/s]
Casting the dataset:  99%|█████████▉| 156000/157744 [00:00<00:00, 1538593.31 examples/s]
Casting the dataset: 100%|██████████| 136953/136953 [00:00<00:00, 1467538.66 examples/s]

Casting the dataset:   0%|          | 0/162024 [00:00<?, ? examples/s]
Casting the dataset: 100%|██████████| 157744/157744 [00:00<00:00, 1472672.92 examples/s]

Casting the dataset: 100%|██████████| 47437/47437 [00:00<00:00, 1342771.71 examples/s]

Casting the dataset: 100%|██████████| 162024/162024 [00:00<00:00, 1240886.89 examples/s]

Casting the dataset: 100%|██████████| 115344/115344 [00:00<00:00, 1385627.83 examples/s]

Casting the dataset:   0%|          | 0/115076 [00:00<?, ? examples/s]
Casting the dataset:   0%|          | 0/136953 [00:00<?, ? examples/s]
Generating train split: 49385 examples [00:00, 558606.35 examples/s]

Casting the dataset:   0%|          | 0/49385 [00:00<?, ? examples/s]
Casting the dataset:  86%|████████▋ | 150000/173516 [00:00<00:00, 1485080.87 examples/s]
Casting the dataset: 100%|██████████| 115344/115344 [00:00<00:00, 1347816.08 examples/s]

Casting the dataset:   0%|          | 0/49385 [00:00<?, ? examples/s]
Casting the dataset:  93%|█████████▎| 151000/162024 [00:00<00:00, 1486671.51 examples/s]
Casting the dataset:   0%|          | 0/49385 [00:00<?, ? examples/s]
Casting the dataset:   0%|          | 0/49385 [00:00<?, ? examples/s]
Casting the dataset:   0%|          | 0/49385 [00:00<?, ? examples/s]
Casting the dataset: 100%|██████████| 162024/162024 [00:00<00:00, 1418594.95 examples/s]

Casting the dataset:   0%|          | 0/44502 [00:00<?, ? examples/s]
Casting the dataset:   0%|          | 0/49616 [00:00<?, ? examples/s]
Casting the dataset: 100%|██████████| 173516/173516 [00:00<00:00, 1420294.63 examples/s]

Casting the dataset:  80%|███████▉  | 129000/162024 [00:00<00:00, 1274588.14 examples/s]
Casting the dataset: 100%|██████████| 49385/49385 [00:00<00:00, 1421717.46 examples/s]

Casting the dataset: 100%|██████████| 49385/49385 [00:00<00:00, 1427203.16 examples/s]

Casting the dataset: 100%|██████████| 49385/49385 [00:00<00:00, 1376957.41 examples/s]

Casting the dataset:   0%|          | 0/115076 [00:00<?, ? examples/s]
Casting the dataset: 100%|██████████| 49385/49385 [00:00<00:00, 1422029.79 examples/s]

Casting the dataset: 100%|██████████| 49385/49385 [00:00<00:00, 1468183.29 examples/s]

Casting the dataset:   0%|          | 0/76610 [00:00<?, ? examples/s]
Casting the dataset: 100%|██████████| 162024/162024 [00:00<00:00, 1264189.88 examples/s]

Casting the dataset: 100%|██████████| 44502/44502 [00:00<00:00, 1272765.76 examples/s]

Casting the dataset: 100%|██████████| 49616/49616 [00:00<00:00, 1364244.52 examples/s]

Casting the dataset: 100%|██████████| 115076/115076 [00:00<00:00, 1318634.46 examples/s]

Casting the dataset: 100%|██████████| 136953/136953 [00:00<00:00, 1432442.95 examples/s]

Casting the dataset:   0%|          | 0/44502 [00:00<?, ? examples/s]
Casting the dataset: 100%|██████████| 76610/76610 [00:00<00:00, 1392780.61 examples/s]

Casting the dataset: 100%|██████████| 44502/44502 [00:00<00:00, 1334526.74 examples/s]

Casting the dataset: 100%|██████████| 115076/115076 [00:00<00:00, 1411479.04 examples/s]

Casting the dataset:   0%|          | 0/112181 [00:00<?, ? examples/s]
Casting the dataset:   0%|          | 0/76063 [00:00<?, ? examples/s]
Generating train split: 0 examples [00:00, ? examples/s]
Casting the dataset:   0%|          | 0/144346 [00:00<?, ? examples/s]
Casting the dataset:   0%|          | 0/151859 [00:00<?, ? examples/s]
Casting the dataset: 100%|██████████| 76063/76063 [00:00<00:00, 1453551.72 examples/s]

Casting the dataset:   0%|          | 0/76610 [00:00<?, ? examples/s]
Casting the dataset: 100%|██████████| 112181/112181 [00:00<00:00, 1358980.61 examples/s]

Casting the dataset:   0%|          | 0/144346 [00:00<?, ? examples/s]
Casting the dataset:   0%|          | 0/109917 [00:00<?, ? examples/s]
Casting the dataset:   0%|          | 0/151859 [00:00<?, ? examples/s]
Generating train split: 59397 examples [00:00, 565833.36 examples/s]
Casting the dataset: 100%|██████████| 76610/76610 [00:00<00:00, 1438039.58 examples/s]

Casting the dataset: 100%|██████████| 144346/144346 [00:00<00:00, 1392935.38 examples/s]

Casting the dataset:   0%|          | 0/82723 [00:00<?, ? examples/s]
Casting the dataset:  98%|█████████▊| 149000/151859 [00:00<00:00, 1472986.38 examples/s]
Casting the dataset:   0%|          | 0/151859 [00:00<?, ? examples/s]
Casting the dataset: 100%|██████████| 151859/151859 [00:00<00:00, 1404451.90 examples/s]

Casting the dataset:   0%|          | 0/109917 [00:00<?, ? examples/s]
Generating train split: 83938 examples [00:00, 586321.59 examples/s]

Casting the dataset:   0%|          | 0/162024 [00:00<?, ? examples/s]
Casting the dataset:   0%|          | 0/83938 [00:00<?, ? examples/s]
Casting the dataset: 100%|██████████| 109917/109917 [00:00<00:00, 1270679.27 examples/s]

Casting the dataset:   0%|          | 0/83938 [00:00<?, ? examples/s]
Casting the dataset: 100%|██████████| 144346/144346 [00:00<00:00, 1481184.02 examples/s]

Casting the dataset:   0%|          | 0/98164 [00:00<?, ? examples/s]
Casting the dataset: 100%|██████████| 82723/82723 [00:00<00:00, 1427706.06 examples/s]

Casting the dataset: 100%|██████████| 151859/151859 [00:00<00:00, 1510091.04 examples/s]
Casting the dataset: 100%|██████████| 151859/151859 [00:00<00:00, 1436694.74 examples/s]

Casting the dataset:   0%|          | 0/83938 [00:00<?, ? examples/s]
Casting the dataset:   0%|          | 0/83938 [00:00<?, ? examples/s]
Casting the dataset:   0%|          | 0/83938 [00:00<?, ? examples/s]
Casting the dataset: 100%|██████████| 109917/109917 [00:00<00:00, 1429526.99 examples/s]

Casting the dataset: 100%|██████████| 83938/83938 [00:00<00:00, 1426869.46 examples/s]

Casting the dataset:   0%|          | 0/11357 [00:00<?, ? examples/s]
Casting the dataset: 100%|██████████| 151859/151859 [00:00<00:00, 1497783.25 examples/s]
Casting the dataset: 100%|██████████| 83938/83938 [00:00<00:00, 1167785.01 examples/s]

Casting the dataset: 100%|██████████| 151859/151859 [00:00<00:00, 1428744.37 examples/s]

Casting the dataset:   0%|          | 0/28088 [00:00<?, ? examples/s]
Casting the dataset:   0%|          | 0/17822 [00:00<?, ? examples/s]
Casting the dataset: 100%|██████████| 11357/11357 [00:00<00:00, 907569.84 examples/s]

Casting the dataset: 100%|██████████| 98164/98164 [00:00<00:00, 1334838.69 examples/s]

Casting the dataset:   0%|          | 0/133813 [00:00<?, ? examples/s]
Casting the dataset:  77%|███████▋  | 124000/162024 [00:00<00:00, 1215385.16 examples/s]
Casting the dataset: 100%|██████████| 17822/17822 [00:00<00:00, 1101724.21 examples/s]

Casting the dataset: 100%|██████████| 28088/28088 [00:00<00:00, 1277082.79 examples/s]

Casting the dataset: 100%|██████████| 83938/83938 [00:00<00:00, 1523739.30 examples/s]

Casting the dataset: 100%|██████████| 83938/83938 [00:00<00:00, 1472284.44 examples/s]
Casting the dataset: 100%|██████████| 83938/83938 [00:00<00:00, 1417179.86 examples/s]


Casting the dataset:   0%|          | 0/11357 [00:00<?, ? examples/s]
Casting the dataset: 100%|██████████| 11357/11357 [00:00<00:00, 1016012.08 examples/s]

Casting the dataset: 100%|██████████| 162024/162024 [00:00<00:00, 1202375.66 examples/s]

Casting the dataset:   0%|          | 0/17822 [00:00<?, ? examples/s]
Casting the dataset:   0%|          | 0/162024 [00:00<?, ? examples/s]
Casting the dataset: 100%|██████████| 17822/17822 [00:00<00:00, 1117419.37 examples/s]

Casting the dataset:   0%|          | 0/133813 [00:00<?, ? examples/s]
Generating train split: 0 examples [00:00, ? examples/s]
Casting the dataset:   0%|          | 0/17822 [00:00<?, ? examples/s]
Casting the dataset:   0%|          | 0/83479 [00:00<?, ? examples/s]
Casting the dataset: 100%|██████████| 133813/133813 [00:00<00:00, 1379937.70 examples/s]

Casting the dataset: 100%|██████████| 17822/17822 [00:00<00:00, 1154953.28 examples/s]

Casting the dataset:   0%|          | 0/115344 [00:00<?, ? examples/s]
Generating train split: 8341 examples [00:00, 380823.04 examples/s]

Casting the dataset:   0%|          | 0/120446 [00:00<?, ? examples/s]
Casting the dataset:   0%|          | 0/8341 [00:00<?, ? examples/s]
Casting the dataset: 100%|██████████| 8341/8341 [00:00<00:00, 980897.48 examples/s]

Casting the dataset:   0%|          | 0/83479 [00:00<?, ? examples/s]
Casting the dataset:   0%|          | 0/8341 [00:00<?, ? examples/s]
Casting the dataset: 100%|██████████| 83479/83479 [00:00<00:00, 1361698.67 examples/s]

Casting the dataset: 100%|██████████| 8341/8341 [00:00<00:00, 926574.93 examples/s]

Casting the dataset: 100%|██████████| 133813/133813 [00:00<00:00, 1485769.50 examples/s]

Casting the dataset:  98%|█████████▊| 158000/162024 [00:00<00:00, 1561866.68 examples/s]
Casting the dataset:   0%|          | 0/130894 [00:00<?, ? examples/s]
Casting the dataset:   0%|          | 0/8341 [00:00<?, ? examples/s]
Casting the dataset:   0%|          | 0/8341 [00:00<?, ? examples/s]
Casting the dataset:   0%|          | 0/8341 [00:00<?, ? examples/s]
Casting the dataset: 100%|██████████| 162024/162024 [00:00<00:00, 1495053.17 examples/s]

Casting the dataset:   0%|          | 0/83479 [00:00<?, ? examples/s]
Casting the dataset: 100%|██████████| 8341/8341 [00:00<00:00, 889064.54 examples/s]

Casting the dataset: 100%|██████████| 8341/8341 [00:00<00:00, 905377.44 examples/s]

Casting the dataset: 100%|██████████| 8341/8341 [00:00<00:00, 939640.35 examples/s]

Casting the dataset: 100%|██████████| 115344/115344 [00:00<00:00, 1353676.68 examples/s]

Casting the dataset:   0%|          | 0/130894 [00:00<?, ? examples/s]
Casting the dataset: 100%|██████████| 83479/83479 [00:00<00:00, 1412973.73 examples/s]

Casting the dataset: 100%|██████████| 120446/120446 [00:00<00:00, 1463161.23 examples/s]

Casting the dataset:   0%|          | 0/105004 [00:00<?, ? examples/s]
Generating train split: 0 examples [00:00, ? examples/s]
Casting the dataset: 100%|██████████| 83479/83479 [00:00<00:00, 1442148.31 examples/s]

Generating train split: 5682 examples [00:00, 364187.03 examples/s]

Casting the dataset:   0%|          | 0/5682 [00:00<?, ? examples/s]
Casting the dataset: 100%|██████████| 130894/130894 [00:00<00:00, 1337181.37 examples/s]

Casting the dataset:   0%|          | 0/5682 [00:00<?, ? examples/s]
Casting the dataset:   0%|          | 0/5682 [00:00<?, ? examples/s]
Casting the dataset:   0%|          | 0/111364 [00:00<?, ? examples/s]
Casting the dataset: 100%|██████████| 5682/5682 [00:00<00:00, 831920.81 examples/s]

Casting the dataset:   0%|          | 0/151859 [00:00<?, ? examples/s]
Casting the dataset: 100%|██████████| 5682/5682 [00:00<00:00, 781147.70 examples/s]

Casting the dataset: 100%|██████████| 5682/5682 [00:00<00:00, 821114.78 examples/s]

Casting the dataset:   0%|          | 0/44502 [00:00<?, ? examples/s]
Casting the dataset:   0%|          | 0/105004 [00:00<?, ? examples/s]
Casting the dataset:   0%|          | 0/71365 [00:00<?, ? examples/s]
Casting the dataset: 100%|██████████| 105004/105004 [00:00<00:00, 1351487.52 examples/s]

Casting the dataset: 100%|██████████| 130894/130894 [00:00<00:00, 1450015.52 examples/s]

Casting the dataset:   0%|          | 0/111364 [00:00<?, ? examples/s]
Casting the dataset:   0%|          | 0/5682 [00:00<?, ? examples/s]
Casting the dataset: 100%|██████████| 5682/5682 [00:00<00:00, 793713.29 examples/s]

Casting the dataset: 100%|██████████| 44502/44502 [00:00<00:00, 1259751.88 examples/s]

Casting the dataset:   0%|          | 0/5682 [00:00<?, ? examples/s]
Casting the dataset: 100%|██████████| 5682/5682 [00:00<00:00, 790711.19 examples/s]

Casting the dataset:   0%|          | 0/111364 [00:00<?, ? examples/s]
Casting the dataset: 100%|██████████| 71365/71365 [00:00<00:00, 1413744.67 examples/s]

Casting the dataset: 100%|██████████| 111364/111364 [00:00<00:00, 1380176.37 examples/s]

Casting the dataset: 100%|██████████| 105004/105004 [00:00<00:00, 1411752.23 examples/s]

Casting the dataset: 100%|██████████| 111364/111364 [00:00<00:00, 1450838.24 examples/s]

Casting the dataset: 100%|██████████| 151859/151859 [00:00<00:00, 1470062.53 examples/s]

Casting the dataset:   0%|          | 0/151859 [00:00<?, ? examples/s]
Generating train split: 0 examples [00:00, ? examples/s]
Casting the dataset: 100%|██████████| 111364/111364 [00:00<00:00, 1514180.73 examples/s]

Casting the dataset:   0%|          | 0/154648 [00:00<?, ? examples/s]
Casting the dataset:   0%|          | 0/40898 [00:00<?, ? examples/s]
Casting the dataset:   0%|          | 0/144346 [00:00<?, ? examples/s]
Casting the dataset:   0%|          | 0/145091 [00:00<?, ? examples/s]
Casting the dataset:   0%|          | 0/40898 [00:00<?, ? examples/s]
Casting the dataset: 100%|██████████| 40898/40898 [00:00<00:00, 1355972.40 examples/s]

Casting the dataset:   0%|          | 0/40898 [00:00<?, ? examples/s]
Casting the dataset:   0%|          | 0/17822 [00:00<?, ? examples/s]
Casting the dataset: 100%|██████████| 40898/40898 [00:00<00:00, 1402766.02 examples/s]

Casting the dataset:   0%|          | 0/136953 [00:00<?, ? examples/s]
Casting the dataset:   0%|          | 0/136953 [00:00<?, ? examples/s]
Casting the dataset: 100%|██████████| 151859/151859 [00:00<00:00, 1519236.19 examples/s]

Casting the dataset: 100%|██████████| 17822/17822 [00:00<00:00, 1149430.07 examples/s]

Casting the dataset: 100%|██████████| 40898/40898 [00:00<00:00, 1428131.98 examples/s]

Generating train split: 53683 examples [00:00, 526987.58 examples/s]
Casting the dataset:   0%|          | 0/154648 [00:00<?, ? examples/s]
Casting the dataset:  94%|█████████▍| 145000/154648 [00:00<00:00, 1426312.82 examples/s]
Generating train split: 69199 examples [00:00, 548197.73 examples/s]

Casting the dataset:  99%|█████████▉| 143000/144346 [00:00<00:00, 1411857.90 examples/s]
Casting the dataset: 100%|██████████| 154648/154648 [00:00<00:00, 1362939.71 examples/s]

Casting the dataset: 100%|██████████| 144346/144346 [00:00<00:00, 1346536.32 examples/s]

Casting the dataset:   0%|          | 0/69199 [00:00<?, ? examples/s]
Casting the dataset:   0%|          | 0/119597 [00:00<?, ? examples/s]
Casting the dataset:   0%|          | 0/69199 [00:00<?, ? examples/s]
Casting the dataset:   0%|          | 0/69199 [00:00<?, ? examples/s]
Casting the dataset: 100%|██████████| 145091/145091 [00:00<00:00, 1422879.87 examples/s]

Casting the dataset:   0%|          | 0/119597 [00:00<?, ? examples/s]
Casting the dataset:   0%|          | 0/83479 [00:00<?, ? examples/s]
Casting the dataset:   0%|          | 0/119597 [00:00<?, ? examples/s]
Casting the dataset:   0%|          | 0/69199 [00:00<?, ? examples/s]
Casting the dataset: 100%|██████████| 136953/136953 [00:00<00:00, 1411669.70 examples/s]
Casting the dataset: 100%|██████████| 136953/136953 [00:00<00:00, 1344140.60 examples/s]


Casting the dataset:   0%|          | 0/17822 [00:00<?, ? examples/s]
Casting the dataset: 100%|██████████| 69199/69199 [00:00<00:00, 1376022.35 examples/s]

Casting the dataset: 100%|██████████| 69199/69199 [00:00<00:00, 1471634.50 examples/s]

Casting the dataset: 100%|██████████| 69199/69199 [00:00<00:00, 1411674.27 examples/s]

Casting the dataset:   0%|          | 0/69199 [00:00<?, ? examples/s]
Casting the dataset: 100%|██████████| 17822/17822 [00:00<00:00, 1152389.32 examples/s]

Casting the dataset: 100%|██████████| 83479/83479 [00:00<00:00, 1430458.97 examples/s]

Casting the dataset:  98%|█████████▊| 152000/154648 [00:00<00:00, 1495179.82 examples/s]
Casting the dataset: 100%|██████████| 69199/69199 [00:00<00:00, 1392139.72 examples/s]

Casting the dataset:   0%|          | 0/47437 [00:00<?, ? examples/s]
Casting the dataset: 100%|██████████| 154648/154648 [00:00<00:00, 1428979.01 examples/s]

Casting the dataset: 100%|██████████| 119597/119597 [00:00<00:00, 1333917.05 examples/s]

Casting the dataset: 100%|██████████| 119597/119597 [00:00<00:00, 1408045.81 examples/s]

Casting the dataset: 100%|██████████| 119597/119597 [00:00<00:00, 1538603.17 examples/s]

Casting the dataset: 100%|██████████| 69199/69199 [00:00<00:00, 1422523.04 examples/s]

Casting the dataset: 100%|██████████| 47437/47437 [00:00<00:00, 1292586.14 examples/s]

Casting the dataset:   0%|          | 0/83479 [00:00<?, ? examples/s]
Casting the dataset:   0%|          | 0/147826 [00:00<?, ? examples/s]
Casting the dataset:   0%|          | 0/133813 [00:00<?, ? examples/s]
Casting the dataset:   0%|          | 0/111364 [00:00<?, ? examples/s]
Casting the dataset:   0%|          | 0/76610 [00:00<?, ? examples/s]
Generating train split: 0 examples [00:00, ? examples/s]
Casting the dataset: 100%|██████████| 83479/83479 [00:00<00:00, 1484339.13 examples/s]

Casting the dataset:   0%|          | 0/123343 [00:00<?, ? examples/s]
Casting the dataset:   0%|          | 0/47437 [00:00<?, ? examples/s]
Casting the dataset:   0%|          | 0/123343 [00:00<?, ? examples/s]
Casting the dataset:   0%|          | 0/76610 [00:00<?, ? examples/s]
Casting the dataset:   0%|          | 0/123343 [00:00<?, ? examples/s]
Casting the dataset:   0%|          | 0/115076 [00:00<?, ? examples/s]
Casting the dataset: 100%|██████████| 133813/133813 [00:00<00:00, 1398272.01 examples/s]

Casting the dataset: 100%|██████████| 47437/47437 [00:00<00:00, 1285421.15 examples/s]

Casting the dataset: 100%|██████████| 147826/147826 [00:00<00:00, 1471284.36 examples/s]

Casting the dataset: 100%|██████████| 76610/76610 [00:00<00:00, 1330182.89 examples/s]

Generating train split: 30875 examples [00:00, 561550.39 examples/s]

Casting the dataset: 100%|██████████| 111364/111364 [00:00<00:00, 1469469.75 examples/s]

Casting the dataset:   0%|          | 0/30875 [00:00<?, ? examples/s]
Casting the dataset:   0%|          | 0/30875 [00:00<?, ? examples/s]
Casting the dataset:   0%|          | 0/30875 [00:00<?, ? examples/s]
Casting the dataset: 100%|██████████| 30875/30875 [00:00<00:00, 1268517.40 examples/s]

Casting the dataset: 100%|██████████| 76610/76610 [00:00<00:00, 1235644.44 examples/s]

Casting the dataset:   0%|          | 0/111364 [00:00<?, ? examples/s]
Casting the dataset: 100%|██████████| 30875/30875 [00:00<00:00, 1317520.97 examples/s]

Casting the dataset:   0%|          | 0/30875 [00:00<?, ? examples/s]
Casting the dataset: 100%|██████████| 123343/123343 [00:00<00:00, 1478733.97 examples/s]

Casting the dataset: 100%|██████████| 123343/123343 [00:00<00:00, 1401141.95 examples/s]

Casting the dataset: 100%|██████████| 30875/30875 [00:00<00:00, 1321581.58 examples/s]

Casting the dataset:   0%|          | 0/30875 [00:00<?, ? examples/s]
Casting the dataset: 100%|██████████| 30875/30875 [00:00<00:00, 1363019.67 examples/s]

Casting the dataset:   0%|          | 0/40898 [00:00<?, ? examples/s]
Casting the dataset: 100%|██████████| 115076/115076 [00:00<00:00, 1388892.42 examples/s]

Casting the dataset: 100%|██████████| 123343/123343 [00:00<00:00, 1391857.27 examples/s]

Casting the dataset: 100%|██████████| 30875/30875 [00:00<00:00, 1283440.40 examples/s]

Casting the dataset:   0%|          | 0/115076 [00:00<?, ? examples/s]
Casting the dataset: 100%|██████████| 40898/40898 [00:00<00:00, 1343031.08 examples/s]

Casting the dataset:   0%|          | 0/105004 [00:00<?, ? examples/s]
Casting the dataset: 100%|██████████| 111364/111364 [00:00<00:00, 1476301.68 examples/s]

Casting the dataset:   0%|          | 0/144287 [00:00<?, ? examples/s]
Casting the dataset:   0%|          | 0/94104 [00:00<?, ? examples/s]
Casting the dataset:   0%|          | 0/94104 [00:00<?, ? examples/s]
Generating train split: 0 examples [00:00, ? examples/s]
Casting the dataset:   0%|          | 0/94104 [00:00<?, ? examples/s]
Casting the dataset:   0%|          | 0/119597 [00:00<?, ? examples/s]
Casting the dataset: 100%|██████████| 115076/115076 [00:00<00:00, 1444603.59 examples/s]

Casting the dataset: 100%|██████████| 105004/105004 [00:00<00:00, 1382174.03 examples/s]
Casting the dataset:   0%|          | 0/40898 [00:00<?, ? examples/s]

Casting the dataset: 100%|██████████| 94104/94104 [00:00<00:00, 1416073.62 examples/s]

Casting the dataset:   0%|          | 0/162024 [00:00<?, ? examples/s]
Casting the dataset: 100%|██████████| 94104/94104 [00:00<00:00, 1453061.04 examples/s]

Casting the dataset: 100%|██████████| 40898/40898 [00:00<00:00, 1444000.92 examples/s]

Casting the dataset: 100%|██████████| 144287/144287 [00:00<00:00, 1469202.33 examples/s]

Casting the dataset:   0%|          | 0/109917 [00:00<?, ? examples/s]
Casting the dataset: 100%|██████████| 94104/94104 [00:00<00:00, 1458284.66 examples/s]

Casting the dataset: 100%|██████████| 119597/119597 [00:00<00:00, 1454473.74 examples/s]

Generating train split: 56328 examples [00:00, 580598.98 examples/s]

Casting the dataset:   0%|          | 0/162024 [00:00<?, ? examples/s]
Casting the dataset:   0%|          | 0/56328 [00:00<?, ? examples/s]
Casting the dataset:   0%|          | 0/89501 [00:00<?, ? examples/s]
Casting the dataset:   0%|          | 0/89501 [00:00<?, ? examples/s]
Casting the dataset:   0%|          | 0/56328 [00:00<?, ? examples/s]
Casting the dataset:   0%|          | 0/119597 [00:00<?, ? examples/s]
Casting the dataset:   0%|          | 0/56328 [00:00<?, ? examples/s]
Casting the dataset:   0%|          | 0/50433 [00:00<?, ? examples/s]
Casting the dataset:  92%|█████████▏| 149000/162024 [00:00<00:00, 1461870.96 examples/s]
Casting the dataset: 100%|██████████| 109917/109917 [00:00<00:00, 1377547.84 examples/s]

Casting the dataset: 100%|██████████| 56328/56328 [00:00<00:00, 1379118.30 examples/s]

Casting the dataset:   0%|          | 0/56328 [00:00<?, ? examples/s]
Casting the dataset:   0%|          | 0/56328 [00:00<?, ? examples/s]
Casting the dataset:   0%|          | 0/154648 [00:00<?, ? examples/s]
Casting the dataset: 100%|██████████| 162024/162024 [00:00<00:00, 1397463.08 examples/s]

Casting the dataset: 100%|██████████| 56328/56328 [00:00<00:00, 1417597.24 examples/s]

Casting the dataset:   0%|          | 0/89501 [00:00<?, ? examples/s]
Casting the dataset: 100%|██████████| 50433/50433 [00:00<00:00, 1353047.16 examples/s]

Casting the dataset: 100%|██████████| 56328/56328 [00:00<00:00, 1392974.04 examples/s]

Casting the dataset: 100%|██████████| 89501/89501 [00:00<00:00, 1465823.25 examples/s]

Casting the dataset: 100%|██████████| 89501/89501 [00:00<00:00, 1433486.98 examples/s]

Casting the dataset:   0%|          | 0/109917 [00:00<?, ? examples/s]
Casting the dataset: 100%|██████████| 56328/56328 [00:00<00:00, 1341232.45 examples/s]

Casting the dataset:   0%|          | 0/123343 [00:00<?, ? examples/s]
Casting the dataset: 100%|██████████| 56328/56328 [00:00<00:00, 1431329.97 examples/s]

Casting the dataset: 100%|██████████| 119597/119597 [00:00<00:00, 1563248.67 examples/s]

Casting the dataset:  85%|████████▌ | 138000/162024 [00:00<00:00, 1360007.97 examples/s]
Casting the dataset:   0%|          | 0/11357 [00:00<?, ? examples/s]
Casting the dataset: 100%|██████████| 11357/11357 [00:00<00:00, 976361.21 examples/s]

Casting the dataset: 100%|██████████| 162024/162024 [00:00<00:00, 1305306.70 examples/s]

Casting the dataset: 100%|██████████| 89501/89501 [00:00<00:00, 1379857.61 examples/s]

Casting the dataset:   0%|          | 0/29306 [00:00<?, ? examples/s]
Casting the dataset: 100%|██████████| 29306/29306 [00:00<00:00, 1245246.41 examples/s]

Casting the dataset: 100%|██████████| 109917/109917 [00:00<00:00, 1430276.49 examples/s]

Casting the dataset:  96%|█████████▌| 148000/154648 [00:00<00:00, 1460285.14 examples/s]
Casting the dataset: 100%|██████████| 154648/154648 [00:00<00:00, 1396659.35 examples/s]

Casting the dataset:   0%|          | 0/139765 [00:00<?, ? examples/s]
Casting the dataset: 100%|██████████| 123343/123343 [00:00<00:00, 1446067.95 examples/s]

Casting the dataset:   0%|          | 0/29306 [00:00<?, ? examples/s]
Casting the dataset:   0%|          | 0/29306 [00:00<?, ? examples/s]
Casting the dataset:   0%|          | 0/123343 [00:00<?, ? examples/s]
Casting the dataset: 100%|██████████| 29306/29306 [00:00<00:00, 1126058.31 examples/s]

Generating train split: 0 examples [00:00, ? examples/s]
Casting the dataset:   0%|          | 0/45695 [00:00<?, ? examples/s]
Casting the dataset: 100%|██████████| 29306/29306 [00:00<00:00, 1098681.36 examples/s]

Casting the dataset:   0%|          | 0/11357 [00:00<?, ? examples/s]
Casting the dataset: 100%|██████████| 11357/11357 [00:00<00:00, 996291.95 examples/s]

Casting the dataset: 100%|██████████| 45695/45695 [00:00<00:00, 1372431.75 examples/s]

Casting the dataset:   0%|          | 0/47437 [00:00<?, ? examples/s]
Casting the dataset:   0%|          | 0/45695 [00:00<?, ? examples/s]
Casting the dataset:   0%|          | 0/94104 [00:00<?, ? examples/s]
Casting the dataset:   0%|          | 0/151859 [00:00<?, ? examples/s]
Casting the dataset: 100%|██████████| 123343/123343 [00:00<00:00, 1542345.15 examples/s]

Casting the dataset:   0%|          | 0/45695 [00:00<?, ? examples/s]
Casting the dataset: 100%|██████████| 139765/139765 [00:00<00:00, 1463632.21 examples/s]

Casting the dataset:   0%|          | 0/130894 [00:00<?, ? examples/s]
Casting the dataset: 100%|██████████| 47437/47437 [00:00<00:00, 1317545.62 examples/s]

Casting the dataset: 100%|██████████| 45695/45695 [00:00<00:00, 1374942.40 examples/s]

Casting the dataset: 100%|██████████| 45695/45695 [00:00<00:00, 1394449.53 examples/s]

Generating train split: 52363 examples [00:00, 514281.16 examples/s]
Casting the dataset:   0%|          | 0/58742 [00:00<?, ? examples/s]
Casting the dataset: 100%|██████████| 94104/94104 [00:00<00:00, 1454281.72 examples/s]

Casting the dataset:   0%|          | 0/94104 [00:00<?, ? examples/s]
Casting the dataset:   0%|          | 0/58742 [00:00<?, ? examples/s]
Casting the dataset: 100%|██████████| 58742/58742 [00:00<00:00, 1388152.54 examples/s]

Casting the dataset:   0%|          | 0/85107 [00:00<?, ? examples/s]
Casting the dataset: 100%|██████████| 151859/151859 [00:00<00:00, 1508024.53 examples/s]
Casting the dataset:   0%|          | 0/58742 [00:00<?, ? examples/s]
Casting the dataset: 100%|██████████| 151859/151859 [00:00<00:00, 1443071.30 examples/s]

Casting the dataset: 100%|██████████| 130894/130894 [00:00<00:00, 1401434.67 examples/s]

Generating train split: 93187 examples [00:00, 545355.44 examples/s]

Casting the dataset:   0%|          | 0/93187 [00:00<?, ? examples/s]
Casting the dataset:   0%|          | 0/93187 [00:00<?, ? examples/s]
Casting the dataset:   0%|          | 0/115076 [00:00<?, ? examples/s]
Casting the dataset:   0%|          | 0/89501 [00:00<?, ? examples/s]
Casting the dataset:   0%|          | 0/151859 [00:00<?, ? examples/s]
Casting the dataset: 100%|██████████| 58742/58742 [00:00<00:00, 1341342.45 examples/s]

Casting the dataset: 100%|██████████| 94104/94104 [00:00<00:00, 1518909.50 examples/s]

Casting the dataset:   0%|          | 0/93187 [00:00<?, ? examples/s]
Casting the dataset: 100%|██████████| 58742/58742 [00:00<00:00, 1320395.32 examples/s]

Casting the dataset: 100%|██████████| 85107/85107 [00:00<00:00, 1432315.89 examples/s]

Casting the dataset:   0%|          | 0/93187 [00:00<?, ? examples/s]
Casting the dataset:   0%|          | 0/93187 [00:00<?, ? examples/s]
Casting the dataset:   0%|          | 0/130894 [00:00<?, ? examples/s]
Casting the dataset:   0%|          | 0/82312 [00:00<?, ? examples/s]
Casting the dataset: 100%|██████████| 93187/93187 [00:00<00:00, 1444458.60 examples/s]

Casting the dataset: 100%|██████████| 89501/89501 [00:00<00:00, 1474372.49 examples/s]

Casting the dataset:   0%|          | 0/17822 [00:00<?, ? examples/s]
Casting the dataset: 100%|██████████| 93187/93187 [00:00<00:00, 1193842.88 examples/s]

Casting the dataset: 100%|██████████| 93187/93187 [00:00<00:00, 1469936.35 examples/s]

Casting the dataset: 100%|██████████| 115076/115076 [00:00<00:00, 1426648.52 examples/s]

Casting the dataset:   0%|          | 0/82312 [00:00<?, ? examples/s]
Casting the dataset:   0%|          | 0/89501 [00:00<?, ? examples/s]
Casting the dataset: 100%|██████████| 17822/17822 [00:00<00:00, 1165051.76 examples/s]

Casting the dataset: 100%|██████████| 93187/93187 [00:00<00:00, 1444058.34 examples/s]

Casting the dataset:   0%|          | 0/82312 [00:00<?, ? examples/s]
Casting the dataset: 100%|██████████| 82312/82312 [00:00<00:00, 1430471.98 examples/s]

Casting the dataset:   0%|          | 0/85381 [00:00<?, ? examples/s]
Casting the dataset:  93%|█████████▎| 141000/151859 [00:00<00:00, 1383811.76 examples/s]
Casting the dataset:   0%|          | 0/29306 [00:00<?, ? examples/s]
Casting the dataset: 100%|██████████| 93187/93187 [00:00<00:00, 1089104.64 examples/s]

Casting the dataset: 100%|██████████| 151859/151859 [00:00<00:00, 1322728.70 examples/s]

Casting the dataset: 100%|██████████| 130894/130894 [00:00<00:00, 1385358.42 examples/s]

Casting the dataset: 100%|██████████| 29306/29306 [00:00<00:00, 1301838.33 examples/s]

Casting the dataset: 100%|██████████| 82312/82312 [00:00<00:00, 1405935.62 examples/s]

Casting the dataset: 100%|██████████| 89501/89501 [00:00<00:00, 1474384.07 examples/s]

Casting the dataset:   0%|          | 0/83479 [00:00<?, ? examples/s]
Casting the dataset: 100%|██████████| 82312/82312 [00:00<00:00, 1388838.14 examples/s]

Casting the dataset: 100%|██████████| 85381/85381 [00:00<00:00, 1422667.53 examples/s]

Casting the dataset:   0%|          | 0/136953 [00:00<?, ? examples/s]
Casting the dataset:   0%|          | 0/88302 [00:00<?, ? examples/s]
Casting the dataset:   0%|          | 0/45695 [00:00<?, ? examples/s]
Casting the dataset:   0%|          | 0/29306 [00:00<?, ? examples/s]
Generating train split: 0 examples [00:00, ? examples/s]
Casting the dataset: 100%|██████████| 83479/83479 [00:00<00:00, 1412232.85 examples/s]

Casting the dataset:   0%|          | 0/88302 [00:00<?, ? examples/s]
Casting the dataset: 100%|██████████| 29306/29306 [00:00<00:00, 1295540.30 examples/s]

Casting the dataset:   0%|          | 0/17822 [00:00<?, ? examples/s]
Casting the dataset: 100%|██████████| 45695/45695 [00:00<00:00, 1336755.95 examples/s]

Casting the dataset: 100%|██████████| 88302/88302 [00:00<00:00, 1427804.82 examples/s]

Casting the dataset:   0%|          | 0/109917 [00:00<?, ? examples/s]
Casting the dataset:   0%|          | 0/88302 [00:00<?, ? examples/s]
Casting the dataset: 100%|██████████| 17822/17822 [00:00<00:00, 1058839.41 examples/s]

Casting the dataset: 100%|██████████| 136953/136953 [00:00<00:00, 1418852.70 examples/s]

Casting the dataset:   0%|          | 0/45695 [00:00<?, ? examples/s]
Casting the dataset:   0%|          | 0/173838 [00:00<?, ? examples/s]
Casting the dataset: 100%|██████████| 88302/88302 [00:00<00:00, 1433103.10 examples/s]

Casting the dataset:   0%|          | 0/58742 [00:00<?, ? examples/s]
Casting the dataset:   0%|          | 0/35970 [00:00<?, ? examples/s]
Casting the dataset: 100%|██████████| 88302/88302 [00:00<00:00, 1418850.68 examples/s]

Casting the dataset: 100%|██████████| 45695/45695 [00:00<00:00, 1432127.22 examples/s]

Casting the dataset:   0%|          | 0/111364 [00:00<?, ? examples/s]
Generating train split: 60549 examples [00:00, 567362.08 examples/s]
Casting the dataset: 100%|██████████| 109917/109917 [00:00<00:00, 1436573.95 examples/s]

Casting the dataset:   0%|          | 0/83479 [00:00<?, ? examples/s]
Casting the dataset: 100%|██████████| 35970/35970 [00:00<00:00, 1342287.74 examples/s]

Casting the dataset: 100%|██████████| 58742/58742 [00:00<00:00, 1408765.44 examples/s]

Casting the dataset:   0%|          | 0/35970 [00:00<?, ? examples/s]
Casting the dataset:   0%|          | 0/136953 [00:00<?, ? examples/s]
Casting the dataset:   0%|          | 0/35970 [00:00<?, ? examples/s]
Casting the dataset: 100%|██████████| 35970/35970 [00:00<00:00, 1353839.04 examples/s]

Generating train split: 94634 examples [00:00, 588839.52 examples/s]

Casting the dataset:   0%|          | 0/58742 [00:00<?, ? examples/s]
Casting the dataset:   0%|          | 0/49385 [00:00<?, ? examples/s]
Casting the dataset:   0%|          | 0/94634 [00:00<?, ? examples/s]
Casting the dataset:  90%|████████▉ | 156000/173838 [00:00<00:00, 1540469.70 examples/s]
Casting the dataset:   0%|          | 0/11357 [00:00<?, ? examples/s]
Casting the dataset: 100%|██████████| 83479/83479 [00:00<00:00, 1322067.30 examples/s]

Casting the dataset: 100%|██████████| 111364/111364 [00:00<00:00, 1448921.04 examples/s]

Casting the dataset: 100%|██████████| 35970/35970 [00:00<00:00, 1329313.57 examples/s]

Casting the dataset: 100%|██████████| 11357/11357 [00:00<00:00, 978145.56 examples/s]
Casting the dataset:   0%|          | 0/94634 [00:00<?, ? examples/s]

Casting the dataset: 100%|██████████| 173838/173838 [00:00<00:00, 1481329.06 examples/s]

Casting the dataset:   0%|          | 0/76610 [00:00<?, ? examples/s]
Casting the dataset: 100%|██████████| 58742/58742 [00:00<00:00, 1421149.26 examples/s]

Casting the dataset: 100%|██████████| 49385/49385 [00:00<00:00, 1378432.70 examples/s]

Casting the dataset:   0%|          | 0/82312 [00:00<?, ? examples/s]
Casting the dataset:   0%|          | 0/94634 [00:00<?, ? examples/s]
Casting the dataset:   0%|          | 0/94634 [00:00<?, ? examples/s]
Casting the dataset:   0%|          | 0/49385 [00:00<?, ? examples/s]
Casting the dataset:   0%|          | 0/94634 [00:00<?, ? examples/s]
Casting the dataset: 100%|██████████| 94634/94634 [00:00<00:00, 1503333.97 examples/s]

Casting the dataset:   0%|          | 0/49385 [00:00<?, ? examples/s]
Casting the dataset: 100%|██████████| 136953/136953 [00:00<00:00, 1422739.45 examples/s]

Casting the dataset: 100%|██████████| 49385/49385 [00:00<00:00, 1359033.31 examples/s]

Casting the dataset:   0%|          | 0/40898 [00:00<?, ? examples/s]
Casting the dataset: 100%|██████████| 94634/94634 [00:00<00:00, 1474982.78 examples/s]

Casting the dataset: 100%|██████████| 76610/76610 [00:00<00:00, 1364196.74 examples/s]

Casting the dataset: 100%|██████████| 82312/82312 [00:00<00:00, 1425934.47 examples/s]

Casting the dataset: 100%|██████████| 94634/94634 [00:00<00:00, 1475240.43 examples/s]

Casting the dataset: 100%|██████████| 94634/94634 [00:00<00:00, 1442194.90 examples/s]

Casting the dataset:   0%|          | 0/83938 [00:00<?, ? examples/s]
Casting the dataset: 100%|██████████| 94634/94634 [00:00<00:00, 1589596.22 examples/s]
Casting the dataset: 100%|██████████| 49385/49385 [00:00<00:00, 1350905.58 examples/s]


Casting the dataset: 100%|██████████| 40898/40898 [00:00<00:00, 1425805.38 examples/s]

Casting the dataset:   0%|          | 0/111364 [00:00<?, ? examples/s]
Casting the dataset:   0%|          | 0/82312 [00:00<?, ? examples/s]
Casting the dataset:   0%|          | 0/83938 [00:00<?, ? examples/s]
Casting the dataset:   0%|          | 0/173516 [00:00<?, ? examples/s]
Casting the dataset: 100%|██████████| 83938/83938 [00:00<00:00, 1451201.52 examples/s]

Casting the dataset: 100%|██████████| 82312/82312 [00:00<00:00, 1486207.53 examples/s]

Casting the dataset:   0%|          | 0/88302 [00:00<?, ? examples/s]
Casting the dataset:   0%|          | 0/119597 [00:00<?, ? examples/s]
Casting the dataset:   0%|          | 0/83938 [00:00<?, ? examples/s]
Generating train split: 0 examples [00:00, ? examples/s]
Casting the dataset:   0%|          | 0/130894 [00:00<?, ? examples/s]
Casting the dataset: 100%|██████████| 111364/111364 [00:00<00:00, 1372446.93 examples/s]

Casting the dataset: 100%|██████████| 83938/83938 [00:00<00:00, 1524808.41 examples/s]

Casting the dataset:   0%|          | 0/8341 [00:00<?, ? examples/s]
Casting the dataset: 100%|██████████| 8341/8341 [00:00<00:00, 957881.05 examples/s]

Casting the dataset: 100%|██████████| 88302/88302 [00:00<00:00, 1476559.55 examples/s]

Casting the dataset: 100%|██████████| 83938/83938 [00:00<00:00, 1452512.73 examples/s]

Casting the dataset:   0%|          | 0/88302 [00:00<?, ? examples/s]
Casting the dataset:   0%|          | 0/76610 [00:00<?, ? examples/s]
Casting the dataset:   0%|          | 0/8341 [00:00<?, ? examples/s]
Casting the dataset: 100%|██████████| 119597/119597 [00:00<00:00, 1575795.63 examples/s]

Casting the dataset:  65%|██████▌   | 113000/173516 [00:00<00:00, 1107015.13 examples/s]
Casting the dataset:   0%|          | 0/5682 [00:00<?, ? examples/s]
Casting the dataset: 100%|██████████| 8341/8341 [00:00<00:00, 898240.98 examples/s]

Casting the dataset:   0%|          | 0/40898 [00:00<?, ? examples/s]
Casting the dataset: 100%|██████████| 5682/5682 [00:00<00:00, 819589.91 examples/s]

Generating train split: 52520 examples [00:00, 597760.34 examples/s]

Casting the dataset: 100%|██████████| 130894/130894 [00:00<00:00, 1428967.28 examples/s]

Casting the dataset:   0%|          | 0/52520 [00:00<?, ? examples/s]
Casting the dataset:   0%|          | 0/8341 [00:00<?, ? examples/s]
Casting the dataset:   0%|          | 0/35970 [00:00<?, ? examples/s]
Casting the dataset:   0%|          | 0/162024 [00:00<?, ? examples/s]
Casting the dataset: 100%|██████████| 40898/40898 [00:00<00:00, 1259147.09 examples/s]

Casting the dataset: 100%|██████████| 8341/8341 [00:00<00:00, 913676.93 examples/s]

Casting the dataset:   0%|          | 0/52520 [00:00<?, ? examples/s]
Casting the dataset: 100%|██████████| 88302/88302 [00:00<00:00, 1495694.76 examples/s]

Casting the dataset:   0%|          | 0/5682 [00:00<?, ? examples/s]
Casting the dataset: 100%|██████████| 5682/5682 [00:00<00:00, 801804.51 examples/s]

Casting the dataset: 100%|██████████| 173516/173516 [00:00<00:00, 1138638.25 examples/s]

Casting the dataset:   0%|          | 0/52520 [00:00<?, ? examples/s]
Casting the dataset:   0%|          | 0/52520 [00:00<?, ? examples/s]
Casting the dataset: 100%|██████████| 76610/76610 [00:00<00:00, 1178294.52 examples/s]

Casting the dataset: 100%|██████████| 35970/35970 [00:00<00:00, 1210477.83 examples/s]

Casting the dataset: 100%|██████████| 52520/52520 [00:00<00:00, 1475174.42 examples/s]

Casting the dataset:   0%|          | 0/69199 [00:00<?, ? examples/s]
Casting the dataset: 100%|██████████| 52520/52520 [00:00<00:00, 1419937.51 examples/s]

Casting the dataset:   0%|          | 0/5682 [00:00<?, ? examples/s]
Casting the dataset:   0%|          | 0/123343 [00:00<?, ? examples/s]
Casting the dataset: 100%|██████████| 5682/5682 [00:00<00:00, 683963.82 examples/s]

Casting the dataset: 100%|██████████| 52520/52520 [00:00<00:00, 1483169.92 examples/s]

Casting the dataset: 100%|██████████| 52520/52520 [00:00<00:00, 1424676.12 examples/s]

Casting the dataset:   0%|          | 0/35970 [00:00<?, ? examples/s]
Casting the dataset:   0%|          | 0/52520 [00:00<?, ? examples/s]
Casting the dataset:   0%|          | 0/69199 [00:00<?, ? examples/s]
Casting the dataset:   0%|          | 0/49385 [00:00<?, ? examples/s]
Casting the dataset:   0%|          | 0/119597 [00:00<?, ? examples/s]
Casting the dataset: 100%|██████████| 69199/69199 [00:00<00:00, 1412656.81 examples/s]

Casting the dataset: 100%|██████████| 35970/35970 [00:00<00:00, 1360639.92 examples/s]

Casting the dataset:  93%|█████████▎| 150000/162024 [00:00<00:00, 1479879.47 examples/s]
Casting the dataset: 100%|██████████| 52520/52520 [00:00<00:00, 1374812.59 examples/s]

Casting the dataset: 100%|██████████| 162024/162024 [00:00<00:00, 1418953.35 examples/s]

Casting the dataset:   0%|          | 0/69199 [00:00<?, ? examples/s]
Casting the dataset: 100%|██████████| 49385/49385 [00:00<00:00, 1299463.01 examples/s]

Casting the dataset: 100%|██████████| 123343/123343 [00:00<00:00, 1576567.58 examples/s]

Casting the dataset:   0%|          | 0/112181 [00:00<?, ? examples/s]
Generating train split: 0 examples [00:00, ? examples/s]
Casting the dataset: 100%|██████████| 69199/69199 [00:00<00:00, 1344277.65 examples/s]

Casting the dataset:   0%|          | 0/49385 [00:00<?, ? examples/s]
Casting the dataset:   0%|          | 0/30875 [00:00<?, ? examples/s]
Generating train split: 15807 examples [00:00, 535371.72 examples/s]

Casting the dataset: 100%|██████████| 30875/30875 [00:00<00:00, 1319696.07 examples/s]

Casting the dataset:   0%|          | 0/15807 [00:00<?, ? examples/s]
Casting the dataset: 100%|██████████| 119597/119597 [00:00<00:00, 1416286.95 examples/s]

Casting the dataset: 100%|██████████| 69199/69199 [00:00<00:00, 1419941.11 examples/s]

Casting the dataset: 100%|██████████| 49385/49385 [00:00<00:00, 1436596.75 examples/s]

Casting the dataset: 100%|██████████| 15807/15807 [00:00<00:00, 1257122.12 examples/s]

Casting the dataset:   0%|          | 0/30875 [00:00<?, ? examples/s]
Casting the dataset:   0%|          | 0/15807 [00:00<?, ? examples/s]
Casting the dataset:   0%|          | 0/136953 [00:00<?, ? examples/s]
Casting the dataset:   0%|          | 0/83938 [00:00<?, ? examples/s]
Casting the dataset:   0%|          | 0/15807 [00:00<?, ? examples/s]
Casting the dataset:   0%|          | 0/15807 [00:00<?, ? examples/s]
Casting the dataset:   0%|          | 0/15807 [00:00<?, ? examples/s]
Casting the dataset: 100%|██████████| 15807/15807 [00:00<00:00, 1191834.39 examples/s]

Casting the dataset:   0%|          | 0/94104 [00:00<?, ? examples/s]
Casting the dataset: 100%|██████████| 112181/112181 [00:00<00:00, 1443241.36 examples/s]

Casting the dataset: 100%|██████████| 30875/30875 [00:00<00:00, 1240021.22 examples/s]

Casting the dataset: 100%|██████████| 15807/15807 [00:00<00:00, 1171118.55 examples/s]

Casting the dataset: 100%|██████████| 15807/15807 [00:00<00:00, 1144612.04 examples/s]

Casting the dataset: 100%|██████████| 15807/15807 [00:00<00:00, 1177169.50 examples/s]

Casting the dataset:   0%|          | 0/30875 [00:00<?, ? examples/s]
Casting the dataset:   0%|          | 0/56328 [00:00<?, ? examples/s]
Casting the dataset:   0%|          | 0/162024 [00:00<?, ? examples/s]
Casting the dataset: 100%|██████████| 30875/30875 [00:00<00:00, 1306976.33 examples/s]

Casting the dataset:   0%|          | 0/83938 [00:00<?, ? examples/s]
Casting the dataset: 100%|██████████| 83938/83938 [00:00<00:00, 1377559.44 examples/s]

Casting the dataset: 100%|██████████| 56328/56328 [00:00<00:00, 1381174.22 examples/s]

Casting the dataset:   0%|          | 0/123343 [00:00<?, ? examples/s]
Casting the dataset:   0%|          | 0/56328 [00:00<?, ? examples/s]
Casting the dataset: 100%|██████████| 94104/94104 [00:00<00:00, 1432353.58 examples/s]

Casting the dataset: 100%|██████████| 136953/136953 [00:00<00:00, 1489781.54 examples/s]

Casting the dataset:   0%|          | 0/56328 [00:00<?, ? examples/s]
Casting the dataset: 100%|██████████| 83938/83938 [00:00<00:00, 1474436.35 examples/s]

Casting the dataset: 100%|██████████| 56328/56328 [00:00<00:00, 1323218.85 examples/s]

Casting the dataset:   0%|          | 0/8341 [00:00<?, ? examples/s]
Casting the dataset:   0%|          | 0/98164 [00:00<?, ? examples/s]
Generating train split: 0 examples [00:00, ? examples/s]
Casting the dataset: 100%|██████████| 8341/8341 [00:00<00:00, 838981.50 examples/s]

Casting the dataset:   0%|          | 0/93187 [00:00<?, ? examples/s]
Casting the dataset:  94%|█████████▍| 153000/162024 [00:00<00:00, 1512151.84 examples/s]
Casting the dataset: 100%|██████████| 56328/56328 [00:00<00:00, 1397811.82 examples/s]

Casting the dataset: 100%|██████████| 162024/162024 [00:00<00:00, 1448212.18 examples/s]

Casting the dataset:   0%|          | 0/8341 [00:00<?, ? examples/s]
Casting the dataset:   0%|          | 0/89501 [00:00<?, ? examples/s]
Casting the dataset: 100%|██████████| 123343/123343 [00:00<00:00, 1432085.54 examples/s]

Casting the dataset:   0%|          | 0/151859 [00:00<?, ? examples/s]
Casting the dataset: 100%|██████████| 8341/8341 [00:00<00:00, 966748.36 examples/s]

Casting the dataset:   0%|          | 0/5682 [00:00<?, ? examples/s]
Casting the dataset: 100%|██████████| 5682/5682 [00:00<00:00, 717508.21 examples/s]

Casting the dataset:   0%|          | 0/93187 [00:00<?, ? examples/s]
Casting the dataset: 100%|██████████| 98164/98164 [00:00<00:00, 1433309.63 examples/s]

Casting the dataset: 100%|██████████| 93187/93187 [00:00<00:00, 1544788.28 examples/s]

Casting the dataset:   0%|          | 0/5682 [00:00<?, ? examples/s]
Casting the dataset: 100%|██████████| 5682/5682 [00:00<00:00, 825552.01 examples/s]

Casting the dataset:   0%|          | 0/93187 [00:00<?, ? examples/s]
Casting the dataset: 100%|██████████| 89501/89501 [00:00<00:00, 1450362.41 examples/s]

Casting the dataset:   0%|          | 0/76610 [00:00<?, ? examples/s]
Generating train split: 51209 examples [00:00, 496267.62 examples/s]
Casting the dataset:   0%|          | 0/94104 [00:00<?, ? examples/s]
Casting the dataset: 100%|██████████| 93187/93187 [00:00<00:00, 1391753.93 examples/s]

Casting the dataset:   0%|          | 0/69199 [00:00<?, ? examples/s]
Casting the dataset:  99%|█████████▉| 151000/151859 [00:00<00:00, 1485311.76 examples/s]
Casting the dataset:   0%|          | 0/94634 [00:00<?, ? examples/s]
Casting the dataset:   0%|          | 0/29306 [00:00<?, ? examples/s]
Casting the dataset:   0%|          | 0/69199 [00:00<?, ? examples/s]
Casting the dataset: 100%|██████████| 151859/151859 [00:00<00:00, 1419497.70 examples/s]

Casting the dataset: 100%|██████████| 76610/76610 [00:00<00:00, 1446546.12 examples/s]

Casting the dataset: 100%|██████████| 93187/93187 [00:00<00:00, 1427836.76 examples/s]

Casting the dataset:   0%|          | 0/115344 [00:00<?, ? examples/s]
Casting the dataset: 100%|██████████| 29306/29306 [00:00<00:00, 1304726.39 examples/s]

Casting the dataset: 100%|██████████| 69199/69199 [00:00<00:00, 1354206.41 examples/s]

Casting the dataset: 100%|██████████| 94104/94104 [00:00<00:00, 1486755.15 examples/s]

Casting the dataset: 100%|██████████| 69199/69199 [00:00<00:00, 1499197.53 examples/s]

Casting the dataset:   0%|          | 0/94634 [00:00<?, ? examples/s]
Casting the dataset: 100%|██████████| 94634/94634 [00:00<00:00, 1463907.08 examples/s]

Generating train split: 110317 examples [00:00, 542511.81 examples/s]
Casting the dataset:   0%|          | 0/45695 [00:00<?, ? examples/s]
Generating train split: 122586 examples [00:00, 546076.19 examples/s]

Casting the dataset:   0%|          | 0/94634 [00:00<?, ? examples/s]
Casting the dataset:   0%|          | 0/30875 [00:00<?, ? examples/s]
Casting the dataset:   0%|          | 0/122586 [00:00<?, ? examples/s]
Casting the dataset: 100%|██████████| 115344/115344 [00:00<00:00, 1437239.65 examples/s]

Casting the dataset:   0%|          | 0/30875 [00:00<?, ? examples/s]
Casting the dataset:   0%|          | 0/17822 [00:00<?, ? examples/s]
Casting the dataset: 100%|██████████| 45695/45695 [00:00<00:00, 1398335.94 examples/s]

Casting the dataset:   0%|          | 0/151859 [00:00<?, ? examples/s]
Casting the dataset:   0%|          | 0/122586 [00:00<?, ? examples/s]
Casting the dataset: 100%|██████████| 17822/17822 [00:00<00:00, 1133998.09 examples/s]

Casting the dataset: 100%|██████████| 30875/30875 [00:00<00:00, 1362460.40 examples/s]

Casting the dataset:   0%|          | 0/52520 [00:00<?, ? examples/s]
Casting the dataset:   0%|          | 0/122586 [00:00<?, ? examples/s]
Casting the dataset: 100%|██████████| 30875/30875 [00:00<00:00, 968811.80 examples/s]
Casting the dataset: 100%|██████████| 94634/94634 [00:00<00:00, 1415411.21 examples/s]


Casting the dataset:   0%|          | 0/122586 [00:00<?, ? examples/s]
Casting the dataset:   0%|          | 0/89501 [00:00<?, ? examples/s]
Casting the dataset: 100%|██████████| 94634/94634 [00:00<00:00, 1437942.02 examples/s]

Casting the dataset: 100%|██████████| 52520/52520 [00:00<00:00, 1422394.71 examples/s]

Casting the dataset:   0%|          | 0/58742 [00:00<?, ? examples/s]
Casting the dataset:   0%|          | 0/56328 [00:00<?, ? examples/s]
Casting the dataset:   0%|          | 0/122586 [00:00<?, ? examples/s]
Casting the dataset: 100%|██████████| 122586/122586 [00:00<00:00, 1552747.86 examples/s]

Casting the dataset:   0%|          | 0/52520 [00:00<?, ? examples/s]
Casting the dataset:   0%|          | 0/44502 [00:00<?, ? examples/s]
Casting the dataset:   0%|          | 0/56328 [00:00<?, ? examples/s]
Casting the dataset: 100%|██████████| 89501/89501 [00:00<00:00, 1440688.36 examples/s]

Casting the dataset:   0%|          | 0/83479 [00:00<?, ? examples/s]
Casting the dataset:   0%|          | 0/15807 [00:00<?, ? examples/s]
Casting the dataset:   0%|          | 0/162024 [00:00<?, ? examples/s]
Casting the dataset: 100%|██████████| 122586/122586 [00:00<00:00, 1514007.34 examples/s]

Casting the dataset: 100%|██████████| 122586/122586 [00:00<00:00, 1504368.16 examples/s]

Casting the dataset: 100%|██████████| 15807/15807 [00:00<00:00, 1167119.02 examples/s]

Casting the dataset:   0%|          | 0/52520 [00:00<?, ? examples/s]
Casting the dataset: 100%|██████████| 56328/56328 [00:00<00:00, 1399152.87 examples/s]

Casting the dataset: 100%|██████████| 58742/58742 [00:00<00:00, 1383281.53 examples/s]
Casting the dataset: 100%|██████████| 151859/151859 [00:00<00:00, 1518490.08 examples/s]

Casting the dataset:  98%|█████████▊| 120000/122586 [00:00<00:00, 1177439.38 examples/s]
Casting the dataset: 100%|██████████| 151859/151859 [00:00<00:00, 1453314.77 examples/s]

Casting the dataset: 100%|██████████| 52520/52520 [00:00<00:00, 1328465.65 examples/s]

Casting the dataset: 100%|██████████| 122586/122586 [00:00<00:00, 1098526.11 examples/s]

Casting the dataset: 100%|██████████| 56328/56328 [00:00<00:00, 1307749.71 examples/s]

Casting the dataset: 100%|██████████| 44502/44502 [00:00<00:00, 904910.17 examples/s]

Casting the dataset:   0%|          | 0/29306 [00:00<?, ? examples/s]
Casting the dataset: 100%|██████████| 83479/83479 [00:00<00:00, 1392817.86 examples/s]

Casting the dataset: 100%|██████████| 52520/52520 [00:00<00:00, 1350347.24 examples/s]

Casting the dataset:   0%|          | 0/15807 [00:00<?, ? examples/s]
Casting the dataset: 100%|██████████| 122586/122586 [00:00<00:00, 1425525.88 examples/s]

Casting the dataset: 100%|██████████| 29306/29306 [00:00<00:00, 1266102.27 examples/s]

Casting the dataset: 100%|██████████| 15807/15807 [00:00<00:00, 1131813.37 examples/s]

Casting the dataset:   0%|          | 0/93187 [00:00<?, ? examples/s]
Casting the dataset:   0%|          | 0/122586 [00:00<?, ? examples/s]
Casting the dataset:   0%|          | 0/15807 [00:00<?, ? examples/s]
Casting the dataset:   0%|          | 0/82312 [00:00<?, ? examples/s]
Casting the dataset:  95%|█████████▌| 154000/162024 [00:00<00:00, 1517750.68 examples/s]
Casting the dataset:   0%|          | 0/93187 [00:00<?, ? examples/s]
Casting the dataset: 100%|██████████| 15807/15807 [00:00<00:00, 1137366.42 examples/s]
Casting the dataset: 100%|██████████| 162024/162024 [00:00<00:00, 1453076.90 examples/s]


Casting the dataset:   0%|          | 0/45695 [00:00<?, ? examples/s]
Casting the dataset:   0%|          | 0/17822 [00:00<?, ? examples/s]
Casting the dataset: 100%|██████████| 93187/93187 [00:00<00:00, 1577171.36 examples/s]

Casting the dataset:   0%|          | 0/144346 [00:00<?, ? examples/s]
Casting the dataset: 100%|██████████| 17822/17822 [00:00<00:00, 1137760.82 examples/s]

Casting the dataset:   0%|          | 0/122586 [00:00<?, ? examples/s]
Casting the dataset:   0%|          | 0/111364 [00:00<?, ? examples/s]
Casting the dataset: 100%|██████████| 82312/82312 [00:00<00:00, 1420162.69 examples/s]

Casting the dataset: 100%|██████████| 45695/45695 [00:00<00:00, 1385518.12 examples/s]

Casting the dataset: 100%|██████████| 122586/122586 [00:00<00:00, 1509141.35 examples/s]

Generating train split: 0 examples [00:00, ? examples/s]
Casting the dataset: 100%|██████████| 93187/93187 [00:00<00:00, 1370112.06 examples/s]

Casting the dataset:   0%|          | 0/122586 [00:00<?, ? examples/s]
Casting the dataset:   0%|          | 0/94634 [00:00<?, ? examples/s]
Casting the dataset:   0%|          | 0/83479 [00:00<?, ? examples/s]
Casting the dataset: 100%|██████████| 111364/111364 [00:00<00:00, 1413625.78 examples/s]

Casting the dataset:   0%|          | 0/88302 [00:00<?, ? examples/s]
Casting the dataset:   0%|          | 0/58742 [00:00<?, ? examples/s]
Casting the dataset: 100%|██████████| 122586/122586 [00:00<00:00, 1414315.13 examples/s]

Casting the dataset: 100%|██████████| 144346/144346 [00:00<00:00, 1458989.42 examples/s]

Casting the dataset:   0%|          | 0/94634 [00:00<?, ? examples/s]
Casting the dataset: 100%|██████████| 122586/122586 [00:00<00:00, 1456003.69 examples/s]

Casting the dataset: 100%|██████████| 94634/94634 [00:00<00:00, 1487240.86 examples/s]

Casting the dataset: 100%|██████████| 58742/58742 [00:00<00:00, 1384260.77 examples/s]

Casting the dataset: 100%|██████████| 83479/83479 [00:00<00:00, 1415018.02 examples/s]

Generating train split: 57501 examples [00:00, 484769.44 examples/s]
Casting the dataset: 100%|██████████| 88302/88302 [00:00<00:00, 1433208.46 examples/s]

Casting the dataset:   0%|          | 0/40898 [00:00<?, ? examples/s]
Casting the dataset: 100%|██████████| 94634/94634 [00:00<00:00, 1388102.57 examples/s]

Casting the dataset:   0%|          | 0/151859 [00:00<?, ? examples/s]
Casting the dataset: 100%|██████████| 40898/40898 [00:00<00:00, 1404281.85 examples/s]

Casting the dataset:   0%|          | 0/52520 [00:00<?, ? examples/s]
Casting the dataset:   0%|          | 0/35970 [00:00<?, ? examples/s]
Casting the dataset:   0%|          | 0/82312 [00:00<?, ? examples/s]
Casting the dataset:   0%|          | 0/133813 [00:00<?, ? examples/s]
Casting the dataset: 100%|██████████| 52520/52520 [00:00<00:00, 1453056.68 examples/s]

Casting the dataset:   0%|          | 0/111364 [00:00<?, ? examples/s]
Casting the dataset: 100%|██████████| 35970/35970 [00:00<00:00, 1341535.79 examples/s]

Casting the dataset:   0%|          | 0/52520 [00:00<?, ? examples/s]
Generating train split: 125294 examples [00:00, 551348.65 examples/s]
Casting the dataset:   0%|          | 0/119597 [00:00<?, ? examples/s]
Casting the dataset: 100%|██████████| 82312/82312 [00:00<00:00, 1437272.80 examples/s]

Casting the dataset:   0%|          | 0/15807 [00:00<?, ? examples/s]
Casting the dataset: 100%|██████████| 52520/52520 [00:00<00:00, 1318857.71 examples/s]

Casting the dataset: 100%|██████████| 151859/151859 [00:00<00:00, 1504654.48 examples/s]

Casting the dataset:   0%|          | 0/49385 [00:00<?, ? examples/s]
Casting the dataset: 100%|██████████| 15807/15807 [00:00<00:00, 1199684.48 examples/s]

Casting the dataset: 100%|██████████| 133813/133813 [00:00<00:00, 1466069.36 examples/s]

Casting the dataset: 100%|██████████| 111364/111364 [00:00<00:00, 1438909.46 examples/s]

Casting the dataset:   0%|          | 0/15807 [00:00<?, ? examples/s]
Casting the dataset: 100%|██████████| 49385/49385 [00:00<00:00, 1394092.80 examples/s]

Casting the dataset: 100%|██████████| 15807/15807 [00:00<00:00, 1087409.60 examples/s]

Casting the dataset: 100%|██████████| 119597/119597 [00:00<00:00, 1505702.15 examples/s]

Casting the dataset:   0%|          | 0/88302 [00:00<?, ? examples/s]
Casting the dataset:   0%|          | 0/122586 [00:00<?, ? examples/s]
Generating train split: 187449 examples [00:00, 571444.97 examples/s]
Casting the dataset:   0%|          | 0/40898 [00:00<?, ? examples/s]
Casting the dataset:   0%|          | 0/17822 [00:00<?, ? examples/s]
Generating train split: 204404 examples [00:00, 569552.09 examples/s]

Casting the dataset:   0%|          | 0/83938 [00:00<?, ? examples/s]
Casting the dataset:   0%|          | 0/204404 [00:00<?, ? examples/s]
Casting the dataset: 100%|██████████| 17822/17822 [00:00<00:00, 1161593.83 examples/s]

Casting the dataset:   0%|          | 0/204404 [00:00<?, ? examples/s]
Casting the dataset: 100%|██████████| 40898/40898 [00:00<00:00, 1470591.75 examples/s]

Casting the dataset:   0%|          | 0/105004 [00:00<?, ? examples/s]
Casting the dataset:   0%|          | 0/122586 [00:00<?, ? examples/s]
Casting the dataset:   0%|          | 0/204404 [00:00<?, ? examples/s]
Casting the dataset:   0%|          | 0/204404 [00:00<?, ? examples/s]
Casting the dataset: 100%|██████████| 88302/88302 [00:00<00:00, 1442103.83 examples/s]

Casting the dataset:   0%|          | 0/123343 [00:00<?, ? examples/s]
Casting the dataset:   0%|          | 0/204404 [00:00<?, ? examples/s]
Casting the dataset: 100%|██████████| 122586/122586 [00:00<00:00, 1529645.94 examples/s]

Casting the dataset:   0%|          | 0/204404 [00:00<?, ? examples/s]
Casting the dataset:   0%|          | 0/204404 [00:00<?, ? examples/s]
Casting the dataset: 100%|██████████| 83938/83938 [00:00<00:00, 1459164.98 examples/s]
Casting the dataset:   0%|          | 0/204404 [00:00<?, ? examples/s]

Casting the dataset:   0%|          | 0/83479 [00:00<?, ? examples/s]
Casting the dataset:   0%|          | 0/35970 [00:00<?, ? examples/s]
Casting the dataset:   0%|          | 0/119597 [00:00<?, ? examples/s]
Casting the dataset: 100%|██████████| 105004/105004 [00:00<00:00, 1373638.42 examples/s]

Casting the dataset:  80%|████████  | 164000/204404 [00:00<00:00, 1612010.55 examples/s]
Casting the dataset: 100%|██████████| 122586/122586 [00:00<00:00, 1376136.02 examples/s]

Casting the dataset:   0%|          | 0/8341 [00:00<?, ? examples/s]
Casting the dataset:  74%|███████▍  | 152000/204404 [00:00<00:00, 1498324.81 examples/s]
Casting the dataset: 100%|██████████| 35970/35970 [00:00<00:00, 1307482.64 examples/s]

Casting the dataset:  77%|███████▋  | 158000/204404 [00:00<00:00, 1563871.74 examples/s]
Casting the dataset: 100%|██████████| 8341/8341 [00:00<00:00, 595321.95 examples/s]

Casting the dataset:  73%|███████▎  | 149000/204404 [00:00<00:00, 1469806.17 examples/s]
Casting the dataset: 100%|██████████| 123343/123343 [00:00<00:00, 1311183.75 examples/s]

Casting the dataset: 100%|██████████| 204404/204404 [00:00<00:00, 1545626.09 examples/s]

Casting the dataset: 100%|██████████| 83479/83479 [00:00<00:00, 1410270.44 examples/s]

Casting the dataset:  76%|███████▌  | 155000/204404 [00:00<00:00, 1533479.55 examples/s]
Casting the dataset: 100%|██████████| 204404/204404 [00:00<00:00, 1442208.73 examples/s]

Casting the dataset:  78%|███████▊  | 160000/204404 [00:00<00:00, 1577907.14 examples/s]
Casting the dataset:  78%|███████▊  | 160000/204404 [00:00<00:00, 1583043.71 examples/s]
Casting the dataset:  80%|███████▉  | 163000/204404 [00:00<00:00, 1607028.14 examples/s]
Casting the dataset: 100%|██████████| 204404/204404 [00:00<00:00, 1508771.97 examples/s]

Casting the dataset:   0%|          | 0/5682 [00:00<?, ? examples/s]
Casting the dataset: 100%|██████████| 204404/204404 [00:00<00:00, 1423792.72 examples/s]
Casting the dataset:   0%|          | 0/204404 [00:00<?, ? examples/s]

Casting the dataset: 100%|██████████| 119597/119597 [00:00<00:00, 1579367.83 examples/s]

Casting the dataset: 100%|██████████| 5682/5682 [00:00<00:00, 836710.86 examples/s]

Casting the dataset:   0%|          | 0/49385 [00:00<?, ? examples/s]
Casting the dataset: 100%|██████████| 204404/204404 [00:00<00:00, 1489647.77 examples/s]

Casting the dataset: 100%|██████████| 204404/204404 [00:00<00:00, 1562396.95 examples/s]

Casting the dataset: 100%|██████████| 204404/204404 [00:00<00:00, 1535590.60 examples/s]

Casting the dataset: 100%|██████████| 204404/204404 [00:00<00:00, 1534716.46 examples/s]

Casting the dataset: 100%|██████████| 49385/49385 [00:00<00:00, 1385235.86 examples/s]

Casting the dataset:   0%|          | 0/94104 [00:00<?, ? examples/s]
Casting the dataset:   0%|          | 0/154648 [00:00<?, ? examples/s]
Casting the dataset:   0%|          | 0/69199 [00:00<?, ? examples/s]
Casting the dataset:   0%|          | 0/204404 [00:00<?, ? examples/s]
Casting the dataset:   0%|          | 0/111364 [00:00<?, ? examples/s]
Casting the dataset:   0%|          | 0/123343 [00:00<?, ? examples/s]
Casting the dataset:  82%|████████▏ | 167000/204404 [00:00<00:00, 1648622.91 examples/s]
Casting the dataset: 100%|██████████| 94104/94104 [00:00<00:00, 1439967.25 examples/s]

Casting the dataset: 100%|██████████| 69199/69199 [00:00<00:00, 1406754.76 examples/s]

Casting the dataset:   0%|          | 0/83938 [00:00<?, ? examples/s]
Casting the dataset: 100%|██████████| 204404/204404 [00:00<00:00, 1577649.34 examples/s]

Casting the dataset: 100%|██████████| 111364/111364 [00:00<00:00, 1484710.80 examples/s]

Casting the dataset:  98%|█████████▊| 152000/154648 [00:00<00:00, 1503951.84 examples/s]
Casting the dataset: 100%|██████████| 154648/154648 [00:00<00:00, 1436288.30 examples/s]

Casting the dataset:   0%|          | 0/30875 [00:00<?, ? examples/s]
Casting the dataset:  73%|███████▎  | 150000/204404 [00:00<00:00, 1477481.49 examples/s]
Casting the dataset: 100%|██████████| 123343/123343 [00:00<00:00, 1551638.62 examples/s]

Casting the dataset: 100%|██████████| 83938/83938 [00:00<00:00, 1454505.03 examples/s]

Casting the dataset: 100%|██████████| 30875/30875 [00:00<00:00, 1288292.24 examples/s]

Casting the dataset:   0%|          | 0/89501 [00:00<?, ? examples/s]
Generating train split: 0 examples [00:00, ? examples/s]
Casting the dataset: 100%|██████████| 204404/204404 [00:00<00:00, 1414135.73 examples/s]

Casting the dataset:   0%|          | 0/40898 [00:00<?, ? examples/s]
Casting the dataset:   0%|          | 0/8341 [00:00<?, ? examples/s]
Casting the dataset: 100%|██████████| 8341/8341 [00:00<00:00, 868990.53 examples/s]

Casting the dataset:   0%|          | 0/47437 [00:00<?, ? examples/s]
Casting the dataset:   0%|          | 0/56328 [00:00<?, ? examples/s]
Casting the dataset: 100%|██████████| 89501/89501 [00:00<00:00, 1456456.58 examples/s]

Casting the dataset:   0%|          | 0/94104 [00:00<?, ? examples/s]
Casting the dataset: 100%|██████████| 40898/40898 [00:00<00:00, 982308.94 examples/s]

Casting the dataset: 100%|██████████| 47437/47437 [00:00<00:00, 1375845.87 examples/s]

Casting the dataset:   0%|          | 0/5682 [00:00<?, ? examples/s]
Casting the dataset: 100%|██████████| 56328/56328 [00:00<00:00, 1403091.50 examples/s]

Casting the dataset: 100%|██████████| 5682/5682 [00:00<00:00, 754703.76 examples/s]

Generating train split: 36391 examples [00:00, 342485.70 examples/s]
Casting the dataset:   0%|          | 0/29306 [00:00<?, ? examples/s]
Casting the dataset: 100%|██████████| 94104/94104 [00:00<00:00, 1454882.10 examples/s]

Casting the dataset: 100%|██████████| 29306/29306 [00:00<00:00, 1330313.13 examples/s]

Casting the dataset:   0%|          | 0/119597 [00:00<?, ? examples/s]
Casting the dataset:   0%|          | 0/93187 [00:00<?, ? examples/s]
Casting the dataset:   0%|          | 0/69199 [00:00<?, ? examples/s]
Casting the dataset:   0%|          | 0/115076 [00:00<?, ? examples/s]
Casting the dataset:   0%|          | 0/45695 [00:00<?, ? examples/s]
Casting the dataset: 100%|██████████| 69199/69199 [00:00<00:00, 1438712.99 examples/s]

Casting the dataset:   0%|          | 0/89501 [00:00<?, ? examples/s]
Casting the dataset: 100%|██████████| 93187/93187 [00:00<00:00, 1557369.60 examples/s]

Casting the dataset: 100%|██████████| 45695/45695 [00:00<00:00, 1392130.06 examples/s]

Generating train split: 93367 examples [00:00, 428075.74 examples/s]
Casting the dataset: 100%|██████████| 119597/119597 [00:00<00:00, 1476217.76 examples/s]

Casting the dataset: 100%|██████████| 115076/115076 [00:00<00:00, 1476135.17 examples/s]

Casting the dataset:   0%|          | 0/30875 [00:00<?, ? examples/s]
Casting the dataset: 100%|██████████| 89501/89501 [00:00<00:00, 1488242.95 examples/s]

Casting the dataset:   0%|          | 0/58742 [00:00<?, ? examples/s]
Casting the dataset:   0%|          | 0/94634 [00:00<?, ? examples/s]
Casting the dataset: 100%|██████████| 30875/30875 [00:00<00:00, 1311264.15 examples/s]

Casting the dataset:   0%|          | 0/123343 [00:00<?, ? examples/s]
Generating train split: 150253 examples [00:00, 485053.53 examples/s]
Casting the dataset:   0%|          | 0/29306 [00:00<?, ? examples/s]
Casting the dataset: 100%|██████████| 58742/58742 [00:00<00:00, 1373090.16 examples/s]

Casting the dataset: 100%|██████████| 29306/29306 [00:00<00:00, 1314605.82 examples/s]

Casting the dataset:   0%|          | 0/56328 [00:00<?, ? examples/s]
Casting the dataset: 100%|██████████| 94634/94634 [00:00<00:00, 1500469.75 examples/s]

Casting the dataset:   0%|          | 0/109917 [00:00<?, ? examples/s]
Casting the dataset: 100%|██████████| 56328/56328 [00:00<00:00, 1407505.02 examples/s]

Casting the dataset: 100%|██████████| 123343/123343 [00:00<00:00, 1485101.39 examples/s]

Casting the dataset:   0%|          | 0/45695 [00:00<?, ? examples/s]
Casting the dataset:   0%|          | 0/82312 [00:00<?, ? examples/s]
Casting the dataset:   0%|          | 0/52520 [00:00<?, ? examples/s]
Casting the dataset: 100%|██████████| 45695/45695 [00:00<00:00, 1332119.70 examples/s]

Generating train split: 213371 examples [00:00, 506857.17 examples/s]
Casting the dataset: 100%|██████████| 52520/52520 [00:00<00:00, 1417041.99 examples/s]

Casting the dataset: 100%|██████████| 109917/109917 [00:00<00:00, 1495558.38 examples/s]

Casting the dataset:   0%|          | 0/93187 [00:00<?, ? examples/s]
Casting the dataset: 100%|██████████| 82312/82312 [00:00<00:00, 1428004.68 examples/s]

Generating train split: 235927 examples [00:00, 494237.54 examples/s]

Casting the dataset:   0%|          | 0/94104 [00:00<?, ? examples/s]
Casting the dataset:   0%|          | 0/15807 [00:00<?, ? examples/s]
Casting the dataset:   0%|          | 0/235927 [00:00<?, ? examples/s]
Casting the dataset:   0%|          | 0/235927 [00:00<?, ? examples/s]
Casting the dataset: 100%|██████████| 15807/15807 [00:00<00:00, 1178843.96 examples/s]

Casting the dataset:   0%|          | 0/235927 [00:00<?, ? examples/s]
Casting the dataset:   0%|          | 0/235927 [00:00<?, ? examples/s]
Casting the dataset:   0%|          | 0/58742 [00:00<?, ? examples/s]
Casting the dataset:   0%|          | 0/235927 [00:00<?, ? examples/s]
Casting the dataset:   0%|          | 0/11357 [00:00<?, ? examples/s]
Casting the dataset:   0%|          | 0/235927 [00:00<?, ? examples/s]
Casting the dataset: 100%|██████████| 93187/93187 [00:00<00:00, 1434381.47 examples/s]

Casting the dataset: 100%|██████████| 11357/11357 [00:00<00:00, 1036370.79 examples/s]

Casting the dataset:   0%|          | 0/235927 [00:00<?, ? examples/s]
Casting the dataset:   0%|          | 0/235927 [00:00<?, ? examples/s]
Casting the dataset: 100%|██████████| 94104/94104 [00:00<00:00, 1517362.11 examples/s]

Casting the dataset:   0%|          | 0/88302 [00:00<?, ? examples/s]
Casting the dataset: 100%|██████████| 58742/58742 [00:00<00:00, 1403149.38 examples/s]

Casting the dataset:   0%|          | 0/235927 [00:00<?, ? examples/s]
Casting the dataset:   0%|          | 0/122586 [00:00<?, ? examples/s]
Casting the dataset:   0%|          | 0/235927 [00:00<?, ? examples/s]
Casting the dataset:  63%|██████▎   | 148000/235927 [00:00<00:00, 1458514.72 examples/s]
Casting the dataset:  65%|██████▍   | 153000/235927 [00:00<00:00, 1501214.14 examples/s]
Casting the dataset:  67%|██████▋   | 157000/235927 [00:00<00:00, 1546230.91 examples/s]
Casting the dataset:  67%|██████▋   | 159000/235927 [00:00<00:00, 1569857.57 examples/s]
Casting the dataset:   0%|          | 0/94634 [00:00<?, ? examples/s]
Casting the dataset: 100%|██████████| 88302/88302 [00:00<00:00, 1380188.98 examples/s]

Casting the dataset:   0%|          | 0/89501 [00:00<?, ? examples/s]
Casting the dataset:  64%|██████▍   | 152000/235927 [00:00<00:00, 1499272.65 examples/s]
Casting the dataset:  71%|███████   | 167000/235927 [00:00<00:00, 1643844.62 examples/s]
Casting the dataset:  71%|███████   | 168000/235927 [00:00<00:00, 1660589.85 examples/s]
Casting the dataset:  73%|███████▎  | 172000/235927 [00:00<00:00, 1693518.58 examples/s]
Casting the dataset: 100%|██████████| 122586/122586 [00:00<00:00, 1486969.86 examples/s]

Casting the dataset: 100%|██████████| 235927/235927 [00:00<00:00, 1486356.93 examples/s]

Casting the dataset: 100%|██████████| 235927/235927 [00:00<00:00, 1489103.62 examples/s]

Casting the dataset: 100%|██████████| 235927/235927 [00:00<00:00, 1427855.51 examples/s]

Casting the dataset: 100%|██████████| 235927/235927 [00:00<00:00, 1384816.29 examples/s]

Casting the dataset:  73%|███████▎  | 173000/235927 [00:00<00:00, 1706156.22 examples/s]
Casting the dataset:   0%|          | 0/35970 [00:00<?, ? examples/s]
Casting the dataset: 100%|██████████| 94634/94634 [00:00<00:00, 1513814.84 examples/s]

Casting the dataset: 100%|██████████| 235927/235927 [00:00<00:00, 1599383.16 examples/s]
Casting the dataset:   0%|          | 0/82312 [00:00<?, ? examples/s]

Casting the dataset: 100%|██████████| 89501/89501 [00:00<00:00, 1502990.42 examples/s]

Casting the dataset: 100%|██████████| 235927/235927 [00:00<00:00, 1460538.02 examples/s]

Casting the dataset: 100%|██████████| 235927/235927 [00:00<00:00, 1642555.85 examples/s]

Casting the dataset:   0%|          | 0/130894 [00:00<?, ? examples/s]
Casting the dataset: 100%|██████████| 235927/235927 [00:00<00:00, 1607996.13 examples/s]

Casting the dataset:  55%|█████▍    | 129000/235927 [00:00<00:00, 1265111.03 examples/s]
Casting the dataset: 100%|██████████| 35970/35970 [00:00<00:00, 1332483.53 examples/s]

Casting the dataset: 100%|██████████| 235927/235927 [00:00<00:00, 1659502.22 examples/s]

Casting the dataset:   0%|          | 0/29306 [00:00<?, ? examples/s]
Casting the dataset: 100%|██████████| 82312/82312 [00:00<00:00, 1436531.23 examples/s]

Casting the dataset:   0%|          | 0/52520 [00:00<?, ? examples/s]
Casting the dataset: 100%|██████████| 29306/29306 [00:00<00:00, 1330903.70 examples/s]

Casting the dataset:   0%|          | 0/49385 [00:00<?, ? examples/s]
Casting the dataset: 100%|██████████| 52520/52520 [00:00<00:00, 1390292.19 examples/s]
Casting the dataset: 100%|██████████| 130894/130894 [00:00<00:00, 1481806.28 examples/s]

Casting the dataset:   0%|          | 0/204404 [00:00<?, ? examples/s]

Casting the dataset: 100%|██████████| 235927/235927 [00:00<00:00, 1256510.24 examples/s]

Casting the dataset: 100%|██████████| 49385/49385 [00:00<00:00, 1378607.01 examples/s]

Casting the dataset:   0%|          | 0/45695 [00:00<?, ? examples/s]
Casting the dataset:   0%|          | 0/15807 [00:00<?, ? examples/s]
Casting the dataset:   0%|          | 0/88302 [00:00<?, ? examples/s]
Casting the dataset: 100%|██████████| 15807/15807 [00:00<00:00, 996353.63 examples/s]

Casting the dataset: 100%|██████████| 45695/45695 [00:00<00:00, 1417384.42 examples/s]

Casting the dataset:   0%|          | 0/83938 [00:00<?, ? examples/s]
Generating train split: 0 examples [00:00, ? examples/s]
Casting the dataset:  79%|███████▉  | 162000/204404 [00:00<00:00, 1603902.48 examples/s]
Casting the dataset: 100%|██████████| 88302/88302 [00:00<00:00, 1407040.54 examples/s]

Casting the dataset:   0%|          | 0/58742 [00:00<?, ? examples/s]
Casting the dataset:   0%|          | 0/122586 [00:00<?, ? examples/s]
Casting the dataset: 100%|██████████| 204404/204404 [00:00<00:00, 1543461.22 examples/s]

Casting the dataset: 100%|██████████| 83938/83938 [00:00<00:00, 1445303.54 examples/s]

Casting the dataset: 100%|██████████| 58742/58742 [00:00<00:00, 1446564.77 examples/s]

Casting the dataset:   0%|          | 0/35970 [00:00<?, ? examples/s]
Casting the dataset:   0%|          | 0/136953 [00:00<?, ? examples/s]
Casting the dataset:   0%|          | 0/8341 [00:00<?, ? examples/s]
Casting the dataset: 100%|██████████| 8341/8341 [00:00<00:00, 955161.21 examples/s]

Generating train split: 51858 examples [00:00, 495049.05 examples/s]
Casting the dataset: 100%|██████████| 35970/35970 [00:00<00:00, 1318843.61 examples/s]

Casting the dataset: 100%|██████████| 122586/122586 [00:00<00:00, 1501407.34 examples/s]

Casting the dataset:   0%|          | 0/5682 [00:00<?, ? examples/s]
Casting the dataset:   0%|          | 0/82312 [00:00<?, ? examples/s]
Casting the dataset: 100%|██████████| 5682/5682 [00:00<00:00, 817705.79 examples/s]

Casting the dataset:   0%|          | 0/49385 [00:00<?, ? examples/s]
Casting the dataset:   0%|          | 0/235927 [00:00<?, ? examples/s]
Casting the dataset: 100%|██████████| 136953/136953 [00:00<00:00, 1492177.07 examples/s]

Casting the dataset: 100%|██████████| 49385/49385 [00:00<00:00, 1420966.47 examples/s]

Casting the dataset: 100%|██████████| 82312/82312 [00:00<00:00, 1499915.50 examples/s]

Generating train split: 104834 examples [00:00, 504261.85 examples/s]
Casting the dataset:   0%|          | 0/69199 [00:00<?, ? examples/s]
Casting the dataset:   0%|          | 0/204404 [00:00<?, ? examples/s]
Casting the dataset: 100%|██████████| 69199/69199 [00:00<00:00, 1399119.01 examples/s]

Casting the dataset:   0%|          | 0/88302 [00:00<?, ? examples/s]
Casting the dataset:   0%|          | 0/83938 [00:00<?, ? examples/s]
Casting the dataset:  67%|██████▋   | 157000/235927 [00:00<00:00, 1549928.51 examples/s]
Generating train split: 165238 examples [00:00, 544455.81 examples/s]
Casting the dataset:   0%|          | 0/76610 [00:00<?, ? examples/s]
Casting the dataset:   0%|          | 0/30875 [00:00<?, ? examples/s]
Casting the dataset: 100%|██████████| 83938/83938 [00:00<00:00, 1491432.07 examples/s]

Casting the dataset: 100%|██████████| 88302/88302 [00:00<00:00, 1502929.57 examples/s]

Casting the dataset: 100%|██████████| 235927/235927 [00:00<00:00, 1494659.16 examples/s]

Casting the dataset:  78%|███████▊  | 160000/204404 [00:00<00:00, 1579905.69 examples/s]
Casting the dataset: 100%|██████████| 30875/30875 [00:00<00:00, 1262470.13 examples/s]

Casting the dataset: 100%|██████████| 76610/76610 [00:00<00:00, 1447712.72 examples/s]

Casting the dataset: 100%|██████████| 204404/204404 [00:00<00:00, 1522679.51 examples/s]

Casting the dataset:   0%|          | 0/8341 [00:00<?, ? examples/s]
Casting the dataset:   0%|          | 0/35970 [00:00<?, ? examples/s]
Casting the dataset: 100%|██████████| 8341/8341 [00:00<00:00, 949149.18 examples/s]

Casting the dataset:   0%|          | 0/56328 [00:00<?, ? examples/s]
Casting the dataset: 100%|██████████| 35970/35970 [00:00<00:00, 1408517.39 examples/s]

Generating train split: 224677 examples [00:00, 562151.09 examples/s]
Generating train split: 226833 examples [00:00, 548840.69 examples/s]

Casting the dataset:   0%|          | 0/226833 [00:00<?, ? examples/s]
Casting the dataset:   0%|          | 0/226833 [00:00<?, ? examples/s]
Casting the dataset:   0%|          | 0/226833 [00:00<?, ? examples/s]
Casting the dataset: 100%|██████████| 56328/56328 [00:00<00:00, 1380238.22 examples/s]

Casting the dataset:   0%|          | 0/5682 [00:00<?, ? examples/s]
Casting the dataset: 100%|██████████| 5682/5682 [00:00<00:00, 810172.54 examples/s]

Casting the dataset:   0%|          | 0/226833 [00:00<?, ? examples/s]
Casting the dataset:   0%|          | 0/226833 [00:00<?, ? examples/s]
Casting the dataset:   0%|          | 0/49385 [00:00<?, ? examples/s]
Casting the dataset:   0%|          | 0/226833 [00:00<?, ? examples/s]
Casting the dataset:   0%|          | 0/226833 [00:00<?, ? examples/s]
Casting the dataset:   0%|          | 0/226833 [00:00<?, ? examples/s]
Casting the dataset:   0%|          | 0/226833 [00:00<?, ? examples/s]
Casting the dataset:   0%|          | 0/226833 [00:00<?, ? examples/s]
Casting the dataset:   0%|          | 0/226833 [00:00<?, ? examples/s]
Casting the dataset: 100%|██████████| 49385/49385 [00:00<00:00, 1458753.50 examples/s]

Casting the dataset:   0%|          | 0/93187 [00:00<?, ? examples/s]
Casting the dataset:   0%|          | 0/235927 [00:00<?, ? examples/s]
Casting the dataset:   0%|          | 0/69199 [00:00<?, ? examples/s]
Casting the dataset:  77%|███████▋  | 174000/226833 [00:00<00:00, 1717217.60 examples/s]
Casting the dataset:  66%|██████▌   | 150000/226833 [00:00<00:00, 1475468.34 examples/s]
Casting the dataset:  66%|██████▌   | 149000/226833 [00:00<00:00, 1467417.96 examples/s]
Casting the dataset:   0%|          | 0/162024 [00:00<?, ? examples/s]
Casting the dataset:  63%|██████▎   | 142000/226833 [00:00<00:00, 1397215.77 examples/s]
Casting the dataset:  73%|███████▎  | 166000/226833 [00:00<00:00, 1645839.90 examples/s]
Casting the dataset:   0%|          | 0/83938 [00:00<?, ? examples/s]
Casting the dataset:  74%|███████▍  | 168000/226833 [00:00<00:00, 1662262.56 examples/s]
Casting the dataset: 100%|██████████| 93187/93187 [00:00<00:00, 1497125.70 examples/s]

Casting the dataset: 100%|██████████| 226833/226833 [00:00<00:00, 1634924.24 examples/s]

Casting the dataset:  73%|███████▎  | 166000/226833 [00:00<00:00, 1638893.64 examples/s]
Casting the dataset:  76%|███████▌  | 172000/226833 [00:00<00:00, 1699747.16 examples/s]
Casting the dataset:  71%|███████   | 161000/226833 [00:00<00:00, 1581173.76 examples/s]
Casting the dataset:  77%|███████▋  | 175000/226833 [00:00<00:00, 1730062.41 examples/s]
Casting the dataset:  77%|███████▋  | 175000/226833 [00:00<00:00, 1723428.90 examples/s]
Casting the dataset: 100%|██████████| 69199/69199 [00:00<00:00, 1351155.17 examples/s]

Casting the dataset: 100%|██████████| 226833/226833 [00:00<00:00, 1410810.04 examples/s]

Casting the dataset: 100%|██████████| 226833/226833 [00:00<00:00, 1403331.10 examples/s]

Casting the dataset: 100%|██████████| 226833/226833 [00:00<00:00, 1579349.67 examples/s]

Casting the dataset: 100%|██████████| 226833/226833 [00:00<00:00, 1593683.20 examples/s]

Casting the dataset:  64%|██████▎   | 150000/235927 [00:00<00:00, 1485484.11 examples/s]
Casting the dataset: 100%|██████████| 226833/226833 [00:00<00:00, 1640062.06 examples/s]

Casting the dataset: 100%|██████████| 226833/226833 [00:00<00:00, 1622480.87 examples/s]
Casting the dataset: 100%|██████████| 226833/226833 [00:00<00:00, 1640146.88 examples/s]
Casting the dataset: 100%|██████████| 226833/226833 [00:00<00:00, 1575343.35 examples/s]



Casting the dataset: 100%|██████████| 83938/83938 [00:00<00:00, 1497108.32 examples/s]

Casting the dataset: 100%|██████████| 226833/226833 [00:00<00:00, 1532699.83 examples/s]

Casting the dataset: 100%|██████████| 226833/226833 [00:00<00:00, 1340740.04 examples/s]

Casting the dataset:   0%|          | 0/94634 [00:00<?, ? examples/s]
Casting the dataset:   0%|          | 0/30875 [00:00<?, ? examples/s]
Casting the dataset:  94%|█████████▍| 152000/162024 [00:00<00:00, 1502597.78 examples/s]
Casting the dataset:   0%|          | 0/8341 [00:00<?, ? examples/s]
Casting the dataset: 100%|██████████| 30875/30875 [00:00<00:00, 1313032.43 examples/s]

Casting the dataset: 100%|██████████| 235927/235927 [00:00<00:00, 1449258.80 examples/s]
Casting the dataset: 100%|██████████| 162024/162024 [00:00<00:00, 1435077.14 examples/s]


Casting the dataset: 100%|██████████| 8341/8341 [00:00<00:00, 927016.87 examples/s]

Casting the dataset: 100%|██████████| 94634/94634 [00:00<00:00, 1483139.65 examples/s]

Casting the dataset:   0%|          | 0/5682 [00:00<?, ? examples/s]
Casting the dataset: 100%|██████████| 5682/5682 [00:00<00:00, 793000.21 examples/s]

Casting the dataset:   0%|          | 0/56328 [00:00<?, ? examples/s]
Generating train split: 0 examples [00:00, ? examples/s]
Casting the dataset:   0%|          | 0/52520 [00:00<?, ? examples/s]
Casting the dataset: 100%|██████████| 56328/56328 [00:00<00:00, 1396423.81 examples/s]

Casting the dataset:   0%|          | 0/69199 [00:00<?, ? examples/s]
Casting the dataset: 100%|██████████| 52520/52520 [00:00<00:00, 1421073.37 examples/s]

Casting the dataset:   0%|          | 0/226833 [00:00<?, ? examples/s]
Casting the dataset:   0%|          | 0/15807 [00:00<?, ? examples/s]
Casting the dataset: 100%|██████████| 69199/69199 [00:00<00:00, 1491639.09 examples/s]

Casting the dataset:   0%|          | 0/93187 [00:00<?, ? examples/s]
Casting the dataset: 100%|██████████| 15807/15807 [00:00<00:00, 1196739.41 examples/s]

Generating train split: 56525 examples [00:00, 554055.30 examples/s]
Casting the dataset:   0%|          | 0/30875 [00:00<?, ? examples/s]
Casting the dataset:   0%|          | 0/151859 [00:00<?, ? examples/s]
Casting the dataset: 100%|██████████| 93187/93187 [00:00<00:00, 1621662.04 examples/s]

Casting the dataset: 100%|██████████| 30875/30875 [00:00<00:00, 1345529.45 examples/s]

Casting the dataset:  74%|███████▎  | 167000/226833 [00:00<00:00, 1646317.36 examples/s]
Casting the dataset:   0%|          | 0/122586 [00:00<?, ? examples/s]
Casting the dataset: 100%|██████████| 226833/226833 [00:00<00:00, 1589707.51 examples/s]

Casting the dataset:   0%|          | 0/56328 [00:00<?, ? examples/s]
Generating train split: 123805 examples [00:00, 567465.30 examples/s]
Casting the dataset:   0%|          | 0/94634 [00:00<?, ? examples/s]
Casting the dataset: 100%|██████████| 151859/151859 [00:00<00:00, 1496509.35 examples/s]

Casting the dataset: 100%|██████████| 122586/122586 [00:00<00:00, 1503972.12 examples/s]

Casting the dataset: 100%|██████████| 56328/56328 [00:00<00:00, 1441380.98 examples/s]

Generating train split: 163458 examples [00:00, 584517.24 examples/s]

Casting the dataset: 100%|██████████| 94634/94634 [00:00<00:00, 1523021.48 examples/s]

Casting the dataset:   0%|          | 0/163458 [00:00<?, ? examples/s]
Casting the dataset:   0%|          | 0/163458 [00:00<?, ? examples/s]
Casting the dataset:   0%|          | 0/163458 [00:00<?, ? examples/s]
Casting the dataset:   0%|          | 0/163458 [00:00<?, ? examples/s]
Casting the dataset:   0%|          | 0/163458 [00:00<?, ? examples/s]
Casting the dataset:   0%|          | 0/163458 [00:00<?, ? examples/s]
Casting the dataset:   0%|          | 0/93187 [00:00<?, ? examples/s]
Casting the dataset:   0%|          | 0/163458 [00:00<?, ? examples/s]
Casting the dataset:   0%|          | 0/163458 [00:00<?, ? examples/s]
Casting the dataset:   0%|          | 0/163458 [00:00<?, ? examples/s]
Casting the dataset:   0%|          | 0/163458 [00:00<?, ? examples/s]
Casting the dataset:   0%|          | 0/163458 [00:00<?, ? examples/s]
Casting the dataset:   0%|          | 0/52520 [00:00<?, ? examples/s]
Casting the dataset:   0%|          | 0/17822 [00:00<?, ? examples/s]
Casting the dataset:   0%|          | 0/163458 [00:00<?, ? examples/s]
Casting the dataset:   0%|          | 0/204404 [00:00<?, ? examples/s]
Casting the dataset: 100%|██████████| 93187/93187 [00:00<00:00, 1477018.74 examples/s]

Casting the dataset: 100%|██████████| 17822/17822 [00:00<00:00, 742511.75 examples/s]

Casting the dataset: 100%|██████████| 52520/52520 [00:00<00:00, 1379755.39 examples/s]

Casting the dataset: 100%|██████████| 163458/163458 [00:00<00:00, 1615515.68 examples/s]

Casting the dataset: 100%|██████████| 163458/163458 [00:00<00:00, 1601500.01 examples/s]

Casting the dataset: 100%|██████████| 163458/163458 [00:00<00:00, 1565540.70 examples/s]

Casting the dataset:  95%|█████████▍| 155000/163458 [00:00<00:00, 1526239.83 examples/s]
Casting the dataset: 100%|██████████| 163458/163458 [00:00<00:00, 1646230.73 examples/s]

Casting the dataset:  97%|█████████▋| 158000/163458 [00:00<00:00, 1563133.99 examples/s]
Casting the dataset: 100%|██████████| 163458/163458 [00:00<00:00, 1585148.42 examples/s]
Casting the dataset:  79%|███████▉  | 129000/163458 [00:00<00:00, 1269897.47 examples/s]

Casting the dataset: 100%|██████████| 163458/163458 [00:00<00:00, 1627731.91 examples/s]

Casting the dataset: 100%|██████████| 163458/163458 [00:00<00:00, 1444395.73 examples/s]

Casting the dataset: 100%|██████████| 163458/163458 [00:00<00:00, 1481849.62 examples/s]

Casting the dataset: 100%|█████████▉| 163000/163458 [00:00<00:00, 1605692.03 examples/s]
Casting the dataset:   0%|          | 0/15807 [00:00<?, ? examples/s]
Casting the dataset: 100%|██████████| 163458/163458 [00:00<00:00, 1523041.46 examples/s]

Casting the dataset:  95%|█████████▍| 155000/163458 [00:00<00:00, 1525044.03 examples/s]
Casting the dataset: 100%|██████████| 15807/15807 [00:00<00:00, 1174749.96 examples/s]

Casting the dataset: 100%|██████████| 163458/163458 [00:00<00:00, 1228365.49 examples/s]

Casting the dataset:   0%|          | 0/94634 [00:00<?, ? examples/s]
Casting the dataset: 100%|██████████| 163458/163458 [00:00<00:00, 1432376.20 examples/s]

Casting the dataset: 100%|██████████| 163458/163458 [00:00<00:00, 1572831.52 examples/s]

Casting the dataset:  77%|███████▋  | 158000/204404 [00:00<00:00, 1550948.27 examples/s]
Casting the dataset:   0%|          | 0/83479 [00:00<?, ? examples/s]
Casting the dataset: 100%|██████████| 204404/204404 [00:00<00:00, 1500656.42 examples/s]

Casting the dataset: 100%|██████████| 94634/94634 [00:00<00:00, 1483233.86 examples/s]

Casting the dataset:   0%|          | 0/122586 [00:00<?, ? examples/s]
Casting the dataset: 100%|██████████| 83479/83479 [00:00<00:00, 1332705.19 examples/s]

Casting the dataset:   0%|          | 0/52520 [00:00<?, ? examples/s]
Generating train split: 0 examples [00:00, ? examples/s]
Casting the dataset: 100%|██████████| 122586/122586 [00:00<00:00, 1528777.25 examples/s]

Casting the dataset: 100%|██████████| 52520/52520 [00:00<00:00, 1466112.35 examples/s]

Casting the dataset:   0%|          | 0/111364 [00:00<?, ? examples/s]
Casting the dataset:   0%|          | 0/235927 [00:00<?, ? examples/s]
Casting the dataset:   0%|          | 0/15807 [00:00<?, ? examples/s]
Casting the dataset: 100%|██████████| 15807/15807 [00:00<00:00, 1200553.44 examples/s]

Generating train split: 57274 examples [00:00, 531211.73 examples/s]
Casting the dataset: 100%|██████████| 111364/111364 [00:00<00:00, 1478203.19 examples/s]

Casting the dataset:   0%|          | 0/122586 [00:00<?, ? examples/s]
Casting the dataset:  66%|██████▌   | 156000/235927 [00:00<00:00, 1533232.16 examples/s]
Casting the dataset:   0%|          | 0/204404 [00:00<?, ? examples/s]
Casting the dataset:   0%|          | 0/40898 [00:00<?, ? examples/s]
Casting the dataset: 100%|██████████| 235927/235927 [00:00<00:00, 1483951.87 examples/s]

Generating train split: 125233 examples [00:00, 577689.39 examples/s]
Casting the dataset: 100%|██████████| 122586/122586 [00:00<00:00, 1546559.39 examples/s]

Casting the dataset: 100%|██████████| 40898/40898 [00:00<00:00, 1441246.88 examples/s]

Casting the dataset:  78%|███████▊  | 159000/204404 [00:00<00:00, 1575267.77 examples/s]
Casting the dataset: 100%|██████████| 204404/204404 [00:00<00:00, 1500737.85 examples/s]

Casting the dataset:   0%|          | 0/119597 [00:00<?, ? examples/s]
Generating train split: 188977 examples [00:00, 590885.67 examples/s]
Casting the dataset:   0%|          | 0/204404 [00:00<?, ? examples/s]
Casting the dataset:   0%|          | 0/226833 [00:00<?, ? examples/s]
Generating train split: 209498 examples [00:00, 590320.33 examples/s]

Casting the dataset:   0%|          | 0/209498 [00:00<?, ? examples/s]
Casting the dataset:   0%|          | 0/209498 [00:00<?, ? examples/s]
Casting the dataset:   0%|          | 0/209498 [00:00<?, ? examples/s]
Casting the dataset:   0%|          | 0/209498 [00:00<?, ? examples/s]
Casting the dataset: 100%|██████████| 119597/119597 [00:00<00:00, 1588354.50 examples/s]

Casting the dataset:   0%|          | 0/209498 [00:00<?, ? examples/s]
Casting the dataset:   0%|          | 0/209498 [00:00<?, ? examples/s]
Casting the dataset:   0%|          | 0/209498 [00:00<?, ? examples/s]
Casting the dataset:   0%|          | 0/209498 [00:00<?, ? examples/s]
Casting the dataset:   0%|          | 0/209498 [00:00<?, ? examples/s]
Casting the dataset:   0%|          | 0/209498 [00:00<?, ? examples/s]
Casting the dataset:   0%|          | 0/209498 [00:00<?, ? examples/s]
Casting the dataset:   0%|          | 0/235927 [00:00<?, ? examples/s]
Casting the dataset:  80%|████████  | 164000/204404 [00:00<00:00, 1616891.01 examples/s]
Casting the dataset:  74%|███████▎  | 167000/226833 [00:00<00:00, 1652021.29 examples/s]
Casting the dataset:   0%|          | 0/209498 [00:00<?, ? examples/s]
Casting the dataset:  81%|████████  | 170000/209498 [00:00<00:00, 1676751.06 examples/s]
Casting the dataset:   0%|          | 0/123343 [00:00<?, ? examples/s]
Casting the dataset:  80%|████████  | 168000/209498 [00:00<00:00, 1662203.74 examples/s]
Casting the dataset:  72%|███████▏  | 150000/209498 [00:00<00:00, 1478505.76 examples/s]
Casting the dataset:  72%|███████▏  | 151000/209498 [00:00<00:00, 1491752.43 examples/s]
Casting the dataset: 100%|██████████| 204404/204404 [00:00<00:00, 1527592.94 examples/s]

Casting the dataset:  79%|███████▉  | 165000/209498 [00:00<00:00, 1628533.95 examples/s]
Casting the dataset: 100%|██████████| 226833/226833 [00:00<00:00, 1586095.27 examples/s]

Casting the dataset:  75%|███████▌  | 158000/209498 [00:00<00:00, 1559602.44 examples/s]
Casting the dataset: 100%|██████████| 209498/209498 [00:00<00:00, 1605133.62 examples/s]

Casting the dataset: 100%|██████████| 209498/209498 [00:00<00:00, 1591951.45 examples/s]

Casting the dataset:  84%|████████▍ | 176000/209498 [00:00<00:00, 1733924.39 examples/s]
Casting the dataset:  80%|███████▉  | 167000/209498 [00:00<00:00, 1649442.06 examples/s]
Casting the dataset: 100%|██████████| 209498/209498 [00:00<00:00, 1547679.80 examples/s]

Casting the dataset:  78%|███████▊  | 163000/209498 [00:00<00:00, 1605047.42 examples/s]
Casting the dataset:  85%|████████▍ | 178000/209498 [00:00<00:00, 1748080.87 examples/s]
Casting the dataset: 100%|██████████| 209498/209498 [00:00<00:00, 1427090.74 examples/s]

Casting the dataset: 100%|██████████| 209498/209498 [00:00<00:00, 1412589.22 examples/s]

Casting the dataset:  84%|████████▎ | 175000/209498 [00:00<00:00, 1728282.25 examples/s]
Casting the dataset: 100%|██████████| 209498/209498 [00:00<00:00, 1656436.78 examples/s]

Casting the dataset: 100%|██████████| 209498/209498 [00:00<00:00, 1500368.48 examples/s]

Casting the dataset: 100%|██████████| 209498/209498 [00:00<00:00, 1586252.63 examples/s]

Casting the dataset:  63%|██████▎   | 148000/235927 [00:00<00:00, 1453998.40 examples/s]
Casting the dataset: 100%|██████████| 209498/209498 [00:00<00:00, 1668277.23 examples/s]

Casting the dataset: 100%|██████████| 209498/209498 [00:00<00:00, 1643809.37 examples/s]

Casting the dataset: 100%|██████████| 209498/209498 [00:00<00:00, 1535777.73 examples/s]

Casting the dataset:  54%|█████▍    | 114000/209498 [00:00<00:00, 1113545.00 examples/s]
Casting the dataset:  97%|█████████▋| 120000/123343 [00:00<00:00, 1175346.96 examples/s]
Casting the dataset: 100%|██████████| 123343/123343 [00:00<00:00, 1137969.57 examples/s]

Casting the dataset: 100%|██████████| 235927/235927 [00:00<00:00, 1421617.50 examples/s]

Casting the dataset:   0%|          | 0/163458 [00:00<?, ? examples/s]
Casting the dataset: 100%|██████████| 209498/209498 [00:00<00:00, 1282142.34 examples/s]

Casting the dataset:   0%|          | 0/235927 [00:00<?, ? examples/s]
Generating train split: 0 examples [00:00, ? examples/s]
Casting the dataset:   0%|          | 0/94104 [00:00<?, ? examples/s]
Casting the dataset: 100%|██████████| 163458/163458 [00:00<00:00, 1582583.41 examples/s]

Casting the dataset:  68%|██████▊   | 160000/235927 [00:00<00:00, 1582756.23 examples/s]
Casting the dataset: 100%|██████████| 94104/94104 [00:00<00:00, 1500033.38 examples/s]

Casting the dataset:   0%|          | 0/226833 [00:00<?, ? examples/s]
Generating train split: 62291 examples [00:00, 568359.32 examples/s]
Generating train split: 68009 examples [00:00, 582480.13 examples/s]

Casting the dataset:   0%|          | 0/68009 [00:00<?, ? examples/s]
Casting the dataset: 100%|██████████| 235927/235927 [00:00<00:00, 1539393.05 examples/s]
Casting the dataset:   0%|          | 0/68009 [00:00<?, ? examples/s]

Casting the dataset:   0%|          | 0/68009 [00:00<?, ? examples/s]
Casting the dataset:   0%|          | 0/68009 [00:00<?, ? examples/s]
Casting the dataset:   0%|          | 0/68009 [00:00<?, ? examples/s]
Casting the dataset:   0%|          | 0/68009 [00:00<?, ? examples/s]
Casting the dataset:   0%|          | 0/68009 [00:00<?, ? examples/s]
Casting the dataset:   0%|          | 0/68009 [00:00<?, ? examples/s]
Casting the dataset:   0%|          | 0/89501 [00:00<?, ? examples/s]
Casting the dataset:   0%|          | 0/68009 [00:00<?, ? examples/s]
Casting the dataset:   0%|          | 0/68009 [00:00<?, ? examples/s]
Casting the dataset: 100%|██████████| 68009/68009 [00:00<00:00, 1556279.23 examples/s]
Casting the dataset: 100%|██████████| 68009/68009 [00:00<00:00, 1515145.70 examples/s]


Casting the dataset:   0%|          | 0/68009 [00:00<?, ? examples/s]
Casting the dataset: 100%|██████████| 68009/68009 [00:00<00:00, 1540145.89 examples/s]

Casting the dataset: 100%|██████████| 68009/68009 [00:00<00:00, 1542769.79 examples/s]

Casting the dataset: 100%|██████████| 68009/68009 [00:00<00:00, 1359526.54 examples/s]

Casting the dataset:   0%|          | 0/209498 [00:00<?, ? examples/s]
Casting the dataset: 100%|██████████| 68009/68009 [00:00<00:00, 1573587.06 examples/s]

Casting the dataset:   0%|          | 0/68009 [00:00<?, ? examples/s]
Casting the dataset: 100%|██████████| 68009/68009 [00:00<00:00, 1401969.98 examples/s]

Casting the dataset: 100%|██████████| 68009/68009 [00:00<00:00, 1590973.55 examples/s]

Casting the dataset: 100%|██████████| 68009/68009 [00:00<00:00, 1410734.03 examples/s]

Casting the dataset:  70%|██████▉   | 158000/226833 [00:00<00:00, 1559187.80 examples/s]
Casting the dataset: 100%|██████████| 68009/68009 [00:00<00:00, 1453142.51 examples/s]

Casting the dataset: 100%|██████████| 68009/68009 [00:00<00:00, 1571445.84 examples/s]

Casting the dataset: 100%|██████████| 89501/89501 [00:00<00:00, 1454909.92 examples/s]

Casting the dataset: 100%|██████████| 68009/68009 [00:00<00:00, 1590042.37 examples/s]

Casting the dataset: 100%|██████████| 226833/226833 [00:00<00:00, 1493391.01 examples/s]

Casting the dataset:   0%|          | 0/226833 [00:00<?, ? examples/s]
Casting the dataset:   0%|          | 0/29306 [00:00<?, ? examples/s]
Casting the dataset:  80%|███████▉  | 167000/209498 [00:00<00:00, 1648165.16 examples/s]
Casting the dataset: 100%|██████████| 29306/29306 [00:00<00:00, 1331523.64 examples/s]

Generating train split: 0 examples [00:00, ? examples/s]
Casting the dataset: 100%|██████████| 209498/209498 [00:00<00:00, 1587000.37 examples/s]

Casting the dataset:   0%|          | 0/45695 [00:00<?, ? examples/s]
Casting the dataset:  71%|███████▏  | 162000/226833 [00:00<00:00, 1596249.80 examples/s]
Casting the dataset: 100%|██████████| 45695/45695 [00:00<00:00, 1412901.84 examples/s]

Casting the dataset:   0%|          | 0/163458 [00:00<?, ? examples/s]
Casting the dataset:   0%|          | 0/68009 [00:00<?, ? examples/s]
Casting the dataset: 100%|██████████| 226833/226833 [00:00<00:00, 1521133.37 examples/s]

Generating train split: 54070 examples [00:00, 512165.86 examples/s]
Casting the dataset: 100%|██████████| 68009/68009 [00:00<00:00, 1508495.27 examples/s]

Casting the dataset:   0%|          | 0/58742 [00:00<?, ? examples/s]
Casting the dataset:  98%|█████████▊| 161000/163458 [00:00<00:00, 1586698.33 examples/s]
Casting the dataset: 100%|██████████| 58742/58742 [00:00<00:00, 1414483.48 examples/s]

Casting the dataset: 100%|██████████| 163458/163458 [00:00<00:00, 1516814.44 examples/s]

Generating train split: 112326 examples [00:00, 533691.96 examples/s]
Casting the dataset:   0%|          | 0/163458 [00:00<?, ? examples/s]
Generating train split: 138121 examples [00:00, 547794.78 examples/s]

Casting the dataset:   0%|          | 0/82312 [00:00<?, ? examples/s]
Casting the dataset:   0%|          | 0/138121 [00:00<?, ? examples/s]
Casting the dataset:   0%|          | 0/138121 [00:00<?, ? examples/s]
Casting the dataset:   0%|          | 0/138121 [00:00<?, ? examples/s]
Casting the dataset:   0%|          | 0/138121 [00:00<?, ? examples/s]
Casting the dataset:   0%|          | 0/138121 [00:00<?, ? examples/s]
Casting the dataset:   0%|          | 0/138121 [00:00<?, ? examples/s]
Casting the dataset:   0%|          | 0/138121 [00:00<?, ? examples/s]
Casting the dataset:   0%|          | 0/138121 [00:00<?, ? examples/s]
Casting the dataset:   0%|          | 0/138121 [00:00<?, ? examples/s]
Casting the dataset:   0%|          | 0/138121 [00:00<?, ? examples/s]
Casting the dataset:   0%|          | 0/138121 [00:00<?, ? examples/s]
Casting the dataset:   0%|          | 0/209498 [00:00<?, ? examples/s]
Casting the dataset: 100%|██████████| 82312/82312 [00:00<00:00, 1454794.09 examples/s]

Casting the dataset:   0%|          | 0/138121 [00:00<?, ? examples/s]
Casting the dataset: 100%|██████████| 163458/163458 [00:00<00:00, 1633650.67 examples/s]
Casting the dataset: 100%|██████████| 163458/163458 [00:00<00:00, 1559877.19 examples/s]

Casting the dataset:   0%|          | 0/138121 [00:00<?, ? examples/s]
Casting the dataset: 100%|██████████| 138121/138121 [00:00<00:00, 1531688.79 examples/s]

Casting the dataset: 100%|██████████| 138121/138121 [00:00<00:00, 1491724.01 examples/s]
Casting the dataset: 100%|██████████| 138121/138121 [00:00<00:00, 1405015.14 examples/s]


Casting the dataset: 100%|██████████| 138121/138121 [00:00<00:00, 1528403.46 examples/s]

Casting the dataset: 100%|██████████| 138121/138121 [00:00<00:00, 1462589.50 examples/s]

Casting the dataset: 100%|██████████| 138121/138121 [00:00<00:00, 1445921.50 examples/s]

Casting the dataset: 100%|██████████| 138121/138121 [00:00<00:00, 1542800.17 examples/s]

Casting the dataset: 100%|██████████| 138121/138121 [00:00<00:00, 1574722.37 examples/s]

Casting the dataset:   0%|          | 0/88302 [00:00<?, ? examples/s]
Casting the dataset: 100%|██████████| 138121/138121 [00:00<00:00, 1677719.17 examples/s]

Casting the dataset: 100%|██████████| 138121/138121 [00:00<00:00, 1510340.91 examples/s]

Casting the dataset: 100%|██████████| 138121/138121 [00:00<00:00, 1516798.48 examples/s]

Casting the dataset: 100%|██████████| 138121/138121 [00:00<00:00, 1644370.13 examples/s]

Casting the dataset:  73%|███████▎  | 153000/209498 [00:00<00:00, 1503524.97 examples/s]
Casting the dataset: 100%|██████████| 138121/138121 [00:00<00:00, 1626859.64 examples/s]

Casting the dataset: 100%|██████████| 88302/88302 [00:00<00:00, 1457202.22 examples/s]

Casting the dataset:   0%|          | 0/209498 [00:00<?, ? examples/s]
Casting the dataset: 100%|██████████| 209498/209498 [00:00<00:00, 1460177.47 examples/s]

Generating train split: 0 examples [00:00, ? examples/s]
Casting the dataset:   0%|          | 0/35970 [00:00<?, ? examples/s]
Casting the dataset:   0%|          | 0/68009 [00:00<?, ? examples/s]
Casting the dataset: 100%|██████████| 35970/35970 [00:00<00:00, 1369508.05 examples/s]

Casting the dataset:  78%|███████▊  | 163000/209498 [00:00<00:00, 1611365.00 examples/s]
Casting the dataset: 100%|██████████| 209498/209498 [00:00<00:00, 1546138.43 examples/s]

Casting the dataset: 100%|██████████| 68009/68009 [00:00<00:00, 1380582.44 examples/s]

Casting the dataset:   0%|          | 0/49385 [00:00<?, ? examples/s]
Generating train split: 51051 examples [00:00, 487631.58 examples/s]
Casting the dataset: 100%|██████████| 49385/49385 [00:00<00:00, 1435601.09 examples/s]

Casting the dataset:   0%|          | 0/68009 [00:00<?, ? examples/s]
Generating train split: 92366 examples [00:00, 522156.07 examples/s]

Casting the dataset:   0%|          | 0/138121 [00:00<?, ? examples/s]
Casting the dataset:   0%|          | 0/92366 [00:00<?, ? examples/s]
Casting the dataset:   0%|          | 0/83938 [00:00<?, ? examples/s]
Casting the dataset:   0%|          | 0/92366 [00:00<?, ? examples/s]
Casting the dataset:   0%|          | 0/92366 [00:00<?, ? examples/s]
Casting the dataset:   0%|          | 0/92366 [00:00<?, ? examples/s]
Casting the dataset:   0%|          | 0/92366 [00:00<?, ? examples/s]
Casting the dataset: 100%|██████████| 68009/68009 [00:00<00:00, 1580816.43 examples/s]
Casting the dataset:   0%|          | 0/92366 [00:00<?, ? examples/s]

Casting the dataset:   0%|          | 0/92366 [00:00<?, ? examples/s]
Casting the dataset:   0%|          | 0/92366 [00:00<?, ? examples/s]
Casting the dataset:   0%|          | 0/92366 [00:00<?, ? examples/s]
Casting the dataset: 100%|██████████| 92366/92366 [00:00<00:00, 1541210.83 examples/s]

Casting the dataset: 100%|██████████| 83938/83938 [00:00<00:00, 1480761.82 examples/s]

Casting the dataset: 100%|██████████| 92366/92366 [00:00<00:00, 1585339.85 examples/s]

Casting the dataset:   0%|          | 0/92366 [00:00<?, ? examples/s]
Casting the dataset:   0%|          | 0/92366 [00:00<?, ? examples/s]
Casting the dataset:   0%|          | 0/92366 [00:00<?, ? examples/s]
Casting the dataset: 100%|██████████| 138121/138121 [00:00<00:00, 1495432.20 examples/s]

Casting the dataset: 100%|██████████| 92366/92366 [00:00<00:00, 1564071.33 examples/s]

Casting the dataset: 100%|██████████| 92366/92366 [00:00<00:00, 1555005.99 examples/s]
Casting the dataset: 100%|██████████| 92366/92366 [00:00<00:00, 1536729.66 examples/s]


Casting the dataset: 100%|██████████| 92366/92366 [00:00<00:00, 1566626.57 examples/s]

Casting the dataset: 100%|██████████| 92366/92366 [00:00<00:00, 1523285.40 examples/s]

Casting the dataset: 100%|██████████| 92366/92366 [00:00<00:00, 1464105.44 examples/s]

Casting the dataset: 100%|██████████| 92366/92366 [00:00<00:00, 1625844.41 examples/s]

Casting the dataset:   0%|          | 0/138121 [00:00<?, ? examples/s]
Casting the dataset:   0%|          | 0/8341 [00:00<?, ? examples/s]
Casting the dataset: 100%|██████████| 8341/8341 [00:00<00:00, 935419.51 examples/s]

Casting the dataset:   0%|          | 0/92366 [00:00<?, ? examples/s]
Casting the dataset: 100%|██████████| 92366/92366 [00:00<00:00, 1615242.56 examples/s]

Casting the dataset: 100%|██████████| 92366/92366 [00:00<00:00, 1479447.51 examples/s]

Casting the dataset: 100%|██████████| 92366/92366 [00:00<00:00, 1514318.32 examples/s]

Casting the dataset:   0%|          | 0/5682 [00:00<?, ? examples/s]
Casting the dataset:   0%|          | 0/92366 [00:00<?, ? examples/s]
Casting the dataset: 100%|██████████| 5682/5682 [00:00<00:00, 800242.95 examples/s]

Generating train split: 0 examples [00:00, ? examples/s]
Casting the dataset: 100%|██████████| 92366/92366 [00:00<00:00, 1525012.33 examples/s]

Casting the dataset: 100%|██████████| 138121/138121 [00:00<00:00, 1471505.62 examples/s]

Casting the dataset: 100%|██████████| 92366/92366 [00:00<00:00, 1668358.02 examples/s]

Casting the dataset:   0%|          | 0/69199 [00:00<?, ? examples/s]
Casting the dataset: 100%|██████████| 69199/69199 [00:00<00:00, 1450671.46 examples/s]

Generating train split: 60888 examples [00:00, 545015.42 examples/s]
Casting the dataset:   0%|          | 0/92366 [00:00<?, ? examples/s]
Generating train split: 68464 examples [00:00, 565476.99 examples/s]

Casting the dataset:   0%|          | 0/68464 [00:00<?, ? examples/s]
Casting the dataset:   0%|          | 0/30875 [00:00<?, ? examples/s]
Casting the dataset:   0%|          | 0/68464 [00:00<?, ? examples/s]
Casting the dataset:   0%|          | 0/68464 [00:00<?, ? examples/s]
Casting the dataset:   0%|          | 0/68464 [00:00<?, ? examples/s]
Casting the dataset:   0%|          | 0/68464 [00:00<?, ? examples/s]
Casting the dataset:   0%|          | 0/68464 [00:00<?, ? examples/s]
Casting the dataset: 100%|██████████| 30875/30875 [00:00<00:00, 1323120.91 examples/s]

Casting the dataset:   0%|          | 0/68464 [00:00<?, ? examples/s]
Casting the dataset: 100%|██████████| 92366/92366 [00:00<00:00, 1537730.00 examples/s]

Casting the dataset:   0%|          | 0/68464 [00:00<?, ? examples/s]
Casting the dataset: 100%|██████████| 68464/68464 [00:00<00:00, 1511020.29 examples/s]

Casting the dataset:   0%|          | 0/68464 [00:00<?, ? examples/s]
Casting the dataset:   0%|          | 0/68464 [00:00<?, ? examples/s]
Casting the dataset: 100%|██████████| 68464/68464 [00:00<00:00, 1550868.60 examples/s]

Casting the dataset: 100%|██████████| 68464/68464 [00:00<00:00, 1427507.46 examples/s]

Casting the dataset: 100%|██████████| 68464/68464 [00:00<00:00, 1523696.18 examples/s]

Casting the dataset: 100%|██████████| 68464/68464 [00:00<00:00, 1498100.13 examples/s]

Casting the dataset:   0%|          | 0/68464 [00:00<?, ? examples/s]
Casting the dataset:   0%|          | 0/68464 [00:00<?, ? examples/s]
Casting the dataset: 100%|██████████| 68464/68464 [00:00<00:00, 1371308.37 examples/s]

Casting the dataset: 100%|██████████| 68464/68464 [00:00<00:00, 1385246.50 examples/s]

Casting the dataset: 100%|██████████| 68464/68464 [00:00<00:00, 1577371.09 examples/s]
Casting the dataset: 100%|██████████| 68464/68464 [00:00<00:00, 1402046.88 examples/s]


Casting the dataset:   0%|          | 0/68464 [00:00<?, ? examples/s]
Casting the dataset:   0%|          | 0/56328 [00:00<?, ? examples/s]
Casting the dataset: 100%|██████████| 68464/68464 [00:00<00:00, 1397570.59 examples/s]

Casting the dataset:   0%|          | 0/68464 [00:00<?, ? examples/s]
Casting the dataset: 100%|██████████| 68464/68464 [00:00<00:00, 1553074.57 examples/s]

Casting the dataset: 100%|██████████| 68464/68464 [00:00<00:00, 1584079.86 examples/s]

Casting the dataset:   0%|          | 0/68464 [00:00<?, ? examples/s]
Casting the dataset: 100%|██████████| 56328/56328 [00:00<00:00, 1414076.05 examples/s]

Casting the dataset: 100%|██████████| 68464/68464 [00:00<00:00, 1213986.65 examples/s]

Casting the dataset: 100%|██████████| 68464/68464 [00:00<00:00, 1543217.52 examples/s]

Casting the dataset: 100%|██████████| 68464/68464 [00:00<00:00, 1597172.45 examples/s]

Casting the dataset:   0%|          | 0/93187 [00:00<?, ? examples/s]
Generating train split: 0 examples [00:00, ? examples/s]
Casting the dataset: 100%|██████████| 93187/93187 [00:00<00:00, 1603210.10 examples/s]

Generating train split: 54264 examples [00:00, 516248.96 examples/s]
Casting the dataset:   0%|          | 0/94634 [00:00<?, ? examples/s]
Casting the dataset: 100%|██████████| 94634/94634 [00:00<00:00, 1537528.58 examples/s]

Generating train split: 112922 examples [00:00, 546960.39 examples/s]
Casting the dataset:   0%|          | 0/52520 [00:00<?, ? examples/s]
Casting the dataset: 100%|██████████| 52520/52520 [00:00<00:00, 1480040.89 examples/s]

Casting the dataset:   0%|          | 0/15807 [00:00<?, ? examples/s]
Generating train split: 178180 examples [00:00, 584734.80 examples/s]
Casting the dataset: 100%|██████████| 15807/15807 [00:00<00:00, 1225021.03 examples/s]

Generating train split: 203523 examples [00:00, 570617.39 examples/s]

Casting the dataset:   0%|          | 0/203523 [00:00<?, ? examples/s]
Casting the dataset:   0%|          | 0/203523 [00:00<?, ? examples/s]
Casting the dataset:   0%|          | 0/203523 [00:00<?, ? examples/s]
Casting the dataset:   0%|          | 0/203523 [00:00<?, ? examples/s]
Casting the dataset:   0%|          | 0/122586 [00:00<?, ? examples/s]
Casting the dataset:   0%|          | 0/203523 [00:00<?, ? examples/s]
Casting the dataset:   0%|          | 0/203523 [00:00<?, ? examples/s]
Casting the dataset:   0%|          | 0/203523 [00:00<?, ? examples/s]
Casting the dataset:   0%|          | 0/203523 [00:00<?, ? examples/s]
Casting the dataset:   0%|          | 0/203523 [00:00<?, ? examples/s]
Casting the dataset:   0%|          | 0/203523 [00:00<?, ? examples/s]
Casting the dataset:   0%|          | 0/203523 [00:00<?, ? examples/s]
Casting the dataset:   0%|          | 0/203523 [00:00<?, ? examples/s]
Casting the dataset:   0%|          | 0/203523 [00:00<?, ? examples/s]
Casting the dataset:   0%|          | 0/203523 [00:00<?, ? examples/s]
Casting the dataset:   0%|          | 0/203523 [00:00<?, ? examples/s]
Casting the dataset: 100%|██████████| 122586/122586 [00:00<00:00, 1496286.52 examples/s]

Casting the dataset:  80%|███████▉  | 162000/203523 [00:00<00:00, 1603035.96 examples/s]
Casting the dataset:  70%|██████▉   | 142000/203523 [00:00<00:00, 1402037.57 examples/s]
Casting the dataset:  70%|██████▉   | 142000/203523 [00:00<00:00, 1397481.32 examples/s]
Casting the dataset:  81%|████████  | 165000/203523 [00:00<00:00, 1620768.77 examples/s]
Casting the dataset:  79%|███████▉  | 161000/203523 [00:00<00:00, 1587679.47 examples/s]
Casting the dataset:  85%|████████▌ | 173000/203523 [00:00<00:00, 1702285.68 examples/s]
Casting the dataset:  82%|████████▏ | 167000/203523 [00:00<00:00, 1651694.07 examples/s]
Casting the dataset:  76%|███████▌  | 155000/203523 [00:00<00:00, 1527430.34 examples/s]
Casting the dataset:  86%|████████▋ | 176000/203523 [00:00<00:00, 1737127.41 examples/s]
Casting the dataset:  88%|████████▊ | 179000/203523 [00:00<00:00, 1759446.41 examples/s]
Casting the dataset: 100%|██████████| 203523/203523 [00:00<00:00, 1512600.02 examples/s]
Casting the dataset:  85%|████████▌ | 173000/203523 [00:00<00:00, 1708345.42 examples/s]

Casting the dataset:  85%|████████▌ | 174000/203523 [00:00<00:00, 1710512.32 examples/s]
Casting the dataset:  82%|████████▏ | 167000/203523 [00:00<00:00, 1647277.54 examples/s]
Casting the dataset:  79%|███████▉  | 161000/203523 [00:00<00:00, 1581288.54 examples/s]
Casting the dataset: 100%|██████████| 203523/203523 [00:00<00:00, 1544175.74 examples/s]

Casting the dataset:  78%|███████▊  | 158000/203523 [00:00<00:00, 1563786.86 examples/s]
Casting the dataset: 100%|██████████| 203523/203523 [00:00<00:00, 1613559.15 examples/s]

Casting the dataset: 100%|██████████| 203523/203523 [00:00<00:00, 1683437.20 examples/s]
Casting the dataset: 100%|██████████| 203523/203523 [00:00<00:00, 1596947.92 examples/s]
Casting the dataset: 100%|██████████| 203523/203523 [00:00<00:00, 1663621.24 examples/s]



Casting the dataset: 100%|██████████| 203523/203523 [00:00<00:00, 1533994.63 examples/s]

Casting the dataset: 100%|██████████| 203523/203523 [00:00<00:00, 1349532.50 examples/s]
Casting the dataset: 100%|██████████| 203523/203523 [00:00<00:00, 1346669.02 examples/s]


Casting the dataset: 100%|██████████| 203523/203523 [00:00<00:00, 1632568.34 examples/s]

Casting the dataset: 100%|██████████| 203523/203523 [00:00<00:00, 1635753.00 examples/s]

Casting the dataset: 100%|██████████| 203523/203523 [00:00<00:00, 1490028.51 examples/s]

Casting the dataset: 100%|██████████| 203523/203523 [00:00<00:00, 1578862.61 examples/s]

Casting the dataset: 100%|██████████| 203523/203523 [00:00<00:00, 1500130.63 examples/s]

Casting the dataset: 100%|██████████| 203523/203523 [00:00<00:00, 1523582.43 examples/s]

Casting the dataset:   0%|          | 0/204404 [00:00<?, ? examples/s]
Generating train split: 0 examples [00:00, ? examples/s]
Casting the dataset:  81%|████████  | 165000/204404 [00:00<00:00, 1631890.21 examples/s]
Casting the dataset: 100%|██████████| 204404/204404 [00:00<00:00, 1573075.64 examples/s]

Generating train split: 56434 examples [00:00, 539121.63 examples/s]
Casting the dataset:   0%|          | 0/235927 [00:00<?, ? examples/s]
Generating train split: 110792 examples [00:00, 579931.85 examples/s]

Casting the dataset:   0%|          | 0/110792 [00:00<?, ? examples/s]
Casting the dataset:   0%|          | 0/110792 [00:00<?, ? examples/s]
Casting the dataset:   0%|          | 0/110792 [00:00<?, ? examples/s]
Casting the dataset:   0%|          | 0/110792 [00:00<?, ? examples/s]
Casting the dataset:   0%|          | 0/110792 [00:00<?, ? examples/s]
Casting the dataset:   0%|          | 0/110792 [00:00<?, ? examples/s]
Casting the dataset:   0%|          | 0/110792 [00:00<?, ? examples/s]
Casting the dataset:   0%|          | 0/110792 [00:00<?, ? examples/s]
Casting the dataset:   0%|          | 0/110792 [00:00<?, ? examples/s]
Casting the dataset:   0%|          | 0/110792 [00:00<?, ? examples/s]
Casting the dataset:   0%|          | 0/110792 [00:00<?, ? examples/s]
Casting the dataset:   0%|          | 0/110792 [00:00<?, ? examples/s]
Casting the dataset:   0%|          | 0/110792 [00:00<?, ? examples/s]
Casting the dataset:   0%|          | 0/110792 [00:00<?, ? examples/s]
Casting the dataset:   0%|          | 0/110792 [00:00<?, ? examples/s]
Casting the dataset: 100%|██████████| 110792/110792 [00:00<00:00, 1505568.84 examples/s]

Casting the dataset:  66%|██████▌   | 156000/235927 [00:00<00:00, 1541140.95 examples/s]
Casting the dataset: 100%|██████████| 110792/110792 [00:00<00:00, 1379257.59 examples/s]

Casting the dataset: 100%|██████████| 110792/110792 [00:00<00:00, 1484237.06 examples/s]
Casting the dataset: 100%|██████████| 110792/110792 [00:00<00:00, 1490177.07 examples/s]
Casting the dataset: 100%|██████████| 110792/110792 [00:00<00:00, 1511076.56 examples/s]



Casting the dataset: 100%|██████████| 110792/110792 [00:00<00:00, 1584590.17 examples/s]
Casting the dataset: 100%|██████████| 110792/110792 [00:00<00:00, 1681229.98 examples/s]


Casting the dataset: 100%|██████████| 110792/110792 [00:00<00:00, 1681966.29 examples/s]

Casting the dataset: 100%|██████████| 110792/110792 [00:00<00:00, 1440353.01 examples/s]
Casting the dataset: 100%|██████████| 110792/110792 [00:00<00:00, 1667086.39 examples/s]


Casting the dataset: 100%|██████████| 110792/110792 [00:00<00:00, 1643537.12 examples/s]

Casting the dataset: 100%|██████████| 110792/110792 [00:00<00:00, 1643409.25 examples/s]

Casting the dataset: 100%|██████████| 110792/110792 [00:00<00:00, 1535863.04 examples/s]

Casting the dataset: 100%|██████████| 110792/110792 [00:00<00:00, 1633639.64 examples/s]

Casting the dataset: 100%|██████████| 235927/235927 [00:00<00:00, 1489955.63 examples/s]

Casting the dataset: 100%|██████████| 110792/110792 [00:00<00:00, 1562647.17 examples/s]

Generating train split: 0 examples [00:00, ? examples/s]
Casting the dataset:   0%|          | 0/226833 [00:00<?, ? examples/s]
Generating train split: 58719 examples [00:00, 549838.56 examples/s]
Casting the dataset:  75%|███████▌  | 171000/226833 [00:00<00:00, 1693543.86 examples/s]
Casting the dataset: 100%|██████████| 226833/226833 [00:00<00:00, 1634983.24 examples/s]

Generating train split: 123014 examples [00:00, 561707.07 examples/s]
Casting the dataset:   0%|          | 0/163458 [00:00<?, ? examples/s]
Generating train split: 183317 examples [00:00, 584931.97 examples/s]

Casting the dataset:   0%|          | 0/183317 [00:00<?, ? examples/s]
Casting the dataset:   0%|          | 0/183317 [00:00<?, ? examples/s]
Casting the dataset:   0%|          | 0/183317 [00:00<?, ? examples/s]
Casting the dataset:   0%|          | 0/183317 [00:00<?, ? examples/s]
Casting the dataset:   0%|          | 0/183317 [00:00<?, ? examples/s]
Casting the dataset:   0%|          | 0/183317 [00:00<?, ? examples/s]
Casting the dataset:   0%|          | 0/183317 [00:00<?, ? examples/s]
Casting the dataset:   0%|          | 0/183317 [00:00<?, ? examples/s]
Casting the dataset:   0%|          | 0/183317 [00:00<?, ? examples/s]
Casting the dataset:   0%|          | 0/183317 [00:00<?, ? examples/s]
Casting the dataset:   0%|          | 0/183317 [00:00<?, ? examples/s]
Casting the dataset:   0%|          | 0/183317 [00:00<?, ? examples/s]
Casting the dataset:   0%|          | 0/183317 [00:00<?, ? examples/s]
Casting the dataset:   0%|          | 0/183317 [00:00<?, ? examples/s]
Casting the dataset: 100%|██████████| 163458/163458 [00:00<00:00, 1615218.80 examples/s]

Casting the dataset:   0%|          | 0/183317 [00:00<?, ? examples/s]
Casting the dataset:  87%|████████▋ | 159000/183317 [00:00<00:00, 1570515.63 examples/s]
Casting the dataset:  83%|████████▎ | 153000/183317 [00:00<00:00, 1515558.79 examples/s]
Casting the dataset:  84%|████████▍ | 154000/183317 [00:00<00:00, 1521260.90 examples/s]
Casting the dataset:  88%|████████▊ | 162000/183317 [00:00<00:00, 1604152.40 examples/s]
Casting the dataset:  89%|████████▉ | 163000/183317 [00:00<00:00, 1613049.21 examples/s]
Casting the dataset:  87%|████████▋ | 159000/183317 [00:00<00:00, 1571429.70 examples/s]
Casting the dataset: 100%|██████████| 183317/183317 [00:00<00:00, 1490287.92 examples/s]

Casting the dataset:  93%|█████████▎| 170000/183317 [00:00<00:00, 1677970.33 examples/s]
Casting the dataset:  95%|█████████▍| 174000/183317 [00:00<00:00, 1723979.74 examples/s]
Casting the dataset:  95%|█████████▌| 175000/183317 [00:00<00:00, 1723109.28 examples/s]
Casting the dataset:  93%|█████████▎| 170000/183317 [00:00<00:00, 1675494.18 examples/s]
Casting the dataset: 100%|██████████| 183317/183317 [00:00<00:00, 1549313.74 examples/s]
Casting the dataset: 100%|██████████| 183317/183317 [00:00<00:00, 1556811.14 examples/s]


Casting the dataset:  94%|█████████▍| 172000/183317 [00:00<00:00, 1698966.58 examples/s]
Casting the dataset: 100%|██████████| 183317/183317 [00:00<00:00, 1640173.78 examples/s]

Casting the dataset: 100%|██████████| 183317/183317 [00:00<00:00, 1593806.31 examples/s]
Casting the dataset: 100%|██████████| 183317/183317 [00:00<00:00, 1456198.23 examples/s]
Casting the dataset: 100%|██████████| 183317/183317 [00:00<00:00, 1456333.38 examples/s]



Casting the dataset: 100%|██████████| 183317/183317 [00:00<00:00, 1503947.66 examples/s]
Casting the dataset:  88%|████████▊ | 162000/183317 [00:00<00:00, 1595822.42 examples/s]

Casting the dataset: 100%|██████████| 183317/183317 [00:00<00:00, 1643788.98 examples/s]

Casting the dataset:  91%|█████████ | 167000/183317 [00:00<00:00, 1645053.01 examples/s]
Casting the dataset:  92%|█████████▏| 169000/183317 [00:00<00:00, 1660421.77 examples/s]
Casting the dataset: 100%|██████████| 183317/183317 [00:00<00:00, 1588275.25 examples/s]

Casting the dataset: 100%|██████████| 183317/183317 [00:00<00:00, 1565524.95 examples/s]

Casting the dataset: 100%|██████████| 183317/183317 [00:00<00:00, 1528292.92 examples/s]

Casting the dataset: 100%|██████████| 183317/183317 [00:00<00:00, 1526227.02 examples/s]

Casting the dataset: 100%|██████████| 183317/183317 [00:00<00:00, 1540257.35 examples/s]

Casting the dataset:  80%|████████  | 147000/183317 [00:00<00:00, 1446729.15 examples/s]
Casting the dataset:   0%|          | 0/209498 [00:00<?, ? examples/s]
Casting the dataset: 100%|██████████| 183317/183317 [00:00<00:00, 1379380.22 examples/s]

Casting the dataset:  83%|████████▎ | 174000/209498 [00:00<00:00, 1724631.58 examples/s]
Generating train split: 0 examples [00:00, ? examples/s]
Casting the dataset: 100%|██████████| 209498/209498 [00:00<00:00, 1654269.44 examples/s]

Casting the dataset:   0%|          | 0/68009 [00:00<?, ? examples/s]
Generating train split: 55031 examples [00:00, 519337.02 examples/s]
Casting the dataset: 100%|██████████| 68009/68009 [00:00<00:00, 1561373.35 examples/s]

Generating train split: 110417 examples [00:00, 534707.32 examples/s]
Casting the dataset:   0%|          | 0/138121 [00:00<?, ? examples/s]
Casting the dataset: 100%|██████████| 138121/138121 [00:00<00:00, 1613169.59 examples/s]

Generating train split: 168819 examples [00:00, 553109.99 examples/s]
Generating train split: 170264 examples [00:00, 547151.59 examples/s]

Casting the dataset:   0%|          | 0/170264 [00:00<?, ? examples/s]
Casting the dataset:   0%|          | 0/170264 [00:00<?, ? examples/s]
Casting the dataset:   0%|          | 0/170264 [00:00<?, ? examples/s]
Casting the dataset:   0%|          | 0/170264 [00:00<?, ? examples/s]
Casting the dataset:   0%|          | 0/170264 [00:00<?, ? examples/s]
Casting the dataset:   0%|          | 0/170264 [00:00<?, ? examples/s]
Casting the dataset:   0%|          | 0/170264 [00:00<?, ? examples/s]
Casting the dataset:   0%|          | 0/170264 [00:00<?, ? examples/s]
Casting the dataset:   0%|          | 0/170264 [00:00<?, ? examples/s]
Casting the dataset:   0%|          | 0/170264 [00:00<?, ? examples/s]
Casting the dataset:   0%|          | 0/170264 [00:00<?, ? examples/s]
Casting the dataset:   0%|          | 0/170264 [00:00<?, ? examples/s]
Casting the dataset:   0%|          | 0/170264 [00:00<?, ? examples/s]
Casting the dataset:   0%|          | 0/170264 [00:00<?, ? examples/s]
Casting the dataset:   0%|          | 0/92366 [00:00<?, ? examples/s]
Casting the dataset:   0%|          | 0/170264 [00:00<?, ? examples/s]
Casting the dataset:  97%|█████████▋| 166000/170264 [00:00<00:00, 1637090.20 examples/s]
Casting the dataset:  77%|███████▋  | 131000/170264 [00:00<00:00, 1288336.99 examples/s]
Casting the dataset:  97%|█████████▋| 165000/170264 [00:00<00:00, 1634742.73 examples/s]
Casting the dataset:  95%|█████████▌| 162000/170264 [00:00<00:00, 1602604.93 examples/s]
Casting the dataset: 100%|██████████| 170264/170264 [00:00<00:00, 1553455.39 examples/s]

Casting the dataset: 100%|██████████| 170264/170264 [00:00<00:00, 1558547.59 examples/s]

Casting the dataset: 100%|██████████| 170264/170264 [00:00<00:00, 1528017.79 examples/s]

Casting the dataset:  96%|█████████▌| 163000/170264 [00:00<00:00, 1607855.83 examples/s]
Casting the dataset:  96%|█████████▌| 163000/170264 [00:00<00:00, 1608355.12 examples/s]
Casting the dataset:  95%|█████████▌| 162000/170264 [00:00<00:00, 1600053.80 examples/s]
Casting the dataset:  99%|█████████▉| 169000/170264 [00:00<00:00, 1663066.93 examples/s]
Casting the dataset: 100%|██████████| 170264/170264 [00:00<00:00, 1526404.38 examples/s]

Casting the dataset: 100%|██████████| 170264/170264 [00:00<00:00, 1579024.24 examples/s]
Casting the dataset:  99%|█████████▉| 169000/170264 [00:00<00:00, 1673661.24 examples/s]

Casting the dataset: 100%|██████████| 170264/170264 [00:00<00:00, 1534578.18 examples/s]

Casting the dataset: 100%|██████████| 170264/170264 [00:00<00:00, 1700861.40 examples/s]
Casting the dataset: 100%|██████████| 170264/170264 [00:00<00:00, 1523763.04 examples/s]

Casting the dataset:  97%|█████████▋| 165000/170264 [00:00<00:00, 1627752.56 examples/s]
Casting the dataset: 100%|██████████| 170264/170264 [00:00<00:00, 1589359.54 examples/s]

Casting the dataset: 100%|██████████| 170264/170264 [00:00<00:00, 1614515.55 examples/s]

Casting the dataset: 100%|██████████| 170264/170264 [00:00<00:00, 1673620.71 examples/s]

Casting the dataset: 100%|██████████| 170264/170264 [00:00<00:00, 1177910.68 examples/s]

Casting the dataset: 100%|██████████| 170264/170264 [00:00<00:00, 1505402.75 examples/s]

Casting the dataset: 100%|██████████| 92366/92366 [00:00<00:00, 1005753.15 examples/s]
Casting the dataset:  96%|█████████▌| 163000/170264 [00:00<00:00, 1578648.34 examples/s]

Casting the dataset: 100%|██████████| 170264/170264 [00:00<00:00, 1727468.61 examples/s]

Casting the dataset: 100%|██████████| 170264/170264 [00:00<00:00, 1497228.31 examples/s]

Casting the dataset:  98%|█████████▊| 167000/170264 [00:00<00:00, 1647060.63 examples/s]
Casting the dataset: 100%|██████████| 170264/170264 [00:00<00:00, 1571376.97 examples/s]

Casting the dataset:   0%|          | 0/68464 [00:00<?, ? examples/s]
Casting the dataset: 100%|██████████| 68464/68464 [00:00<00:00, 1559959.09 examples/s]

Generating train split: 0 examples [00:00, ? examples/s]
Casting the dataset:   0%|          | 0/203523 [00:00<?, ? examples/s]
Generating train split: 58382 examples [00:00, 572995.35 examples/s]
Generating train split: 60598 examples [00:00, 581829.58 examples/s]

Casting the dataset:   0%|          | 0/60598 [00:00<?, ? examples/s]
Casting the dataset:   0%|          | 0/60598 [00:00<?, ? examples/s]
Casting the dataset:   0%|          | 0/60598 [00:00<?, ? examples/s]
Casting the dataset:   0%|          | 0/60598 [00:00<?, ? examples/s]
Casting the dataset:   0%|          | 0/60598 [00:00<?, ? examples/s]
Casting the dataset:   0%|          | 0/60598 [00:00<?, ? examples/s]
Casting the dataset:   0%|          | 0/60598 [00:00<?, ? examples/s]
Casting the dataset:   0%|          | 0/60598 [00:00<?, ? examples/s]
Casting the dataset:   0%|          | 0/60598 [00:00<?, ? examples/s]
Casting the dataset:   0%|          | 0/60598 [00:00<?, ? examples/s]
Casting the dataset:   0%|          | 0/60598 [00:00<?, ? examples/s]
Casting the dataset:   0%|          | 0/60598 [00:00<?, ? examples/s]
Casting the dataset: 100%|██████████| 60598/60598 [00:00<00:00, 1494375.85 examples/s]

Casting the dataset:   0%|          | 0/60598 [00:00<?, ? examples/s]
Casting the dataset: 100%|██████████| 60598/60598 [00:00<00:00, 1448415.10 examples/s]

Casting the dataset: 100%|██████████| 60598/60598 [00:00<00:00, 1421870.35 examples/s]

Casting the dataset: 100%|██████████| 60598/60598 [00:00<00:00, 1509283.94 examples/s]

Casting the dataset: 100%|██████████| 60598/60598 [00:00<00:00, 1433441.81 examples/s]

Casting the dataset: 100%|██████████| 60598/60598 [00:00<00:00, 1428784.27 examples/s]
Casting the dataset: 100%|██████████| 60598/60598 [00:00<00:00, 1519180.14 examples/s]


Casting the dataset:   0%|          | 0/60598 [00:00<?, ? examples/s]
Casting the dataset: 100%|██████████| 60598/60598 [00:00<00:00, 1510557.67 examples/s]

Casting the dataset: 100%|██████████| 60598/60598 [00:00<00:00, 1552284.66 examples/s]

Casting the dataset: 100%|██████████| 60598/60598 [00:00<00:00, 1644217.53 examples/s]

Casting the dataset: 100%|██████████| 60598/60598 [00:00<00:00, 1560471.23 examples/s]

Casting the dataset: 100%|██████████| 60598/60598 [00:00<00:00, 1466745.34 examples/s]

Casting the dataset: 100%|██████████| 60598/60598 [00:00<00:00, 1578330.39 examples/s]

Casting the dataset:   0%|          | 0/60598 [00:00<?, ? examples/s]
Casting the dataset:  82%|████████▏ | 167000/203523 [00:00<00:00, 1650098.75 examples/s]
Casting the dataset: 100%|██████████| 60598/60598 [00:00<00:00, 1469832.84 examples/s]

Casting the dataset: 100%|██████████| 203523/203523 [00:00<00:00, 1593647.59 examples/s]

Casting the dataset: 100%|██████████| 60598/60598 [00:00<00:00, 1550050.52 examples/s]

Generating train split: 0 examples [00:00, ? examples/s]
Casting the dataset:   0%|          | 0/110792 [00:00<?, ? examples/s]
Generating train split: 50677 examples [00:00, 565446.53 examples/s]

Casting the dataset: 100%|██████████| 110792/110792 [00:00<00:00, 1621152.75 examples/s]
Casting the dataset:   0%|          | 0/50677 [00:00<?, ? examples/s]

Casting the dataset:   0%|          | 0/50677 [00:00<?, ? examples/s]
Casting the dataset:   0%|          | 0/50677 [00:00<?, ? examples/s]
Casting the dataset:   0%|          | 0/50677 [00:00<?, ? examples/s]
Casting the dataset:   0%|          | 0/50677 [00:00<?, ? examples/s]
Casting the dataset:   0%|          | 0/50677 [00:00<?, ? examples/s]
Casting the dataset:   0%|          | 0/50677 [00:00<?, ? examples/s]
Casting the dataset:   0%|          | 0/50677 [00:00<?, ? examples/s]
Casting the dataset:   0%|          | 0/50677 [00:00<?, ? examples/s]
Casting the dataset: 100%|██████████| 50677/50677 [00:00<00:00, 1507876.14 examples/s]

Casting the dataset: 100%|██████████| 50677/50677 [00:00<00:00, 1464894.62 examples/s]

Casting the dataset: 100%|██████████| 50677/50677 [00:00<00:00, 1525450.48 examples/s]

Casting the dataset:   0%|          | 0/50677 [00:00<?, ? examples/s]
Casting the dataset:   0%|          | 0/50677 [00:00<?, ? examples/s]
Casting the dataset: 100%|██████████| 50677/50677 [00:00<00:00, 1605422.62 examples/s]

Casting the dataset:   0%|          | 0/50677 [00:00<?, ? examples/s]
Casting the dataset: 100%|██████████| 50677/50677 [00:00<00:00, 1441968.06 examples/s]
Casting the dataset: 100%|██████████| 50677/50677 [00:00<00:00, 1529258.83 examples/s]


Casting the dataset:   0%|          | 0/50677 [00:00<?, ? examples/s]
Casting the dataset:   0%|          | 0/50677 [00:00<?, ? examples/s]
Casting the dataset: 100%|██████████| 50677/50677 [00:00<00:00, 1524072.30 examples/s]

Casting the dataset: 100%|██████████| 50677/50677 [00:00<00:00, 1525800.88 examples/s]

Casting the dataset: 100%|██████████| 50677/50677 [00:00<00:00, 1303281.24 examples/s]

Casting the dataset:   0%|          | 0/50677 [00:00<?, ? examples/s]
Casting the dataset: 100%|██████████| 50677/50677 [00:00<00:00, 1521769.98 examples/s]

Casting the dataset: 100%|██████████| 50677/50677 [00:00<00:00, 1599683.49 examples/s]

Casting the dataset: 100%|██████████| 50677/50677 [00:00<00:00, 1492680.68 examples/s]

Casting the dataset: 100%|██████████| 50677/50677 [00:00<00:00, 1461058.18 examples/s]

Casting the dataset: 100%|██████████| 50677/50677 [00:00<00:00, 1531915.04 examples/s]

Casting the dataset: 100%|██████████| 50677/50677 [00:00<00:00, 1620007.80 examples/s]

Casting the dataset:   0%|          | 0/183317 [00:00<?, ? examples/s]
Generating train split: 0 examples [00:00, ? examples/s]
Generating train split: 22020 examples [00:00, 546219.25 examples/s]

Casting the dataset:   0%|          | 0/22020 [00:00<?, ? examples/s]
Casting the dataset:   0%|          | 0/22020 [00:00<?, ? examples/s]
Casting the dataset:   0%|          | 0/22020 [00:00<?, ? examples/s]
Casting the dataset: 100%|██████████| 22020/22020 [00:00<00:00, 1346020.96 examples/s]

Casting the dataset: 100%|██████████| 22020/22020 [00:00<00:00, 1328690.05 examples/s]

Casting the dataset:   0%|          | 0/22020 [00:00<?, ? examples/s]
Casting the dataset:   0%|          | 0/22020 [00:00<?, ? examples/s]
Casting the dataset:   0%|          | 0/22020 [00:00<?, ? examples/s]
Casting the dataset:  93%|█████████▎| 171000/183317 [00:00<00:00, 1687233.25 examples/s]
Casting the dataset: 100%|██████████| 22020/22020 [00:00<00:00, 1244255.19 examples/s]

Casting the dataset:   0%|          | 0/22020 [00:00<?, ? examples/s]
Casting the dataset:   0%|          | 0/22020 [00:00<?, ? examples/s]
Casting the dataset:   0%|          | 0/22020 [00:00<?, ? examples/s]
Casting the dataset: 100%|██████████| 183317/183317 [00:00<00:00, 1617337.77 examples/s]

Casting the dataset: 100%|██████████| 22020/22020 [00:00<00:00, 1341251.44 examples/s]

Casting the dataset: 100%|██████████| 22020/22020 [00:00<00:00, 1254906.03 examples/s]

Casting the dataset: 100%|██████████| 22020/22020 [00:00<00:00, 1306899.31 examples/s]

Casting the dataset:   0%|          | 0/22020 [00:00<?, ? examples/s]
Casting the dataset:   0%|          | 0/22020 [00:00<?, ? examples/s]
Casting the dataset:   0%|          | 0/22020 [00:00<?, ? examples/s]
Casting the dataset:   0%|          | 0/22020 [00:00<?, ? examples/s]
Casting the dataset:   0%|          | 0/22020 [00:00<?, ? examples/s]
Casting the dataset: 100%|██████████| 22020/22020 [00:00<00:00, 1329110.71 examples/s]

Casting the dataset: 100%|██████████| 22020/22020 [00:00<00:00, 1258874.33 examples/s]

Casting the dataset: 100%|██████████| 22020/22020 [00:00<00:00, 1340706.28 examples/s]

Casting the dataset:   0%|          | 0/22020 [00:00<?, ? examples/s]
Casting the dataset: 100%|██████████| 22020/22020 [00:00<00:00, 1413529.04 examples/s]

Casting the dataset: 100%|██████████| 22020/22020 [00:00<00:00, 1363749.54 examples/s]

Casting the dataset: 100%|██████████| 22020/22020 [00:00<00:00, 1333139.54 examples/s]

Casting the dataset: 100%|██████████| 22020/22020 [00:00<00:00, 1291114.35 examples/s]

Casting the dataset: 100%|██████████| 22020/22020 [00:00<00:00, 1353278.84 examples/s]

Casting the dataset: 100%|██████████| 22020/22020 [00:00<00:00, 955479.65 examples/s]

Generating train split: 0 examples [00:00, ? examples/s]
Casting the dataset:   0%|          | 0/170264 [00:00<?, ? examples/s]
Generating train split: 21228 examples [00:00, 508647.36 examples/s]

Casting the dataset:   0%|          | 0/21228 [00:00<?, ? examples/s]
Casting the dataset:   0%|          | 0/21228 [00:00<?, ? examples/s]
Casting the dataset:   0%|          | 0/21228 [00:00<?, ? examples/s]
Casting the dataset:   0%|          | 0/21228 [00:00<?, ? examples/s]
Casting the dataset:   0%|          | 0/21228 [00:00<?, ? examples/s]
Casting the dataset: 100%|██████████| 21228/21228 [00:00<00:00, 1317695.51 examples/s]

Casting the dataset:   0%|          | 0/21228 [00:00<?, ? examples/s]
Casting the dataset: 100%|██████████| 21228/21228 [00:00<00:00, 1267480.25 examples/s]

Casting the dataset: 100%|██████████| 21228/21228 [00:00<00:00, 1290854.44 examples/s]

Casting the dataset:   0%|          | 0/21228 [00:00<?, ? examples/s]
Casting the dataset:   0%|          | 0/21228 [00:00<?, ? examples/s]
Casting the dataset:   0%|          | 0/21228 [00:00<?, ? examples/s]
Casting the dataset: 100%|██████████| 21228/21228 [00:00<00:00, 1285542.67 examples/s]

Casting the dataset:   0%|          | 0/21228 [00:00<?, ? examples/s]
Casting the dataset: 100%|██████████| 21228/21228 [00:00<00:00, 1310326.49 examples/s]

Casting the dataset:   0%|          | 0/21228 [00:00<?, ? examples/s]
Casting the dataset:   0%|          | 0/21228 [00:00<?, ? examples/s]
Casting the dataset: 100%|██████████| 21228/21228 [00:00<00:00, 1313593.56 examples/s]

Casting the dataset: 100%|██████████| 21228/21228 [00:00<00:00, 1385677.15 examples/s]

Casting the dataset: 100%|██████████| 21228/21228 [00:00<00:00, 1211482.37 examples/s]

Casting the dataset: 100%|██████████| 21228/21228 [00:00<00:00, 1316760.11 examples/s]
Casting the dataset:   0%|          | 0/21228 [00:00<?, ? examples/s]
Casting the dataset:   0%|          | 0/21228 [00:00<?, ? examples/s]

Casting the dataset: 100%|██████████| 21228/21228 [00:00<00:00, 1300090.32 examples/s]

Casting the dataset: 100%|██████████| 21228/21228 [00:00<00:00, 1313845.55 examples/s]

Casting the dataset: 100%|██████████| 21228/21228 [00:00<00:00, 1364024.29 examples/s]

Casting the dataset: 100%|██████████| 21228/21228 [00:00<00:00, 1346164.79 examples/s]

Casting the dataset: 100%|██████████| 21228/21228 [00:00<00:00, 1317286.11 examples/s]

Casting the dataset:   0%|          | 0/21228 [00:00<?, ? examples/s]
Casting the dataset:  98%|█████████▊| 167000/170264 [00:00<00:00, 1653850.69 examples/s]
Casting the dataset: 100%|██████████| 170264/170264 [00:00<00:00, 1581916.88 examples/s]

Casting the dataset: 100%|██████████| 21228/21228 [00:00<00:00, 1314252.81 examples/s]

Generating train split: 0 examples [00:00, ? examples/s]
Casting the dataset:   0%|          | 0/60598 [00:00<?, ? examples/s]
Casting the dataset: 100%|██████████| 60598/60598 [00:00<00:00, 1514960.47 examples/s]

Generating train split: 26370 examples [00:00, 509857.04 examples/s]

Casting the dataset:   0%|          | 0/26370 [00:00<?, ? examples/s]
Casting the dataset:   0%|          | 0/26370 [00:00<?, ? examples/s]
Casting the dataset:   0%|          | 0/26370 [00:00<?, ? examples/s]
Casting the dataset:   0%|          | 0/26370 [00:00<?, ? examples/s]
Casting the dataset:   0%|          | 0/26370 [00:00<?, ? examples/s]
Casting the dataset:   0%|          | 0/26370 [00:00<?, ? examples/s]
Casting the dataset:   0%|          | 0/26370 [00:00<?, ? examples/s]
Casting the dataset: 100%|██████████| 26370/26370 [00:00<00:00, 1379443.71 examples/s]

Casting the dataset: 100%|██████████| 26370/26370 [00:00<00:00, 1301634.60 examples/s]

Casting the dataset: 100%|██████████| 26370/26370 [00:00<00:00, 1325215.33 examples/s]

Casting the dataset: 100%|██████████| 26370/26370 [00:00<00:00, 1411392.80 examples/s]

Casting the dataset: 100%|██████████| 26370/26370 [00:00<00:00, 1250990.20 examples/s]
Casting the dataset: 100%|██████████| 26370/26370 [00:00<00:00, 1295869.95 examples/s]
Casting the dataset:   0%|          | 0/26370 [00:00<?, ? examples/s]


Casting the dataset:   0%|          | 0/26370 [00:00<?, ? examples/s]
Casting the dataset: 100%|██████████| 26370/26370 [00:00<00:00, 1426041.73 examples/s]
Casting the dataset:   0%|          | 0/26370 [00:00<?, ? examples/s]

Casting the dataset:   0%|          | 0/26370 [00:00<?, ? examples/s]
Casting the dataset:   0%|          | 0/50677 [00:00<?, ? examples/s]
Casting the dataset:   0%|          | 0/26370 [00:00<?, ? examples/s]
Casting the dataset:   0%|          | 0/26370 [00:00<?, ? examples/s]
Casting the dataset: 100%|██████████| 26370/26370 [00:00<00:00, 1384555.06 examples/s]

Casting the dataset: 100%|██████████| 26370/26370 [00:00<00:00, 1330203.93 examples/s]

Casting the dataset:   0%|          | 0/26370 [00:00<?, ? examples/s]
Casting the dataset: 100%|██████████| 26370/26370 [00:00<00:00, 1435369.04 examples/s]

Casting the dataset: 100%|██████████| 26370/26370 [00:00<00:00, 1407208.79 examples/s]

Casting the dataset: 100%|██████████| 26370/26370 [00:00<00:00, 1482485.51 examples/s]

Casting the dataset: 100%|██████████| 26370/26370 [00:00<00:00, 1398295.76 examples/s]

Casting the dataset: 100%|██████████| 26370/26370 [00:00<00:00, 1420401.15 examples/s]

Casting the dataset: 100%|██████████| 50677/50677 [00:00<00:00, 1479804.95 examples/s]

Casting the dataset:   0%|          | 0/26370 [00:00<?, ? examples/s]
Casting the dataset: 100%|██████████| 26370/26370 [00:00<00:00, 1478838.32 examples/s]

Generating train split: 0 examples [00:00, ? examples/s]
Casting the dataset:   0%|          | 0/22020 [00:00<?, ? examples/s]
Generating train split: 4726 examples [00:00, 381674.80 examples/s]

Casting the dataset: 100%|██████████| 22020/22020 [00:00<00:00, 1309660.58 examples/s]

Casting the dataset:   0%|          | 0/4726 [00:00<?, ? examples/s]
Casting the dataset:   0%|          | 0/4726 [00:00<?, ? examples/s]
Casting the dataset:   0%|          | 0/4726 [00:00<?, ? examples/s]
Casting the dataset:   0%|          | 0/4726 [00:00<?, ? examples/s]
Casting the dataset: 100%|██████████| 4726/4726 [00:00<00:00, 766078.48 examples/s]

Casting the dataset: 100%|██████████| 4726/4726 [00:00<00:00, 719267.05 examples/s]

Casting the dataset: 100%|██████████| 4726/4726 [00:00<00:00, 737765.40 examples/s]

Casting the dataset: 100%|██████████| 4726/4726 [00:00<00:00, 706752.26 examples/s]

Casting the dataset:   0%|          | 0/4726 [00:00<?, ? examples/s]
Casting the dataset:   0%|          | 0/4726 [00:00<?, ? examples/s]
Casting the dataset:   0%|          | 0/4726 [00:00<?, ? examples/s]
Casting the dataset: 100%|██████████| 4726/4726 [00:00<00:00, 785476.33 examples/s]
Casting the dataset:   0%|          | 0/4726 [00:00<?, ? examples/s]

Casting the dataset:   0%|          | 0/4726 [00:00<?, ? examples/s]
Casting the dataset:   0%|          | 0/4726 [00:00<?, ? examples/s]
Casting the dataset: 100%|██████████| 4726/4726 [00:00<00:00, 763570.13 examples/s]

Casting the dataset: 100%|██████████| 4726/4726 [00:00<00:00, 755825.54 examples/s]
Casting the dataset: 100%|██████████| 4726/4726 [00:00<00:00, 659029.21 examples/s]


Casting the dataset: 100%|██████████| 4726/4726 [00:00<00:00, 740632.22 examples/s]

Casting the dataset:   0%|          | 0/4726 [00:00<?, ? examples/s]
Casting the dataset:   0%|          | 0/4726 [00:00<?, ? examples/s]
Casting the dataset: 100%|██████████| 4726/4726 [00:00<00:00, 690335.05 examples/s]

Casting the dataset:   0%|          | 0/4726 [00:00<?, ? examples/s]
Casting the dataset: 100%|██████████| 4726/4726 [00:00<00:00, 732151.91 examples/s]

Casting the dataset: 100%|██████████| 4726/4726 [00:00<00:00, 719293.15 examples/s]

Casting the dataset: 100%|██████████| 4726/4726 [00:00<00:00, 774640.69 examples/s]

Casting the dataset:   0%|          | 0/4726 [00:00<?, ? examples/s]
Casting the dataset:   0%|          | 0/4726 [00:00<?, ? examples/s]
Casting the dataset:   0%|          | 0/21228 [00:00<?, ? examples/s]
Casting the dataset: 100%|██████████| 4726/4726 [00:00<00:00, 778229.39 examples/s]

Casting the dataset: 100%|██████████| 4726/4726 [00:00<00:00, 470983.46 examples/s]

Casting the dataset: 100%|██████████| 21228/21228 [00:00<00:00, 1310287.93 examples/s]

Casting the dataset:   0%|          | 0/26370 [00:00<?, ? examples/s]
Generating train split: 0 examples [00:00, ? examples/s]
Casting the dataset: 100%|██████████| 26370/26370 [00:00<00:00, 1449230.16 examples/s]

Generating train split: 18881 examples [00:00, 457272.01 examples/s]

Casting the dataset:   0%|          | 0/18881 [00:00<?, ? examples/s]
Casting the dataset:   0%|          | 0/18881 [00:00<?, ? examples/s]
Casting the dataset:   0%|          | 0/4726 [00:00<?, ? examples/s]
Casting the dataset:   0%|          | 0/18881 [00:00<?, ? examples/s]
Casting the dataset:   0%|          | 0/18881 [00:00<?, ? examples/s]
Casting the dataset:   0%|          | 0/18881 [00:00<?, ? examples/s]
Casting the dataset: 100%|██████████| 4726/4726 [00:00<00:00, 787160.70 examples/s]

Casting the dataset:   0%|          | 0/18881 [00:00<?, ? examples/s]
Casting the dataset:   0%|          | 0/18881 [00:00<?, ? examples/s]
Casting the dataset: 100%|██████████| 18881/18881 [00:00<00:00, 1274874.49 examples/s]

Casting the dataset: 100%|██████████| 18881/18881 [00:00<00:00, 1259545.34 examples/s]
Casting the dataset:   0%|          | 0/18881 [00:00<?, ? examples/s]

Casting the dataset:   0%|          | 0/18881 [00:00<?, ? examples/s]
Casting the dataset: 100%|██████████| 18881/18881 [00:00<00:00, 1230024.29 examples/s]

Casting the dataset: 100%|██████████| 18881/18881 [00:00<00:00, 1285010.93 examples/s]

Casting the dataset:   0%|          | 0/18881 [00:00<?, ? examples/s]
Casting the dataset: 100%|██████████| 18881/18881 [00:00<00:00, 1239593.24 examples/s]

Casting the dataset: 100%|██████████| 18881/18881 [00:00<00:00, 1203920.00 examples/s]

Casting the dataset: 100%|██████████| 18881/18881 [00:00<00:00, 1192768.23 examples/s]

Casting the dataset: 100%|██████████| 18881/18881 [00:00<00:00, 1235840.42 examples/s]

Casting the dataset: 100%|██████████| 18881/18881 [00:00<00:00, 1302703.59 examples/s]

Casting the dataset:   0%|          | 0/18881 [00:00<?, ? examples/s]
Casting the dataset:   0%|          | 0/18881 [00:00<?, ? examples/s]
Casting the dataset: 100%|██████████| 18881/18881 [00:00<00:00, 1254318.52 examples/s]

Casting the dataset:   0%|          | 0/18881 [00:00<?, ? examples/s]
Casting the dataset:   0%|          | 0/18881 [00:00<?, ? examples/s]
Casting the dataset:   0%|          | 0/18881 [00:00<?, ? examples/s]
Casting the dataset: 100%|██████████| 18881/18881 [00:00<00:00, 1332155.60 examples/s]

Casting the dataset: 100%|██████████| 18881/18881 [00:00<00:00, 1275860.38 examples/s]

Casting the dataset: 100%|██████████| 18881/18881 [00:00<00:00, 1270762.59 examples/s]
Casting the dataset: 100%|██████████| 18881/18881 [00:00<00:00, 1293553.75 examples/s]


Casting the dataset: 100%|██████████| 18881/18881 [00:00<00:00, 1265826.76 examples/s]

Casting the dataset:   0%|          | 0/18881 [00:00<?, ? examples/s]
Casting the dataset: 100%|██████████| 18881/18881 [00:00<00:00, 1344778.38 examples/s]

Generating train split: 0 examples [00:00, ? examples/s]
Generating train split: 4738 examples [00:00, 396603.52 examples/s]

Casting the dataset:   0%|          | 0/4738 [00:00<?, ? examples/s]
Casting the dataset:   0%|          | 0/4738 [00:00<?, ? examples/s]
Casting the dataset:   0%|          | 0/4738 [00:00<?, ? examples/s]
Casting the dataset: 100%|██████████| 4738/4738 [00:00<00:00, 763655.70 examples/s]

Casting the dataset:   0%|          | 0/4738 [00:00<?, ? examples/s]
Casting the dataset: 100%|██████████| 4738/4738 [00:00<00:00, 759598.36 examples/s]
Casting the dataset:   0%|          | 0/4738 [00:00<?, ? examples/s]

Casting the dataset: 100%|██████████| 4738/4738 [00:00<00:00, 742318.64 examples/s]

Casting the dataset:   0%|          | 0/4738 [00:00<?, ? examples/s]
Casting the dataset: 100%|██████████| 4738/4738 [00:00<00:00, 752465.44 examples/s]

Casting the dataset: 100%|██████████| 4738/4738 [00:00<00:00, 757773.59 examples/s]

Casting the dataset:   0%|          | 0/4738 [00:00<?, ? examples/s]
Casting the dataset: 100%|██████████| 4738/4738 [00:00<00:00, 784115.07 examples/s]

Casting the dataset:   0%|          | 0/4738 [00:00<?, ? examples/s]
Casting the dataset:   0%|          | 0/4738 [00:00<?, ? examples/s]
Casting the dataset: 100%|██████████| 4738/4738 [00:00<00:00, 774066.62 examples/s]

Casting the dataset:   0%|          | 0/4738 [00:00<?, ? examples/s]
Casting the dataset:   0%|          | 0/4738 [00:00<?, ? examples/s]
Casting the dataset: 100%|██████████| 4738/4738 [00:00<00:00, 781617.00 examples/s]

Casting the dataset: 100%|██████████| 4738/4738 [00:00<00:00, 791832.19 examples/s]

Casting the dataset:   0%|          | 0/4738 [00:00<?, ? examples/s]
Casting the dataset:   0%|          | 0/4738 [00:00<?, ? examples/s]
Casting the dataset:   0%|          | 0/4738 [00:00<?, ? examples/s]
Casting the dataset: 100%|██████████| 4738/4738 [00:00<00:00, 799284.57 examples/s]

Casting the dataset: 100%|██████████| 4738/4738 [00:00<00:00, 589464.37 examples/s]

Casting the dataset: 100%|██████████| 4738/4738 [00:00<00:00, 757311.55 examples/s]

Casting the dataset: 100%|██████████| 4738/4738 [00:00<00:00, 758496.65 examples/s]
Casting the dataset: 100%|██████████| 4738/4738 [00:00<00:00, 725754.60 examples/s]


Casting the dataset:   0%|          | 0/4738 [00:00<?, ? examples/s]
Casting the dataset: 100%|██████████| 4738/4738 [00:00<00:00, 750958.41 examples/s]

Casting the dataset:   0%|          | 0/4738 [00:00<?, ? examples/s]
Casting the dataset: 100%|██████████| 4738/4738 [00:00<00:00, 767845.61 examples/s]

Generating train split: 0 examples [00:00, ? examples/s]
Generating train split: 58550 examples [00:00, 585418.21 examples/s]

Casting the dataset:   0%|          | 0/58550 [00:00<?, ? examples/s]
Casting the dataset:   0%|          | 0/58550 [00:00<?, ? examples/s]
Casting the dataset:   0%|          | 0/58550 [00:00<?, ? examples/s]
Casting the dataset:   0%|          | 0/58550 [00:00<?, ? examples/s]
Casting the dataset:   0%|          | 0/58550 [00:00<?, ? examples/s]
Casting the dataset:   0%|          | 0/58550 [00:00<?, ? examples/s]
Casting the dataset:   0%|          | 0/58550 [00:00<?, ? examples/s]
Casting the dataset:   0%|          | 0/58550 [00:00<?, ? examples/s]
Casting the dataset:   0%|          | 0/58550 [00:00<?, ? examples/s]
Casting the dataset:   0%|          | 0/58550 [00:00<?, ? examples/s]
Casting the dataset:   0%|          | 0/58550 [00:00<?, ? examples/s]
Casting the dataset:   0%|          | 0/58550 [00:00<?, ? examples/s]
Casting the dataset: 100%|██████████| 58550/58550 [00:00<00:00, 1441557.33 examples/s]

Casting the dataset: 100%|██████████| 58550/58550 [00:00<00:00, 1433881.01 examples/s]

Casting the dataset: 100%|██████████| 58550/58550 [00:00<00:00, 1512831.96 examples/s]

Casting the dataset:   0%|          | 0/58550 [00:00<?, ? examples/s]
Casting the dataset:   0%|          | 0/58550 [00:00<?, ? examples/s]
Casting the dataset: 100%|██████████| 58550/58550 [00:00<00:00, 1495548.24 examples/s]

Casting the dataset:   0%|          | 0/58550 [00:00<?, ? examples/s]
Casting the dataset: 100%|██████████| 58550/58550 [00:00<00:00, 1437607.93 examples/s]

Casting the dataset: 100%|██████████| 58550/58550 [00:00<00:00, 1526324.78 examples/s]

Casting the dataset: 100%|██████████| 58550/58550 [00:00<00:00, 1470333.07 examples/s]

Casting the dataset: 100%|██████████| 58550/58550 [00:00<00:00, 1514800.94 examples/s]

Casting the dataset: 100%|██████████| 58550/58550 [00:00<00:00, 1483308.16 examples/s]

Casting the dataset: 100%|██████████| 58550/58550 [00:00<00:00, 1602655.46 examples/s]

Casting the dataset: 100%|██████████| 58550/58550 [00:00<00:00, 1558147.42 examples/s]

Casting the dataset: 100%|██████████| 58550/58550 [00:00<00:00, 1551620.32 examples/s]

Casting the dataset: 100%|██████████| 58550/58550 [00:00<00:00, 1654092.51 examples/s]

Casting the dataset:   0%|          | 0/58550 [00:00<?, ? examples/s]
Casting the dataset: 100%|██████████| 58550/58550 [00:00<00:00, 1602352.21 examples/s]

Casting the dataset: 100%|██████████| 58550/58550 [00:00<00:00, 1634061.05 examples/s]

Casting the dataset: 100%|██████████| 58550/58550 [00:00<00:00, 1541984.80 examples/s]

Generating train split: 0 examples [00:00, ? examples/s]
Generating train split: 55901 examples [00:00, 526568.74 examples/s]
Generating train split: 111259 examples [00:00, 537618.33 examples/s]
Generating train split: 116056 examples [00:00, 543510.68 examples/s]

Casting the dataset:   0%|          | 0/116056 [00:00<?, ? examples/s]
Casting the dataset:   0%|          | 0/116056 [00:00<?, ? examples/s]
Casting the dataset:   0%|          | 0/116056 [00:00<?, ? examples/s]
Casting the dataset:   0%|          | 0/116056 [00:00<?, ? examples/s]
Casting the dataset:   0%|          | 0/116056 [00:00<?, ? examples/s]
Casting the dataset:   0%|          | 0/116056 [00:00<?, ? examples/s]
Casting the dataset:   0%|          | 0/116056 [00:00<?, ? examples/s]
Casting the dataset:   0%|          | 0/116056 [00:00<?, ? examples/s]
Casting the dataset:   0%|          | 0/116056 [00:00<?, ? examples/s]
Casting the dataset:   0%|          | 0/116056 [00:00<?, ? examples/s]
Casting the dataset:   0%|          | 0/116056 [00:00<?, ? examples/s]
Casting the dataset:   0%|          | 0/116056 [00:00<?, ? examples/s]
Casting the dataset:   0%|          | 0/116056 [00:00<?, ? examples/s]
Casting the dataset:   0%|          | 0/116056 [00:00<?, ? examples/s]
Casting the dataset:   0%|          | 0/116056 [00:00<?, ? examples/s]
Casting the dataset: 100%|██████████| 116056/116056 [00:00<00:00, 1574154.25 examples/s]
Casting the dataset: 100%|██████████| 116056/116056 [00:00<00:00, 1582423.84 examples/s]


Casting the dataset:   0%|          | 0/116056 [00:00<?, ? examples/s]
Casting the dataset: 100%|██████████| 116056/116056 [00:00<00:00, 1536859.58 examples/s]

Casting the dataset: 100%|██████████| 116056/116056 [00:00<00:00, 1536248.44 examples/s]
Casting the dataset: 100%|██████████| 116056/116056 [00:00<00:00, 1591665.04 examples/s]


Casting the dataset: 100%|██████████| 116056/116056 [00:00<00:00, 1616346.77 examples/s]

Casting the dataset: 100%|██████████| 116056/116056 [00:00<00:00, 1625728.98 examples/s]

Casting the dataset: 100%|██████████| 116056/116056 [00:00<00:00, 1523306.59 examples/s]

Casting the dataset: 100%|██████████| 116056/116056 [00:00<00:00, 1690152.79 examples/s]

Casting the dataset: 100%|██████████| 116056/116056 [00:00<00:00, 1680646.83 examples/s]

Casting the dataset: 100%|██████████| 116056/116056 [00:00<00:00, 1677906.66 examples/s]

Casting the dataset: 100%|██████████| 116056/116056 [00:00<00:00, 1667154.64 examples/s]

Casting the dataset: 100%|██████████| 116056/116056 [00:00<00:00, 1707769.73 examples/s]

Casting the dataset: 100%|██████████| 116056/116056 [00:00<00:00, 1653888.59 examples/s]

Casting the dataset: 100%|██████████| 116056/116056 [00:00<00:00, 1646777.13 examples/s]

Casting the dataset: 100%|██████████| 116056/116056 [00:00<00:00, 1609670.92 examples/s]

Generating train split: 0 examples [00:00, ? examples/s]
Generating train split: 56257 examples [00:00, 534954.86 examples/s]
Generating train split: 80514 examples [00:00, 552849.20 examples/s]

Casting the dataset:   0%|          | 0/80514 [00:00<?, ? examples/s]
Casting the dataset:   0%|          | 0/80514 [00:00<?, ? examples/s]
Casting the dataset:   0%|          | 0/80514 [00:00<?, ? examples/s]
Casting the dataset:   0%|          | 0/80514 [00:00<?, ? examples/s]
Casting the dataset:   0%|          | 0/80514 [00:00<?, ? examples/s]
Casting the dataset:   0%|          | 0/80514 [00:00<?, ? examples/s]
Casting the dataset:   0%|          | 0/80514 [00:00<?, ? examples/s]
Casting the dataset:   0%|          | 0/80514 [00:00<?, ? examples/s]
Casting the dataset:   0%|          | 0/80514 [00:00<?, ? examples/s]
Casting the dataset:   0%|          | 0/80514 [00:00<?, ? examples/s]
Casting the dataset:   0%|          | 0/80514 [00:00<?, ? examples/s]
Casting the dataset:   0%|          | 0/80514 [00:00<?, ? examples/s]
Casting the dataset:   0%|          | 0/80514 [00:00<?, ? examples/s]
Casting the dataset:   0%|          | 0/80514 [00:00<?, ? examples/s]
Casting the dataset: 100%|██████████| 80514/80514 [00:00<00:00, 1539079.43 examples/s]

Casting the dataset: 100%|██████████| 80514/80514 [00:00<00:00, 1562450.28 examples/s]

Casting the dataset: 100%|██████████| 80514/80514 [00:00<00:00, 1524027.87 examples/s]

Casting the dataset: 100%|██████████| 80514/80514 [00:00<00:00, 1561013.03 examples/s]

Casting the dataset: 100%|██████████| 80514/80514 [00:00<00:00, 1511131.86 examples/s]

Casting the dataset: 100%|██████████| 80514/80514 [00:00<00:00, 1632837.53 examples/s]

Casting the dataset: 100%|██████████| 80514/80514 [00:00<00:00, 1649160.24 examples/s]

Casting the dataset: 100%|██████████| 80514/80514 [00:00<00:00, 1660064.06 examples/s]

Casting the dataset: 100%|██████████| 80514/80514 [00:00<00:00, 1260489.24 examples/s]

Casting the dataset: 100%|██████████| 80514/80514 [00:00<00:00, 1562898.61 examples/s]

Casting the dataset: 100%|██████████| 80514/80514 [00:00<00:00, 1642838.27 examples/s]

Casting the dataset:   0%|          | 0/80514 [00:00<?, ? examples/s]
Casting the dataset: 100%|██████████| 80514/80514 [00:00<00:00, 1587399.49 examples/s]

Casting the dataset: 100%|██████████| 80514/80514 [00:00<00:00, 1623972.42 examples/s]

Casting the dataset: 100%|██████████| 80514/80514 [00:00<00:00, 1257330.80 examples/s]

Casting the dataset: 100%|██████████| 80514/80514 [00:00<00:00, 1651087.32 examples/s]

Casting the dataset:   0%|          | 0/80514 [00:00<?, ? examples/s]
Casting the dataset: 100%|██████████| 80514/80514 [00:00<00:00, 1658588.32 examples/s]

Generating train split: 0 examples [00:00, ? examples/s]
Generating train split: 55585 examples [00:00, 546477.43 examples/s]
Generating train split: 114530 examples [00:00, 559811.05 examples/s]
Generating train split: 123613 examples [00:00, 561888.16 examples/s]

Casting the dataset:   0%|          | 0/123613 [00:00<?, ? examples/s]
Casting the dataset:   0%|          | 0/123613 [00:00<?, ? examples/s]
Casting the dataset:   0%|          | 0/123613 [00:00<?, ? examples/s]
Casting the dataset:   0%|          | 0/123613 [00:00<?, ? examples/s]
Casting the dataset:   0%|          | 0/123613 [00:00<?, ? examples/s]
Casting the dataset:   0%|          | 0/123613 [00:00<?, ? examples/s]
Casting the dataset:   0%|          | 0/123613 [00:00<?, ? examples/s]
Casting the dataset:   0%|          | 0/123613 [00:00<?, ? examples/s]
Casting the dataset:   0%|          | 0/123613 [00:00<?, ? examples/s]
Casting the dataset:   0%|          | 0/123613 [00:00<?, ? examples/s]
Casting the dataset:   0%|          | 0/123613 [00:00<?, ? examples/s]
Casting the dataset:   0%|          | 0/123613 [00:00<?, ? examples/s]
Casting the dataset:   0%|          | 0/123613 [00:00<?, ? examples/s]
Casting the dataset:   0%|          | 0/123613 [00:00<?, ? examples/s]
Casting the dataset:   0%|          | 0/123613 [00:00<?, ? examples/s]
Casting the dataset: 100%|██████████| 123613/123613 [00:00<00:00, 1592314.99 examples/s]

Casting the dataset:   0%|          | 0/123613 [00:00<?, ? examples/s]
Casting the dataset: 100%|██████████| 123613/123613 [00:00<00:00, 1513477.58 examples/s]

Casting the dataset: 100%|██████████| 123613/123613 [00:00<00:00, 1554447.74 examples/s]

Casting the dataset: 100%|██████████| 123613/123613 [00:00<00:00, 1660529.67 examples/s]
Casting the dataset: 100%|██████████| 123613/123613 [00:00<00:00, 1596403.96 examples/s]


Casting the dataset: 100%|██████████| 123613/123613 [00:00<00:00, 1656285.94 examples/s]

Casting the dataset: 100%|██████████| 123613/123613 [00:00<00:00, 1620954.81 examples/s]

Casting the dataset: 100%|██████████| 123613/123613 [00:00<00:00, 1659185.24 examples/s]

Casting the dataset: 100%|██████████| 123613/123613 [00:00<00:00, 1438972.71 examples/s]

Casting the dataset: 100%|██████████| 123613/123613 [00:00<00:00, 1517375.45 examples/s]

Casting the dataset: 100%|██████████| 123613/123613 [00:00<00:00, 1686082.93 examples/s]

Casting the dataset: 100%|██████████| 123613/123613 [00:00<00:00, 1697782.44 examples/s]

Casting the dataset: 100%|██████████| 123613/123613 [00:00<00:00, 1624942.80 examples/s]

Casting the dataset: 100%|██████████| 123613/123613 [00:00<00:00, 1522866.32 examples/s]

Casting the dataset: 100%|██████████| 123613/123613 [00:00<00:00, 1614217.44 examples/s]

Casting the dataset: 100%|██████████| 123613/123613 [00:00<00:00, 1346375.88 examples/s]

Generating train split: 0 examples [00:00, ? examples/s]
Generating train split: 54114 examples [00:00, 523092.98 examples/s]
Generating train split: 113430 examples [00:00, 560017.83 examples/s]
Generating train split: 135438 examples [00:00, 567056.52 examples/s]

Casting the dataset:   0%|          | 0/135438 [00:00<?, ? examples/s]
Casting the dataset:   0%|          | 0/135438 [00:00<?, ? examples/s]
Casting the dataset:   0%|          | 0/135438 [00:00<?, ? examples/s]
Casting the dataset:   0%|          | 0/135438 [00:00<?, ? examples/s]
Casting the dataset:   0%|          | 0/135438 [00:00<?, ? examples/s]
Casting the dataset:   0%|          | 0/135438 [00:00<?, ? examples/s]
Casting the dataset:   0%|          | 0/135438 [00:00<?, ? examples/s]
Casting the dataset:   0%|          | 0/135438 [00:00<?, ? examples/s]
Casting the dataset:   0%|          | 0/135438 [00:00<?, ? examples/s]
Casting the dataset:   0%|          | 0/135438 [00:00<?, ? examples/s]
Casting the dataset:   0%|          | 0/135438 [00:00<?, ? examples/s]
Casting the dataset:   0%|          | 0/135438 [00:00<?, ? examples/s]
Casting the dataset:   0%|          | 0/135438 [00:00<?, ? examples/s]
Casting the dataset:   0%|          | 0/135438 [00:00<?, ? examples/s]
Casting the dataset:   0%|          | 0/135438 [00:00<?, ? examples/s]
Casting the dataset:   0%|          | 0/135438 [00:00<?, ? examples/s]
Casting the dataset: 100%|██████████| 135438/135438 [00:00<00:00, 1620417.51 examples/s]

Casting the dataset: 100%|██████████| 135438/135438 [00:00<00:00, 1622254.62 examples/s]

Casting the dataset: 100%|██████████| 135438/135438 [00:00<00:00, 1610750.31 examples/s]

Casting the dataset: 100%|██████████| 135438/135438 [00:00<00:00, 1621990.60 examples/s]

Casting the dataset: 100%|██████████| 135438/135438 [00:00<00:00, 1575162.41 examples/s]

Casting the dataset: 100%|██████████| 135438/135438 [00:00<00:00, 1608237.68 examples/s]

Casting the dataset: 100%|██████████| 135438/135438 [00:00<00:00, 1692361.29 examples/s]

Casting the dataset: 100%|██████████| 135438/135438 [00:00<00:00, 1614068.40 examples/s]

Casting the dataset: 100%|██████████| 135438/135438 [00:00<00:00, 1607345.78 examples/s]

Casting the dataset: 100%|██████████| 135438/135438 [00:00<00:00, 1632103.02 examples/s]

Casting the dataset: 100%|██████████| 135438/135438 [00:00<00:00, 1649174.77 examples/s]

Casting the dataset: 100%|██████████| 135438/135438 [00:00<00:00, 1606350.39 examples/s]

Casting the dataset:  86%|████████▋ | 117000/135438 [00:00<00:00, 1137368.51 examples/s]
Casting the dataset:  86%|████████▌ | 116000/135438 [00:00<00:00, 1141186.75 examples/s]
Casting the dataset: 100%|██████████| 135438/135438 [00:00<00:00, 1698072.69 examples/s]

Casting the dataset: 100%|██████████| 135438/135438 [00:00<00:00, 1699195.21 examples/s]

Casting the dataset: 100%|██████████| 135438/135438 [00:00<00:00, 1081068.81 examples/s]

Casting the dataset: 100%|██████████| 135438/135438 [00:00<00:00, 1096224.93 examples/s]

Generating train split: 0 examples [00:00, ? examples/s]
Generating train split: 58263 examples [00:00, 538982.99 examples/s]
Generating train split: 96190 examples [00:00, 565030.05 examples/s]

Casting the dataset:   0%|          | 0/96190 [00:00<?, ? examples/s]
Casting the dataset:   0%|          | 0/96190 [00:00<?, ? examples/s]
Casting the dataset:   0%|          | 0/96190 [00:00<?, ? examples/s]
Casting the dataset:   0%|          | 0/96190 [00:00<?, ? examples/s]
Casting the dataset:   0%|          | 0/96190 [00:00<?, ? examples/s]
Casting the dataset:   0%|          | 0/96190 [00:00<?, ? examples/s]
Casting the dataset:   0%|          | 0/96190 [00:00<?, ? examples/s]
Casting the dataset:   0%|          | 0/96190 [00:00<?, ? examples/s]
Casting the dataset:   0%|          | 0/96190 [00:00<?, ? examples/s]
Casting the dataset:   0%|          | 0/96190 [00:00<?, ? examples/s]
Casting the dataset:   0%|          | 0/96190 [00:00<?, ? examples/s]
Casting the dataset:   0%|          | 0/96190 [00:00<?, ? examples/s]
Casting the dataset:   0%|          | 0/96190 [00:00<?, ? examples/s]
Casting the dataset:   0%|          | 0/96190 [00:00<?, ? examples/s]
Casting the dataset: 100%|██████████| 96190/96190 [00:00<00:00, 1582908.37 examples/s]

Casting the dataset: 100%|██████████| 96190/96190 [00:00<00:00, 1494143.42 examples/s]

Casting the dataset:   0%|          | 0/96190 [00:00<?, ? examples/s]
Casting the dataset: 100%|██████████| 96190/96190 [00:00<00:00, 1475860.57 examples/s]

Casting the dataset:   0%|          | 0/96190 [00:00<?, ? examples/s]
Casting the dataset: 100%|██████████| 96190/96190 [00:00<00:00, 1586893.05 examples/s]

Casting the dataset: 100%|██████████| 96190/96190 [00:00<00:00, 1551420.88 examples/s]
Casting the dataset: 100%|██████████| 96190/96190 [00:00<00:00, 1574808.16 examples/s]


Casting the dataset: 100%|██████████| 96190/96190 [00:00<00:00, 1644868.69 examples/s]

Casting the dataset: 100%|██████████| 96190/96190 [00:00<00:00, 1652129.82 examples/s]

Casting the dataset: 100%|██████████| 96190/96190 [00:00<00:00, 1634685.14 examples/s]

Casting the dataset: 100%|██████████| 96190/96190 [00:00<00:00, 1628397.36 examples/s]

Casting the dataset: 100%|██████████| 96190/96190 [00:00<00:00, 1582268.95 examples/s]

Casting the dataset: 100%|██████████| 96190/96190 [00:00<00:00, 1573052.07 examples/s]

Casting the dataset: 100%|██████████| 96190/96190 [00:00<00:00, 1655587.43 examples/s]

Casting the dataset: 100%|██████████| 96190/96190 [00:00<00:00, 1612632.86 examples/s]

Casting the dataset: 100%|██████████| 96190/96190 [00:00<00:00, 1624607.29 examples/s]

Casting the dataset: 100%|██████████| 96190/96190 [00:00<00:00, 1683124.96 examples/s]

Generating train split: 0 examples [00:00, ? examples/s]
Generating train split: 61253 examples [00:00, 549027.77 examples/s]
Generating train split: 124376 examples [00:00, 581033.77 examples/s]
Generating train split: 143459 examples [00:00, 589371.00 examples/s]

Casting the dataset:   0%|          | 0/143459 [00:00<?, ? examples/s]
Casting the dataset:   0%|          | 0/143459 [00:00<?, ? examples/s]
Casting the dataset:   0%|          | 0/143459 [00:00<?, ? examples/s]
Casting the dataset:   0%|          | 0/143459 [00:00<?, ? examples/s]
Casting the dataset:   0%|          | 0/143459 [00:00<?, ? examples/s]
Casting the dataset:   0%|          | 0/143459 [00:00<?, ? examples/s]
Casting the dataset:   0%|          | 0/143459 [00:00<?, ? examples/s]
Casting the dataset:   0%|          | 0/143459 [00:00<?, ? examples/s]
Casting the dataset:   0%|          | 0/143459 [00:00<?, ? examples/s]
Casting the dataset:   0%|          | 0/143459 [00:00<?, ? examples/s]
Casting the dataset:   0%|          | 0/143459 [00:00<?, ? examples/s]
Casting the dataset:   0%|          | 0/143459 [00:00<?, ? examples/s]
Casting the dataset:   0%|          | 0/143459 [00:00<?, ? examples/s]
Casting the dataset:   0%|          | 0/143459 [00:00<?, ? examples/s]
Casting the dataset:   0%|          | 0/143459 [00:00<?, ? examples/s]
Casting the dataset:   0%|          | 0/143459 [00:00<?, ? examples/s]
Casting the dataset: 100%|██████████| 143459/143459 [00:00<00:00, 1597201.85 examples/s]

Casting the dataset: 100%|██████████| 143459/143459 [00:00<00:00, 1547753.03 examples/s]

Casting the dataset: 100%|██████████| 143459/143459 [00:00<00:00, 1544178.21 examples/s]

Casting the dataset: 100%|██████████| 143459/143459 [00:00<00:00, 1601431.49 examples/s]
Casting the dataset: 100%|██████████| 143459/143459 [00:00<00:00, 1647258.70 examples/s]


Casting the dataset: 100%|██████████| 143459/143459 [00:00<00:00, 1609398.53 examples/s]

Casting the dataset: 100%|██████████| 143459/143459 [00:00<00:00, 1511558.58 examples/s]

Casting the dataset: 100%|██████████| 143459/143459 [00:00<00:00, 1673524.34 examples/s]

Casting the dataset: 100%|██████████| 143459/143459 [00:00<00:00, 1642003.82 examples/s]

Casting the dataset: 100%|██████████| 143459/143459 [00:00<00:00, 1665390.70 examples/s]

Casting the dataset: 100%|██████████| 143459/143459 [00:00<00:00, 1695537.51 examples/s]

Casting the dataset: 100%|██████████| 143459/143459 [00:00<00:00, 1639350.97 examples/s]

Casting the dataset: 100%|██████████| 143459/143459 [00:00<00:00, 1651590.23 examples/s]

Casting the dataset: 100%|██████████| 143459/143459 [00:00<00:00, 1670286.41 examples/s]

Casting the dataset: 100%|██████████| 143459/143459 [00:00<00:00, 1597808.35 examples/s]

Casting the dataset: 100%|██████████| 143459/143459 [00:00<00:00, 1587245.96 examples/s]

Generating train split: 0 examples [00:00, ? examples/s]
Generating train split: 57112 examples [00:00, 559606.34 examples/s]
Generating train split: 118480 examples [00:00, 568757.77 examples/s]
Generating train split: 170753 examples [00:00, 590137.26 examples/s]

Casting the dataset:   0%|          | 0/170753 [00:00<?, ? examples/s]
Casting the dataset:   0%|          | 0/170753 [00:00<?, ? examples/s]
Casting the dataset:   0%|          | 0/170753 [00:00<?, ? examples/s]
Casting the dataset:   0%|          | 0/170753 [00:00<?, ? examples/s]
Casting the dataset:   0%|          | 0/170753 [00:00<?, ? examples/s]
Casting the dataset:   0%|          | 0/170753 [00:00<?, ? examples/s]
Casting the dataset:   0%|          | 0/170753 [00:00<?, ? examples/s]
Casting the dataset:   0%|          | 0/170753 [00:00<?, ? examples/s]
Casting the dataset:   0%|          | 0/170753 [00:00<?, ? examples/s]
Casting the dataset:   0%|          | 0/170753 [00:00<?, ? examples/s]
Casting the dataset:   0%|          | 0/170753 [00:00<?, ? examples/s]
Casting the dataset:   0%|          | 0/170753 [00:00<?, ? examples/s]
Casting the dataset:   0%|          | 0/170753 [00:00<?, ? examples/s]
Casting the dataset:   0%|          | 0/170753 [00:00<?, ? examples/s]
Casting the dataset:  98%|█████████▊| 168000/170753 [00:00<00:00, 1657238.92 examples/s]
Casting the dataset:  98%|█████████▊| 167000/170753 [00:00<00:00, 1653788.21 examples/s]
Casting the dataset:  98%|█████████▊| 168000/170753 [00:00<00:00, 1659971.76 examples/s]
Casting the dataset: 100%|█████████▉| 170000/170753 [00:00<00:00, 1667305.84 examples/s]
Casting the dataset: 100%|██████████| 170753/170753 [00:00<00:00, 1579908.70 examples/s]

Casting the dataset: 100%|██████████| 170753/170753 [00:00<00:00, 1680136.23 examples/s]

Casting the dataset: 100%|██████████| 170753/170753 [00:00<00:00, 1587180.91 examples/s]

Casting the dataset: 100%|██████████| 170753/170753 [00:00<00:00, 1589029.71 examples/s]
Casting the dataset: 100%|██████████| 170753/170753 [00:00<00:00, 1577048.99 examples/s]
Casting the dataset: 100%|██████████| 170753/170753 [00:00<00:00, 1655743.03 examples/s]
Casting the dataset: 100%|██████████| 170753/170753 [00:00<00:00, 1637799.32 examples/s]




Casting the dataset:  95%|█████████▌| 163000/170753 [00:00<00:00, 1607795.33 examples/s]
Casting the dataset: 100%|██████████| 170753/170753 [00:00<00:00, 1531953.92 examples/s]

Casting the dataset: 100%|██████████| 170753/170753 [00:00<00:00, 1683101.52 examples/s]
Casting the dataset:  99%|█████████▉| 169000/170753 [00:00<00:00, 1676083.20 examples/s]
Casting the dataset: 100%|██████████| 170753/170753 [00:00<00:00, 1602139.48 examples/s]

Casting the dataset: 100%|██████████| 170753/170753 [00:00<00:00, 1594836.40 examples/s]

Casting the dataset:   0%|          | 0/170753 [00:00<?, ? examples/s]
Casting the dataset: 100%|██████████| 170753/170753 [00:00<00:00, 1644636.81 examples/s]

Casting the dataset: 100%|██████████| 170753/170753 [00:00<00:00, 1706677.13 examples/s]
Casting the dataset: 100%|██████████| 170753/170753 [00:00<00:00, 1623752.16 examples/s]

Casting the dataset:  94%|█████████▍| 161000/170753 [00:00<00:00, 1593343.66 examples/s]
Casting the dataset: 100%|██████████| 170753/170753 [00:00<00:00, 1531606.65 examples/s]

Casting the dataset:   0%|          | 0/170753 [00:00<?, ? examples/s]
Casting the dataset: 100%|██████████| 170753/170753 [00:00<00:00, 1705843.80 examples/s]
Casting the dataset: 100%|██████████| 170753/170753 [00:00<00:00, 1629808.46 examples/s]

Generating train split: 0 examples [00:00, ? examples/s]
Casting the dataset: 100%|██████████| 170753/170753 [00:00<00:00, 1695112.20 examples/s]
Casting the dataset: 100%|██████████| 170753/170753 [00:00<00:00, 1619774.99 examples/s]

Generating train split: 28589 examples [00:00, 546557.81 examples/s]

Casting the dataset:  96%|█████████▌| 164000/170753 [00:00<00:00, 1626344.97 examples/s]
Casting the dataset:   0%|          | 0/28589 [00:00<?, ? examples/s]
Casting the dataset: 100%|██████████| 170753/170753 [00:00<00:00, 1546739.73 examples/s]

Casting the dataset:   0%|          | 0/28589 [00:00<?, ? examples/s]
Casting the dataset:   0%|          | 0/28589 [00:00<?, ? examples/s]
Casting the dataset:   0%|          | 0/28589 [00:00<?, ? examples/s]
Casting the dataset:   0%|          | 0/28589 [00:00<?, ? examples/s]
Casting the dataset:   0%|          | 0/28589 [00:00<?, ? examples/s]
Casting the dataset:   0%|          | 0/28589 [00:00<?, ? examples/s]
Casting the dataset: 100%|██████████| 28589/28589 [00:00<00:00, 1386077.57 examples/s]
Casting the dataset:   0%|          | 0/28589 [00:00<?, ? examples/s]

Casting the dataset:   0%|          | 0/28589 [00:00<?, ? examples/s]
Casting the dataset:   0%|          | 0/28589 [00:00<?, ? examples/s]
Casting the dataset:   0%|          | 0/28589 [00:00<?, ? examples/s]
Casting the dataset:   0%|          | 0/28589 [00:00<?, ? examples/s]
Casting the dataset: 100%|██████████| 28589/28589 [00:00<00:00, 1374778.81 examples/s]

Casting the dataset: 100%|██████████| 28589/28589 [00:00<00:00, 1283224.97 examples/s]

Casting the dataset:   0%|          | 0/28589 [00:00<?, ? examples/s]
Casting the dataset: 100%|██████████| 28589/28589 [00:00<00:00, 1345756.68 examples/s]

Casting the dataset: 100%|██████████| 28589/28589 [00:00<00:00, 1406547.14 examples/s]

Casting the dataset: 100%|██████████| 28589/28589 [00:00<00:00, 1269127.33 examples/s]

Casting the dataset: 100%|██████████| 28589/28589 [00:00<00:00, 1296222.57 examples/s]

Casting the dataset: 100%|██████████| 28589/28589 [00:00<00:00, 1386093.60 examples/s]

Casting the dataset: 100%|██████████| 28589/28589 [00:00<00:00, 1374873.38 examples/s]

Casting the dataset: 100%|██████████| 28589/28589 [00:00<00:00, 1450021.25 examples/s]

Casting the dataset:   0%|          | 0/28589 [00:00<?, ? examples/s]
Casting the dataset: 100%|██████████| 28589/28589 [00:00<00:00, 1452093.26 examples/s]

Casting the dataset: 100%|██████████| 28589/28589 [00:00<00:00, 1320518.00 examples/s]

Casting the dataset: 100%|██████████| 28589/28589 [00:00<00:00, 1414945.33 examples/s]

Casting the dataset: 100%|██████████| 28589/28589 [00:00<00:00, 1456184.36 examples/s]

Casting the dataset:   0%|          | 0/28589 [00:00<?, ? examples/s]
Casting the dataset:   0%|          | 0/28589 [00:00<?, ? examples/s]
Casting the dataset: 100%|██████████| 28589/28589 [00:00<00:00, 1409456.92 examples/s]

Casting the dataset: 100%|██████████| 28589/28589 [00:00<00:00, 1476408.64 examples/s]

Generating train split: 0 examples [00:00, ? examples/s]
Generating train split: 46890 examples [00:00, 576521.00 examples/s]

Casting the dataset:   0%|          | 0/46890 [00:00<?, ? examples/s]
Casting the dataset:   0%|          | 0/46890 [00:00<?, ? examples/s]
Casting the dataset:   0%|          | 0/46890 [00:00<?, ? examples/s]
Casting the dataset:   0%|          | 0/46890 [00:00<?, ? examples/s]
Casting the dataset:   0%|          | 0/46890 [00:00<?, ? examples/s]
Casting the dataset:   0%|          | 0/46890 [00:00<?, ? examples/s]
Casting the dataset:   0%|          | 0/46890 [00:00<?, ? examples/s]
Casting the dataset:   0%|          | 0/46890 [00:00<?, ? examples/s]
Casting the dataset:   0%|          | 0/46890 [00:00<?, ? examples/s]
Casting the dataset:   0%|          | 0/46890 [00:00<?, ? examples/s]
Casting the dataset:   0%|          | 0/46890 [00:00<?, ? examples/s]
Casting the dataset:   0%|          | 0/46890 [00:00<?, ? examples/s]
Casting the dataset: 100%|██████████| 46890/46890 [00:00<00:00, 1495346.14 examples/s]

Casting the dataset: 100%|██████████| 46890/46890 [00:00<00:00, 1487080.93 examples/s]

Casting the dataset:   0%|          | 0/46890 [00:00<?, ? examples/s]
Casting the dataset:   0%|          | 0/46890 [00:00<?, ? examples/s]
Casting the dataset: 100%|██████████| 46890/46890 [00:00<00:00, 1456163.62 examples/s]

Casting the dataset: 100%|██████████| 46890/46890 [00:00<00:00, 1471338.80 examples/s]

Casting the dataset: 100%|██████████| 46890/46890 [00:00<00:00, 1544916.14 examples/s]

Casting the dataset: 100%|██████████| 46890/46890 [00:00<00:00, 1557555.02 examples/s]

Casting the dataset: 100%|██████████| 46890/46890 [00:00<00:00, 1575030.55 examples/s]

Casting the dataset: 100%|██████████| 46890/46890 [00:00<00:00, 1510622.12 examples/s]

Casting the dataset: 100%|██████████| 46890/46890 [00:00<00:00, 1445302.00 examples/s]

Casting the dataset: 100%|██████████| 46890/46890 [00:00<00:00, 1562380.66 examples/s]

Casting the dataset: 100%|██████████| 46890/46890 [00:00<00:00, 1564580.63 examples/s]

Casting the dataset: 100%|██████████| 46890/46890 [00:00<00:00, 1445333.86 examples/s]

Casting the dataset:   0%|          | 0/46890 [00:00<?, ? examples/s]
Casting the dataset:   0%|          | 0/46890 [00:00<?, ? examples/s]
Casting the dataset: 100%|██████████| 46890/46890 [00:00<00:00, 1566250.28 examples/s]

Casting the dataset: 100%|██████████| 46890/46890 [00:00<00:00, 1592051.63 examples/s]

Casting the dataset: 100%|██████████| 46890/46890 [00:00<00:00, 1500846.42 examples/s]

Casting the dataset: 100%|██████████| 46890/46890 [00:00<00:00, 1619957.29 examples/s]

Generating train split: 0 examples [00:00, ? examples/s]
Generating train split: 61882 examples [00:00, 584138.29 examples/s]
Generating train split: 92063 examples [00:00, 598277.41 examples/s]

Casting the dataset:   0%|          | 0/92063 [00:00<?, ? examples/s]
Casting the dataset:   0%|          | 0/92063 [00:00<?, ? examples/s]
Casting the dataset:   0%|          | 0/92063 [00:00<?, ? examples/s]
Casting the dataset:   0%|          | 0/92063 [00:00<?, ? examples/s]
Casting the dataset:   0%|          | 0/92063 [00:00<?, ? examples/s]
Casting the dataset:   0%|          | 0/92063 [00:00<?, ? examples/s]
Casting the dataset:   0%|          | 0/92063 [00:00<?, ? examples/s]
Casting the dataset:   0%|          | 0/92063 [00:00<?, ? examples/s]
Casting the dataset:   0%|          | 0/92063 [00:00<?, ? examples/s]
Casting the dataset:   0%|          | 0/92063 [00:00<?, ? examples/s]
Casting the dataset:   0%|          | 0/92063 [00:00<?, ? examples/s]
Casting the dataset:   0%|          | 0/92063 [00:00<?, ? examples/s]
Casting the dataset:   0%|          | 0/92063 [00:00<?, ? examples/s]
Casting the dataset:   0%|          | 0/92063 [00:00<?, ? examples/s]
Casting the dataset: 100%|██████████| 92063/92063 [00:00<00:00, 1602560.71 examples/s]

Casting the dataset: 100%|██████████| 92063/92063 [00:00<00:00, 1616014.54 examples/s]

Casting the dataset: 100%|██████████| 92063/92063 [00:00<00:00, 1591562.87 examples/s]

Casting the dataset:   0%|          | 0/92063 [00:00<?, ? examples/s]
Casting the dataset:   0%|          | 0/92063 [00:00<?, ? examples/s]
Casting the dataset: 100%|██████████| 92063/92063 [00:00<00:00, 1568062.96 examples/s]

Casting the dataset: 100%|██████████| 92063/92063 [00:00<00:00, 1605112.08 examples/s]

Casting the dataset: 100%|██████████| 92063/92063 [00:00<00:00, 1604751.87 examples/s]

Casting the dataset: 100%|██████████| 92063/92063 [00:00<00:00, 1602720.35 examples/s]
Casting the dataset: 100%|██████████| 92063/92063 [00:00<00:00, 1581304.02 examples/s]


Casting the dataset: 100%|██████████| 92063/92063 [00:00<00:00, 1559859.94 examples/s]

Casting the dataset: 100%|██████████| 92063/92063 [00:00<00:00, 1669744.96 examples/s]

Casting the dataset: 100%|██████████| 92063/92063 [00:00<00:00, 1646541.00 examples/s]

Casting the dataset: 100%|██████████| 92063/92063 [00:00<00:00, 1544461.99 examples/s]

Casting the dataset: 100%|██████████| 92063/92063 [00:00<00:00, 1638450.61 examples/s]

Casting the dataset: 100%|██████████| 92063/92063 [00:00<00:00, 1507588.73 examples/s]

Casting the dataset: 100%|██████████| 92063/92063 [00:00<00:00, 1685120.07 examples/s]

Casting the dataset: 100%|██████████| 92063/92063 [00:00<00:00, 1632141.55 examples/s]

Generating train split: 0 examples [00:00, ? examples/s]
Generating train split: 59377 examples [00:00, 554563.83 examples/s]
Generating train split: 107910 examples [00:00, 588501.07 examples/s]

Casting the dataset:   0%|          | 0/107910 [00:00<?, ? examples/s]
Casting the dataset:   0%|          | 0/107910 [00:00<?, ? examples/s]
Casting the dataset:   0%|          | 0/107910 [00:00<?, ? examples/s]
Casting the dataset:   0%|          | 0/107910 [00:00<?, ? examples/s]
Casting the dataset:   0%|          | 0/107910 [00:00<?, ? examples/s]
Casting the dataset:   0%|          | 0/107910 [00:00<?, ? examples/s]
Casting the dataset:   0%|          | 0/107910 [00:00<?, ? examples/s]
Casting the dataset:   0%|          | 0/107910 [00:00<?, ? examples/s]
Casting the dataset:   0%|          | 0/107910 [00:00<?, ? examples/s]
Casting the dataset:   0%|          | 0/107910 [00:00<?, ? examples/s]
Casting the dataset:   0%|          | 0/107910 [00:00<?, ? examples/s]
Casting the dataset:   0%|          | 0/107910 [00:00<?, ? examples/s]
Casting the dataset:   0%|          | 0/107910 [00:00<?, ? examples/s]
Casting the dataset:   0%|          | 0/107910 [00:00<?, ? examples/s]
Casting the dataset:   0%|          | 0/107910 [00:00<?, ? examples/s]
Casting the dataset:   0%|          | 0/107910 [00:00<?, ? examples/s]
Casting the dataset: 100%|██████████| 107910/107910 [00:00<00:00, 1599833.67 examples/s]

Casting the dataset: 100%|██████████| 107910/107910 [00:00<00:00, 1581835.21 examples/s]

Casting the dataset: 100%|██████████| 107910/107910 [00:00<00:00, 1666926.97 examples/s]

Casting the dataset: 100%|██████████| 107910/107910 [00:00<00:00, 1645677.33 examples/s]

Casting the dataset: 100%|██████████| 107910/107910 [00:00<00:00, 1699493.26 examples/s]

Casting the dataset: 100%|██████████| 107910/107910 [00:00<00:00, 1694549.32 examples/s]

Casting the dataset: 100%|██████████| 107910/107910 [00:00<00:00, 1582106.15 examples/s]

Casting the dataset: 100%|██████████| 107910/107910 [00:00<00:00, 1641547.02 examples/s]

Casting the dataset: 100%|██████████| 107910/107910 [00:00<00:00, 1604376.14 examples/s]

Casting the dataset: 100%|██████████| 107910/107910 [00:00<00:00, 1673181.64 examples/s]

Casting the dataset: 100%|██████████| 107910/107910 [00:00<00:00, 1487988.27 examples/s]

Casting the dataset: 100%|██████████| 107910/107910 [00:00<00:00, 1564945.73 examples/s]

Casting the dataset: 100%|██████████| 107910/107910 [00:00<00:00, 1556544.52 examples/s]

Casting the dataset: 100%|██████████| 107910/107910 [00:00<00:00, 1648374.40 examples/s]

Casting the dataset: 100%|██████████| 107910/107910 [00:00<00:00, 1650442.12 examples/s]

Casting the dataset: 100%|██████████| 107910/107910 [00:00<00:00, 1546682.83 examples/s]

Generating train split: 0 examples [00:00, ? examples/s]
Generating train split: 11806 examples [00:00, 395204.62 examples/s]

Casting the dataset:   0%|          | 0/11806 [00:00<?, ? examples/s]
Casting the dataset:   0%|          | 0/11806 [00:00<?, ? examples/s]
Casting the dataset:   0%|          | 0/11806 [00:00<?, ? examples/s]
Casting the dataset:   0%|          | 0/11806 [00:00<?, ? examples/s]
Casting the dataset:   0%|          | 0/11806 [00:00<?, ? examples/s]
Casting the dataset:   0%|          | 0/11806 [00:00<?, ? examples/s]
Casting the dataset: 100%|██████████| 11806/11806 [00:00<00:00, 1120011.60 examples/s]

Casting the dataset: 100%|██████████| 11806/11806 [00:00<00:00, 1126201.48 examples/s]

Casting the dataset:   0%|          | 0/11806 [00:00<?, ? examples/s]
Casting the dataset: 100%|██████████| 11806/11806 [00:00<00:00, 1137506.96 examples/s]
Casting the dataset:   0%|          | 0/11806 [00:00<?, ? examples/s]

Casting the dataset:   0%|          | 0/11806 [00:00<?, ? examples/s]
Casting the dataset: 100%|██████████| 11806/11806 [00:00<00:00, 1098105.14 examples/s]

Casting the dataset: 100%|██████████| 11806/11806 [00:00<00:00, 1111389.36 examples/s]

Casting the dataset:   0%|          | 0/11806 [00:00<?, ? examples/s]
Casting the dataset: 100%|██████████| 11806/11806 [00:00<00:00, 1185008.57 examples/s]

Casting the dataset:   0%|          | 0/11806 [00:00<?, ? examples/s]
Casting the dataset: 100%|██████████| 11806/11806 [00:00<00:00, 1151018.18 examples/s]

Casting the dataset: 100%|██████████| 11806/11806 [00:00<00:00, 1093183.94 examples/s]

Casting the dataset: 100%|██████████| 11806/11806 [00:00<00:00, 914627.87 examples/s]

Casting the dataset: 100%|██████████| 11806/11806 [00:00<00:00, 1150723.95 examples/s]

Casting the dataset:   0%|          | 0/11806 [00:00<?, ? examples/s]
Casting the dataset:   0%|          | 0/11806 [00:00<?, ? examples/s]
Casting the dataset:   0%|          | 0/11806 [00:00<?, ? examples/s]
Casting the dataset:   0%|          | 0/11806 [00:00<?, ? examples/s]
Casting the dataset:   0%|          | 0/11806 [00:00<?, ? examples/s]
Casting the dataset: 100%|██████████| 11806/11806 [00:00<00:00, 221010.98 examples/s]
Casting the dataset: 100%|██████████| 11806/11806 [00:00<00:00, 259306.53 examples/s]


Casting the dataset: 100%|██████████| 11806/11806 [00:00<00:00, 1124232.69 examples/s]

Casting the dataset: 100%|██████████| 11806/11806 [00:00<00:00, 1118645.30 examples/s]

Casting the dataset: 100%|██████████| 11806/11806 [00:00<00:00, 1029821.83 examples/s]
Casting the dataset: 100%|██████████| 11806/11806 [00:00<00:00, 1085943.84 examples/s]


Generating train split: 0 examples [00:00, ? examples/s]
Generating train split: 52931 examples [00:00, 523780.85 examples/s]
Generating train split: 77348 examples [00:00, 531889.19 examples/s]

Casting the dataset:   0%|          | 0/77348 [00:00<?, ? examples/s]
Casting the dataset:   0%|          | 0/77348 [00:00<?, ? examples/s]
Casting the dataset:   0%|          | 0/77348 [00:00<?, ? examples/s]
Casting the dataset:   0%|          | 0/77348 [00:00<?, ? examples/s]
Casting the dataset:   0%|          | 0/77348 [00:00<?, ? examples/s]
Casting the dataset:   0%|          | 0/77348 [00:00<?, ? examples/s]
Casting the dataset:   0%|          | 0/77348 [00:00<?, ? examples/s]
Casting the dataset:   0%|          | 0/77348 [00:00<?, ? examples/s]
Casting the dataset:   0%|          | 0/77348 [00:00<?, ? examples/s]
Casting the dataset:   0%|          | 0/77348 [00:00<?, ? examples/s]
Casting the dataset:   0%|          | 0/77348 [00:00<?, ? examples/s]
Casting the dataset:   0%|          | 0/77348 [00:00<?, ? examples/s]
Casting the dataset:   0%|          | 0/77348 [00:00<?, ? examples/s]
Casting the dataset: 100%|██████████| 77348/77348 [00:00<00:00, 1558562.53 examples/s]

Casting the dataset:   0%|          | 0/77348 [00:00<?, ? examples/s]
Casting the dataset: 100%|██████████| 77348/77348 [00:00<00:00, 1493348.61 examples/s]

Casting the dataset:   0%|          | 0/77348 [00:00<?, ? examples/s]
Casting the dataset: 100%|██████████| 77348/77348 [00:00<00:00, 1517411.33 examples/s]

Casting the dataset: 100%|██████████| 77348/77348 [00:00<00:00, 1418537.85 examples/s]

Casting the dataset: 100%|██████████| 77348/77348 [00:00<00:00, 1516850.85 examples/s]

Casting the dataset: 100%|██████████| 77348/77348 [00:00<00:00, 1480678.15 examples/s]

Casting the dataset: 100%|██████████| 77348/77348 [00:00<00:00, 1605822.09 examples/s]

Casting the dataset: 100%|██████████| 77348/77348 [00:00<00:00, 1607931.22 examples/s]

Casting the dataset: 100%|██████████| 77348/77348 [00:00<00:00, 1590174.43 examples/s]

Casting the dataset: 100%|██████████| 77348/77348 [00:00<00:00, 1582742.33 examples/s]

Casting the dataset: 100%|██████████| 77348/77348 [00:00<00:00, 1626708.71 examples/s]

Casting the dataset: 100%|██████████| 77348/77348 [00:00<00:00, 1578429.97 examples/s]
Casting the dataset: 100%|██████████| 77348/77348 [00:00<00:00, 1587148.19 examples/s]


Casting the dataset:   0%|          | 0/77348 [00:00<?, ? examples/s]
Casting the dataset: 100%|██████████| 77348/77348 [00:00<00:00, 1610893.31 examples/s]

Casting the dataset: 100%|██████████| 77348/77348 [00:00<00:00, 1634189.96 examples/s]

Casting the dataset: 100%|██████████| 77348/77348 [00:00<00:00, 1634659.31 examples/s]

Generating train split: 0 examples [00:00, ? examples/s]
Generating train split: 52908 examples [00:00, 529859.95 examples/s]

Casting the dataset:   0%|          | 0/52908 [00:00<?, ? examples/s]
Casting the dataset:   0%|          | 0/52908 [00:00<?, ? examples/s]
Casting the dataset:   0%|          | 0/52908 [00:00<?, ? examples/s]
Casting the dataset:   0%|          | 0/52908 [00:00<?, ? examples/s]
Casting the dataset:   0%|          | 0/52908 [00:00<?, ? examples/s]
Casting the dataset:   0%|          | 0/52908 [00:00<?, ? examples/s]
Casting the dataset:   0%|          | 0/52908 [00:00<?, ? examples/s]
Casting the dataset:   0%|          | 0/52908 [00:00<?, ? examples/s]
Casting the dataset:   0%|          | 0/52908 [00:00<?, ? examples/s]
Casting the dataset: 100%|██████████| 52908/52908 [00:00<00:00, 1521687.38 examples/s]

Casting the dataset:   0%|          | 0/52908 [00:00<?, ? examples/s]
Casting the dataset:   0%|          | 0/52908 [00:00<?, ? examples/s]
Casting the dataset:   0%|          | 0/52908 [00:00<?, ? examples/s]
Casting the dataset: 100%|██████████| 52908/52908 [00:00<00:00, 1460688.88 examples/s]

Casting the dataset: 100%|██████████| 52908/52908 [00:00<00:00, 1494499.39 examples/s]

Casting the dataset: 100%|██████████| 52908/52908 [00:00<00:00, 1524342.36 examples/s]

Casting the dataset:   0%|          | 0/52908 [00:00<?, ? examples/s]
Casting the dataset:   0%|          | 0/52908 [00:00<?, ? examples/s]
Casting the dataset: 100%|██████████| 52908/52908 [00:00<00:00, 1587514.03 examples/s]

Casting the dataset: 100%|██████████| 52908/52908 [00:00<00:00, 1543780.25 examples/s]

Casting the dataset: 100%|██████████| 52908/52908 [00:00<00:00, 1513653.75 examples/s]

Casting the dataset: 100%|██████████| 52908/52908 [00:00<00:00, 1581281.03 examples/s]

Casting the dataset: 100%|██████████| 52908/52908 [00:00<00:00, 1564282.44 examples/s]

Casting the dataset:   0%|          | 0/52908 [00:00<?, ? examples/s]
Casting the dataset: 100%|██████████| 52908/52908 [00:00<00:00, 1592355.37 examples/s]

Casting the dataset: 100%|██████████| 52908/52908 [00:00<00:00, 1585948.34 examples/s]

Casting the dataset: 100%|██████████| 52908/52908 [00:00<00:00, 1455906.86 examples/s]

Casting the dataset: 100%|██████████| 52908/52908 [00:00<00:00, 1559533.33 examples/s]

Casting the dataset: 100%|██████████| 52908/52908 [00:00<00:00, 1504265.37 examples/s]

Casting the dataset:   0%|          | 0/52908 [00:00<?, ? examples/s]
Casting the dataset: 100%|██████████| 52908/52908 [00:00<00:00, 1636496.78 examples/s]

Casting the dataset: 100%|██████████| 52908/52908 [00:00<00:00, 1630101.49 examples/s]

Generating train split: 0 examples [00:00, ? examples/s]
Generating train split: 5010 examples [00:00, 404610.82 examples/s]

Casting the dataset:   0%|          | 0/5010 [00:00<?, ? examples/s]
Casting the dataset:   0%|          | 0/5010 [00:00<?, ? examples/s]
Casting the dataset:   0%|          | 0/5010 [00:00<?, ? examples/s]
Casting the dataset: 100%|██████████| 5010/5010 [00:00<00:00, 776866.54 examples/s]

Casting the dataset: 100%|██████████| 5010/5010 [00:00<00:00, 804589.46 examples/s]

Casting the dataset: 100%|██████████| 5010/5010 [00:00<00:00, 767867.54 examples/s]

Casting the dataset:   0%|          | 0/5010 [00:00<?, ? examples/s]
Casting the dataset:   0%|          | 0/5010 [00:00<?, ? examples/s]
Casting the dataset:   0%|          | 0/5010 [00:00<?, ? examples/s]
Casting the dataset:   0%|          | 0/5010 [00:00<?, ? examples/s]
Casting the dataset: 100%|██████████| 5010/5010 [00:00<00:00, 731717.50 examples/s]

Casting the dataset: 100%|██████████| 5010/5010 [00:00<00:00, 769780.32 examples/s]

Casting the dataset: 100%|██████████| 5010/5010 [00:00<00:00, 742027.02 examples/s]

Casting the dataset: 100%|██████████| 5010/5010 [00:00<00:00, 783587.39 examples/s]

Casting the dataset:   0%|          | 0/5010 [00:00<?, ? examples/s]
Casting the dataset:   0%|          | 0/5010 [00:00<?, ? examples/s]
Casting the dataset:   0%|          | 0/5010 [00:00<?, ? examples/s]
Casting the dataset:   0%|          | 0/5010 [00:00<?, ? examples/s]
Casting the dataset:   0%|          | 0/5010 [00:00<?, ? examples/s]
Casting the dataset: 100%|██████████| 5010/5010 [00:00<00:00, 800025.24 examples/s]

Casting the dataset: 100%|██████████| 5010/5010 [00:00<00:00, 794159.60 examples/s]

Casting the dataset: 100%|██████████| 5010/5010 [00:00<00:00, 790128.33 examples/s]

Casting the dataset: 100%|██████████| 5010/5010 [00:00<00:00, 778651.32 examples/s]

Casting the dataset: 100%|██████████| 5010/5010 [00:00<00:00, 806473.10 examples/s]

Casting the dataset:   0%|          | 0/5010 [00:00<?, ? examples/s]
Casting the dataset:   0%|          | 0/5010 [00:00<?, ? examples/s]
Casting the dataset:   0%|          | 0/5010 [00:00<?, ? examples/s]
Casting the dataset: 100%|██████████| 5010/5010 [00:00<00:00, 756260.82 examples/s]

Casting the dataset: 100%|██████████| 5010/5010 [00:00<00:00, 793290.16 examples/s]

Casting the dataset: 100%|██████████| 5010/5010 [00:00<00:00, 800695.89 examples/s]

Casting the dataset:   0%|          | 0/5010 [00:00<?, ? examples/s]
Casting the dataset: 100%|██████████| 5010/5010 [00:00<00:00, 780328.38 examples/s]

Generating train split: 0 examples [00:00, ? examples/s]
Generating train split: 30078 examples [00:00, 503565.60 examples/s]

Casting the dataset:   0%|          | 0/30078 [00:00<?, ? examples/s]
Casting the dataset:   0%|          | 0/30078 [00:00<?, ? examples/s]
Casting the dataset:   0%|          | 0/30078 [00:00<?, ? examples/s]
Casting the dataset:   0%|          | 0/30078 [00:00<?, ? examples/s]
Casting the dataset:   0%|          | 0/30078 [00:00<?, ? examples/s]
Casting the dataset:   0%|          | 0/30078 [00:00<?, ? examples/s]
Casting the dataset:   0%|          | 0/30078 [00:00<?, ? examples/s]
Casting the dataset:   0%|          | 0/30078 [00:00<?, ? examples/s]
Casting the dataset:   0%|          | 0/30078 [00:00<?, ? examples/s]
Casting the dataset: 100%|██████████| 30078/30078 [00:00<00:00, 1410323.70 examples/s]

Casting the dataset: 100%|██████████| 30078/30078 [00:00<00:00, 1327206.38 examples/s]

Casting the dataset: 100%|██████████| 30078/30078 [00:00<00:00, 1348500.59 examples/s]
Casting the dataset: 100%|██████████| 30078/30078 [00:00<00:00, 1366806.89 examples/s]

Casting the dataset: 100%|██████████| 30078/30078 [00:00<00:00, 1422007.91 examples/s]


Casting the dataset:   0%|          | 0/30078 [00:00<?, ? examples/s]
Casting the dataset:   0%|          | 0/30078 [00:00<?, ? examples/s]
Casting the dataset: 100%|██████████| 30078/30078 [00:00<00:00, 1461258.32 examples/s]

Casting the dataset:   0%|          | 0/30078 [00:00<?, ? examples/s]
Casting the dataset:   0%|          | 0/30078 [00:00<?, ? examples/s]
Casting the dataset: 100%|██████████| 30078/30078 [00:00<00:00, 1402188.21 examples/s]

Casting the dataset:   0%|          | 0/30078 [00:00<?, ? examples/s]
Casting the dataset: 100%|██████████| 30078/30078 [00:00<00:00, 1454033.12 examples/s]

Casting the dataset: 100%|██████████| 30078/30078 [00:00<00:00, 1459567.71 examples/s]

Casting the dataset:   0%|          | 0/30078 [00:00<?, ? examples/s]
Casting the dataset: 100%|██████████| 30078/30078 [00:00<00:00, 1448324.16 examples/s]

Casting the dataset: 100%|██████████| 30078/30078 [00:00<00:00, 1428432.21 examples/s]

Casting the dataset:   0%|          | 0/30078 [00:00<?, ? examples/s]
Casting the dataset: 100%|██████████| 30078/30078 [00:00<00:00, 1341346.02 examples/s]

Casting the dataset: 100%|██████████| 30078/30078 [00:00<00:00, 1454754.10 examples/s]

Casting the dataset: 100%|██████████| 30078/30078 [00:00<00:00, 1352244.26 examples/s]

Casting the dataset: 100%|██████████| 30078/30078 [00:00<00:00, 1411838.89 examples/s]

Casting the dataset: 100%|██████████| 30078/30078 [00:00<00:00, 1439269.34 examples/s]
[TRAIN rank=3] >>> build_datasets() DONE — train_len=12187406, val_len=None
[TRAIN rank=3] >>> Wan22Trainer.train() START
[TRAIN rank=2] >>> build_datasets() DONE — train_len=12187406, val_len=None
[TRAIN rank=2] >>> Wan22Trainer.train() START
[TRAIN rank=15] >>> build_datasets() DONE — train_len=12187406, val_len=None
[TRAIN rank=15] >>> Wan22Trainer.train() START
[TRAIN rank=10] >>> build_datasets() DONE — train_len=12187406, val_len=None
[TRAIN rank=10] >>> Wan22Trainer.train() START
[TRAIN rank=5] >>> build_datasets() DONE — train_len=12187406, val_len=None
[TRAIN rank=5] >>> Wan22Trainer.train() START
[TRAIN rank=7] >>> build_datasets() DONE — train_len=12187406, val_len=None
[TRAIN rank=7] >>> Wan22Trainer.train() START
[TRAIN rank=0] >>> build_datasets() DONE — train_len=12187406, val_len=None
[TRAIN rank=0] >>> Wan22Trainer.train() START
[TRAIN rank=14] >>> build_datasets() DONE — train_len=12187406, val_len=None
[TRAIN rank=14] >>> Wan22Trainer.train() START
[TRAIN rank=12] >>> build_datasets() DONE — train_len=12187406, val_len=None
[TRAIN rank=12] >>> Wan22Trainer.train() START
[TRAIN rank=6] >>> build_datasets() DONE — train_len=12187406, val_len=None
[TRAIN rank=6] >>> Wan22Trainer.train() START
[TRAIN rank=13] >>> build_datasets() DONE — train_len=12187406, val_len=None
[TRAIN rank=13] >>> Wan22Trainer.train() START
[TRAIN rank=1] >>> build_datasets() DONE — train_len=12187406, val_len=None
[TRAIN rank=1] >>> Wan22Trainer.train() START
[TRAIN rank=11] >>> build_datasets() DONE — train_len=12187406, val_len=None
[TRAIN rank=11] >>> Wan22Trainer.train() START
[TRAIN rank=4] >>> build_datasets() DONE — train_len=12187406, val_len=None
[TRAIN rank=4] >>> Wan22Trainer.train() START
[TRAIN rank=9] >>> build_datasets() DONE — train_len=12187406, val_len=None
[TRAIN rank=9] >>> Wan22Trainer.train() START
[TRAIN rank=8] >>> build_datasets() DONE — train_len=12187406, val_len=None
[TRAIN rank=8] >>> Wan22Trainer.train() START
the dataset: 100%|██████████| 96190/96190 [00:00<00:00, 1595806.10 examples/s]

Casting the dataset: 100%|██████████| 96190/96190 [00:00<00:00, 1605662.91 examples/s]

Casting the dataset: 100%|██████████| 96190/96190 [00:00<00:00, 1560705.22 examples/s]

Casting the dataset: 100%|██████████| 96190/96190 [00:00<00:00, 1660602.84 examples/s]

Casting the dataset: 100%|██████████| 96190/96190 [00:00<00:00, 1667149.18 examples/s]

Casting the dataset: 100%|██████████| 96190/96190 [00:00<00:00, 1637425.18 examples/s]

Casting the dataset: 100%|██████████| 96190/96190 [00:00<00:00, 1691827.49 examples/s]

Casting the dataset: 100%|██████████| 96190/96190 [00:00<00:00, 1623326.08 examples/s]

Casting the dataset: 100%|██████████| 96190/96190 [00:00<00:00, 1650872.40 examples/s]

Casting the dataset: 100%|██████████| 96190/96190 [00:00<00:00, 1535987.29 examples/s]

Casting the dataset: 100%|██████████| 96190/96190 [00:00<00:00, 1695168.49 examples/s]

Casting the dataset: 100%|██████████| 96190/96190 [00:00<00:00, 1714263.08 examples/s]

Casting the dataset: 100%|██████████| 96190/96190 [00:00<00:00, 1637584.69 examples/s]

Generating train split: 0 examples [00:00, ? examples/s]
Generating train split: 61253 examples [00:00, 571593.82 examples/s]
Generating train split: 124376 examples [00:00, 596504.75 examples/s]
Generating train split: 143459 examples [00:00, 603798.59 examples/s]

Casting the dataset:   0%|          | 0/143459 [00:00<?, ? examples/s]
Casting the dataset:   0%|          | 0/143459 [00:00<?, ? examples/s]
Casting the dataset:   0%|          | 0/143459 [00:00<?, ? examples/s]
Casting the dataset:   0%|          | 0/143459 [00:00<?, ? examples/s]
Casting the dataset:   0%|          | 0/143459 [00:00<?, ? examples/s]
Casting the dataset:   0%|          | 0/143459 [00:00<?, ? examples/s]
Casting the dataset:   0%|          | 0/143459 [00:00<?, ? examples/s]
Casting the dataset:   0%|          | 0/143459 [00:00<?, ? examples/s]
Casting the dataset:   0%|          | 0/143459 [00:00<?, ? examples/s]
Casting the dataset:   0%|          | 0/143459 [00:00<?, ? examples/s]
Casting the dataset:   0%|          | 0/143459 [00:00<?, ? examples/s]
Casting the dataset:   0%|          | 0/143459 [00:00<?, ? examples/s]
Casting the dataset:   0%|          | 0/143459 [00:00<?, ? examples/s]
Casting the dataset:   0%|          | 0/143459 [00:00<?, ? examples/s]
Casting the dataset:   0%|          | 0/143459 [00:00<?, ? examples/s]
Casting the dataset:   0%|          | 0/143459 [00:00<?, ? examples/s]
Casting the dataset: 100%|██████████| 143459/143459 [00:00<00:00, 1604258.01 examples/s]

Casting the dataset: 100%|██████████| 143459/143459 [00:00<00:00, 1562799.58 examples/s]

Casting the dataset: 100%|██████████| 143459/143459 [00:00<00:00, 1609846.34 examples/s]

Casting the dataset: 100%|██████████| 143459/143459 [00:00<00:00, 1610518.52 examples/s]

Casting the dataset: 100%|██████████| 143459/143459 [00:00<00:00, 1678458.69 examples/s]

Casting the dataset: 100%|██████████| 143459/143459 [00:00<00:00, 1646758.29 examples/s]

Casting the dataset: 100%|██████████| 143459/143459 [00:00<00:00, 1657276.40 examples/s]

Casting the dataset: 100%|██████████| 143459/143459 [00:00<00:00, 1496781.51 examples/s]

Casting the dataset: 100%|██████████| 143459/143459 [00:00<00:00, 1712387.36 examples/s]

Casting the dataset: 100%|██████████| 143459/143459 [00:00<00:00, 1661000.33 examples/s]

Casting the dataset: 100%|██████████| 143459/143459 [00:00<00:00, 1691400.51 examples/s]

Casting the dataset: 100%|██████████| 143459/143459 [00:00<00:00, 1531296.37 examples/s]

Casting the dataset: 100%|██████████| 143459/143459 [00:00<00:00, 1705925.58 examples/s]

Casting the dataset: 100%|██████████| 143459/143459 [00:00<00:00, 1663388.03 examples/s]

Casting the dataset: 100%|██████████| 143459/143459 [00:00<00:00, 1710109.73 examples/s]

Casting the dataset: 100%|██████████| 143459/143459 [00:00<00:00, 1627375.39 examples/s]

Generating train split: 0 examples [00:00, ? examples/s]
Generating train split: 57112 examples [00:00, 548055.26 examples/s]
Generating train split: 124411 examples [00:00, 579572.97 examples/s]
Generating train split: 170753 examples [00:00, 591291.00 examples/s]

Casting the dataset:   0%|          | 0/170753 [00:00<?, ? examples/s]
Casting the dataset:   0%|          | 0/170753 [00:00<?, ? examples/s]
Casting the dataset:   0%|          | 0/170753 [00:00<?, ? examples/s]
Casting the dataset:   0%|          | 0/170753 [00:00<?, ? examples/s]
Casting the dataset:   0%|          | 0/170753 [00:00<?, ? examples/s]
Casting the dataset:   0%|          | 0/170753 [00:00<?, ? examples/s]
Casting the dataset:   0%|          | 0/170753 [00:00<?, ? examples/s]
Casting the dataset:   0%|          | 0/170753 [00:00<?, ? examples/s]
Casting the dataset:   0%|          | 0/170753 [00:00<?, ? examples/s]
Casting the dataset:   0%|          | 0/170753 [00:00<?, ? examples/s]
Casting the dataset:   0%|          | 0/170753 [00:00<?, ? examples/s]
Casting the dataset:   0%|          | 0/170753 [00:00<?, ? examples/s]
Casting the dataset:   0%|          | 0/170753 [00:00<?, ? examples/s]
Casting the dataset:   0%|          | 0/170753 [00:00<?, ? examples/s]
Casting the dataset:   0%|          | 0/170753 [00:00<?, ? examples/s]
Casting the dataset:   0%|          | 0/170753 [00:00<?, ? examples/s]
Casting the dataset:  97%|█████████▋| 166000/170753 [00:00<00:00, 1639229.34 examples/s]
Casting the dataset:  97%|█████████▋| 165000/170753 [00:00<00:00, 1634044.10 examples/s]
Casting the dataset:  97%|█████████▋| 165000/170753 [00:00<00:00, 1628591.44 examples/s]
Casting the dataset:  98%|█████████▊| 168000/170753 [00:00<00:00, 1663306.28 examples/s]
Casting the dataset:  99%|█████████▉| 169000/170753 [00:00<00:00, 1668060.67 examples/s]
Casting the dataset: 100%|██████████| 170753/170753 [00:00<00:00, 1561827.36 examples/s]

Casting the dataset: 100%|██████████| 170753/170753 [00:00<00:00, 1676172.58 examples/s]

Casting the dataset: 100%|██████████| 170753/170753 [00:00<00:00, 1564245.91 examples/s]
Casting the dataset: 100%|██████████| 170753/170753 [00:00<00:00, 1671474.36 examples/s]
Casting the dataset: 100%|██████████| 170753/170753 [00:00<00:00, 1689565.67 examples/s]
Casting the dataset: 100%|██████████| 170753/170753 [00:00<00:00, 1659145.33 examples/s]




Casting the dataset: 100%|██████████| 170753/170753 [00:00<00:00, 1696529.65 examples/s]
Casting the dataset: 100%|██████████| 170753/170753 [00:00<00:00, 1567923.86 examples/s]

Casting the dataset: 100%|██████████| 170753/170753 [00:00<00:00, 1565730.08 examples/s]

Casting the dataset: 100%|██████████| 170753/170753 [00:00<00:00, 1514422.30 examples/s]
Casting the dataset: 100%|██████████| 170753/170753 [00:00<00:00, 1660822.84 examples/s]


Casting the dataset: 100%|██████████| 170753/170753 [00:00<00:00, 1593112.26 examples/s]

Casting the dataset: 100%|██████████| 170753/170753 [00:00<00:00, 1633484.83 examples/s]

Casting the dataset: 100%|██████████| 170753/170753 [00:00<00:00, 1608551.79 examples/s]

Casting the dataset:  89%|████████▉ | 152000/170753 [00:00<00:00, 1474582.36 examples/s]
Casting the dataset: 100%|██████████| 170753/170753 [00:00<00:00, 1705153.37 examples/s]

Casting the dataset: 100%|██████████| 170753/170753 [00:00<00:00, 1742754.02 examples/s]

Casting the dataset: 100%|██████████| 170753/170753 [00:00<00:00, 1432938.83 examples/s]

Generating train split: 0 examples [00:00, ? examples/s]
Generating train split: 28589 examples [00:00, 550527.55 examples/s]

Casting the dataset:   0%|          | 0/28589 [00:00<?, ? examples/s]
Casting the dataset:   0%|          | 0/28589 [00:00<?, ? examples/s]
Casting the dataset:   0%|          | 0/28589 [00:00<?, ? examples/s]
Casting the dataset:   0%|          | 0/28589 [00:00<?, ? examples/s]
Casting the dataset:   0%|          | 0/28589 [00:00<?, ? examples/s]
Casting the dataset:   0%|          | 0/28589 [00:00<?, ? examples/s]
Casting the dataset:   0%|          | 0/28589 [00:00<?, ? examples/s]
Casting the dataset:   0%|          | 0/28589 [00:00<?, ? examples/s]
Casting the dataset: 100%|██████████| 28589/28589 [00:00<00:00, 1327505.95 examples/s]

Casting the dataset:   0%|          | 0/28589 [00:00<?, ? examples/s]
Casting the dataset: 100%|██████████| 28589/28589 [00:00<00:00, 1237649.99 examples/s]

Casting the dataset:   0%|          | 0/28589 [00:00<?, ? examples/s]
Casting the dataset: 100%|██████████| 28589/28589 [00:00<00:00, 1094527.47 examples/s]

Casting the dataset: 100%|██████████| 28589/28589 [00:00<00:00, 1067659.35 examples/s]

Casting the dataset: 100%|██████████| 28589/28589 [00:00<00:00, 1310760.12 examples/s]

Casting the dataset: 100%|██████████| 28589/28589 [00:00<00:00, 1145336.04 examples/s]

Casting the dataset: 100%|██████████| 28589/28589 [00:00<00:00, 1306931.41 examples/s]

Casting the dataset:   0%|          | 0/28589 [00:00<?, ? examples/s]
Casting the dataset: 100%|██████████| 28589/28589 [00:00<00:00, 697517.65 examples/s]
Casting the dataset:   0%|          | 0/28589 [00:00<?, ? examples/s]

Casting the dataset: 100%|██████████| 28589/28589 [00:00<00:00, 1161061.58 examples/s]

Casting the dataset:   0%|          | 0/28589 [00:00<?, ? examples/s]
Casting the dataset:   0%|          | 0/28589 [00:00<?, ? examples/s]
Casting the dataset: 100%|██████████| 28589/28589 [00:00<00:00, 1347056.82 examples/s]

Casting the dataset:   0%|          | 0/28589 [00:00<?, ? examples/s]
Casting the dataset: 100%|██████████| 28589/28589 [00:00<00:00, 1320677.98 examples/s]

Casting the dataset: 100%|██████████| 28589/28589 [00:00<00:00, 1237139.23 examples/s]

Casting the dataset: 100%|██████████| 28589/28589 [00:00<00:00, 1352008.18 examples/s]

Casting the dataset: 100%|██████████| 28589/28589 [00:00<00:00, 1206626.86 examples/s]

Casting the dataset: 100%|██████████| 28589/28589 [00:00<00:00, 1422363.79 examples/s]

Casting the dataset:   0%|          | 0/28589 [00:00<?, ? examples/s]
Casting the dataset: 100%|██████████| 28589/28589 [00:00<00:00, 1350607.18 examples/s]

Generating train split: 0 examples [00:00, ? examples/s]
Generating train split: 46890 examples [00:00, 547613.24 examples/s]

Casting the dataset:   0%|          | 0/46890 [00:00<?, ? examples/s]
Casting the dataset:   0%|          | 0/46890 [00:00<?, ? examples/s]
Casting the dataset:   0%|          | 0/46890 [00:00<?, ? examples/s]
Casting the dataset:   0%|          | 0/46890 [00:00<?, ? examples/s]
Casting the dataset:   0%|          | 0/46890 [00:00<?, ? examples/s]
Casting the dataset:   0%|          | 0/46890 [00:00<?, ? examples/s]
Casting the dataset:   0%|          | 0/46890 [00:00<?, ? examples/s]
Casting the dataset:   0%|          | 0/46890 [00:00<?, ? examples/s]
Casting the dataset: 100%|██████████| 46890/46890 [00:00<00:00, 1413495.34 examples/s]
Casting the dataset:   0%|          | 0/46890 [00:00<?, ? examples/s]

Casting the dataset: 100%|██████████| 46890/46890 [00:00<00:00, 1396294.80 examples/s]

Casting the dataset:   0%|          | 0/46890 [00:00<?, ? examples/s]
Casting the dataset: 100%|██████████| 46890/46890 [00:00<00:00, 1299667.70 examples/s]

Casting the dataset:   0%|          | 0/46890 [00:00<?, ? examples/s]
Casting the dataset:   0%|          | 0/46890 [00:00<?, ? examples/s]
Casting the dataset: 100%|██████████| 46890/46890 [00:00<00:00, 1472319.11 examples/s]

Casting the dataset:   0%|          | 0/46890 [00:00<?, ? examples/s]
Casting the dataset: 100%|██████████| 46890/46890 [00:00<00:00, 1521961.54 examples/s]

Casting the dataset: 100%|██████████| 46890/46890 [00:00<00:00, 1517335.16 examples/s]

Casting the dataset:   0%|          | 0/46890 [00:00<?, ? examples/s]
Casting the dataset:   0%|          | 0/46890 [00:00<?, ? examples/s]
Casting the dataset: 100%|██████████| 46890/46890 [00:00<00:00, 1278495.19 examples/s]

Casting the dataset: 100%|██████████| 46890/46890 [00:00<00:00, 1526758.43 examples/s]

Casting the dataset: 100%|██████████| 46890/46890 [00:00<00:00, 1527564.81 examples/s]

Casting the dataset: 100%|██████████| 46890/46890 [00:00<00:00, 1298920.91 examples/s]

Casting the dataset: 100%|██████████| 46890/46890 [00:00<00:00, 1543655.04 examples/s]

Casting the dataset: 100%|██████████| 46890/46890 [00:00<00:00, 1513062.69 examples/s]

Casting the dataset: 100%|██████████| 46890/46890 [00:00<00:00, 1317295.59 examples/s]

Casting the dataset: 100%|██████████| 46890/46890 [00:00<00:00, 1324436.78 examples/s]

Casting the dataset:   0%|          | 0/46890 [00:00<?, ? examples/s]
Casting the dataset: 100%|██████████| 46890/46890 [00:00<00:00, 1401558.65 examples/s]

Casting the dataset: 100%|██████████| 46890/46890 [00:00<00:00, 1314785.77 examples/s]

Generating train split: 0 examples [00:00, ? examples/s]
Generating train split: 61882 examples [00:00, 568841.02 examples/s]
Generating train split: 92063 examples [00:00, 590011.66 examples/s]

Casting the dataset:   0%|          | 0/92063 [00:00<?, ? examples/s]
Casting the dataset:   0%|          | 0/92063 [00:00<?, ? examples/s]
Casting the dataset:   0%|          | 0/92063 [00:00<?, ? examples/s]
Casting the dataset:   0%|          | 0/92063 [00:00<?, ? examples/s]
Casting the dataset:   0%|          | 0/92063 [00:00<?, ? examples/s]
Casting the dataset:   0%|          | 0/92063 [00:00<?, ? examples/s]
Casting the dataset:   0%|          | 0/92063 [00:00<?, ? examples/s]
Casting the dataset:   0%|          | 0/92063 [00:00<?, ? examples/s]
Casting the dataset:   0%|          | 0/92063 [00:00<?, ? examples/s]
Casting the dataset:   0%|          | 0/92063 [00:00<?, ? examples/s]
Casting the dataset:   0%|          | 0/92063 [00:00<?, ? examples/s]
Casting the dataset:   0%|          | 0/92063 [00:00<?, ? examples/s]
Casting the dataset:   0%|          | 0/92063 [00:00<?, ? examples/s]
Casting the dataset:   0%|          | 0/92063 [00:00<?, ? examples/s]
Casting the dataset:   0%|          | 0/92063 [00:00<?, ? examples/s]
Casting the dataset:   0%|          | 0/92063 [00:00<?, ? examples/s]
Casting the dataset: 100%|██████████| 92063/92063 [00:00<00:00, 1529552.86 examples/s]

Casting the dataset: 100%|██████████| 92063/92063 [00:00<00:00, 1515922.04 examples/s]

Casting the dataset: 100%|██████████| 92063/92063 [00:00<00:00, 1503192.97 examples/s]

Casting the dataset: 100%|██████████| 92063/92063 [00:00<00:00, 1525697.12 examples/s]

Casting the dataset: 100%|██████████| 92063/92063 [00:00<00:00, 1546453.70 examples/s]

Casting the dataset: 100%|██████████| 92063/92063 [00:00<00:00, 1596682.95 examples/s]

Casting the dataset: 100%|██████████| 92063/92063 [00:00<00:00, 1592081.28 examples/s]

Casting the dataset: 100%|██████████| 92063/92063 [00:00<00:00, 1625819.28 examples/s]

Casting the dataset: 100%|██████████| 92063/92063 [00:00<00:00, 1637082.17 examples/s]

Casting the dataset: 100%|██████████| 92063/92063 [00:00<00:00, 1600966.07 examples/s]

Casting the dataset: 100%|██████████| 92063/92063 [00:00<00:00, 1601483.98 examples/s]

Casting the dataset: 100%|██████████| 92063/92063 [00:00<00:00, 1599898.11 examples/s]

Casting the dataset: 100%|██████████| 92063/92063 [00:00<00:00, 1521602.89 examples/
Generating train split: 115336 examples [00:00, 563762.77 examples/s]
Generating train split: 170753 examples [00:00, 581641.25 examples/s]

Casting the dataset:   0%|          | 0/170753 [00:00<?, ? examples/s]
Casting the dataset:   0%|          | 0/170753 [00:00<?, ? examples/s]
Casting the dataset:   0%|          | 0/170753 [00:00<?, ? examples/s]
Casting the dataset:   0%|   
Generating train split: 59377 examples [00:00, 557550.96 examples/s]
Generating train split: 107910 examples [00:00, 585645.51 examples/s]

Casting the dataset:   0%|          | 0/107910 [00:00<?, ? examples/s]
Casting the dataset:   0%|          | 0/107910 [00:00<?, ? examples/s]
Casting the dataset:   0%|          | 0/107910 [00:00<?, ? examples/s]
Casting the dataset:   0%|          | 0/107910 [00:00<?, ? examples/s]
Casting the dataset:   0%|          | 0/107910 [00:00<?, ? examples/s]
Casting the dataset:   0%|          | 0/107910 [00:00<?, ? examples/s]
Casting the dataset:   0%|          | 0/107910 [00:00<?, ? examples/s]
Casting the dataset:   0%|          | 0/107910 [00:00<?, ? examples/s]
Casting the dataset:   0%|          | 0/107910 [00:00<?, ? examples/s]
Casting the dataset:   0%|          | 0/107910 [00:00<?, ? examples/s]
Casting the dataset:   0%|          | 0/107910 [00:00<?, ? examples/s]
Casting the dataset:   0%|          | 0/107910 [00:00<?, ? examples/s]
Casting the dataset:   0%|          | 0/107910 [00:00<?, ? examples/s]
Casting the dataset:   0%|          | 0/107910 [00:00<?, ? examples/s]
Casting the dataset:   0%|          | 0/107910 [00:00<?, ? examples/s]
Casting the dataset: 100%|██████████| 107910/107910 [00:00<00:00, 1546497.87 examples/s]

Casting the dataset: 100%|██████████| 107910/107910 [00:00<00:00, 1493048.97 examples/s]

Casting the dataset: 100%|██████████| 107910/107910 [00:00<00:00, 1512396.52 examples/s]

Casting the dataset: 100%|██████████| 107910/107910 [00:00<00:00, 1535178.09 examples/s]

Casting the dataset: 100%|██████████| 107910/107910 [00:00<00:00, 1333948.36 examples/s]

Casting the dataset: 100%|██████████| 107910/107910 [00:00<00:00, 1462897.58 examples/s]

Casting the dataset:   0%|          | 0/107910 [00:00<?, ? examples/s]
Casting the dataset: 100%|██████████| 107910/107910 [00:00<00:00, 1587622.44 examples/s]

Casting the dataset: 100%|██████████| 107910/107910 [00:00<00:00, 1338081.32 examples/s]

Casting the dataset: 100%|██████████| 107910/107910 [00:00<00:00, 1594636.75 examples/s]

Casting the dataset: 100%|██████████| 107910/107910 [00:00<00:00, 1562568.51 examples/s]
Casting the dataset: 100%|██████████| 107910/107910 [00:00<00:00, 1531272.31 examples/s]


Casting the dataset: 100%|██████████| 107910/107910 [00:00<00:00, 1596402.84 examples/s]

Casting the dataset: 100%|██████████| 107910/107910 [00:00<00:00, 1624029.74 examples/s]

Casting the dataset: 100%|██████████| 107910/107910 [00:00<00:00, 1620262.42 examples/s]

Casting the dataset: 100%|██████████| 107910/107910 [00:00<00:00, 1361900.93 examples/s]

Casting the dataset: 100%|██████████| 107910/107910 [00:00<00:00, 1375593.32 examples/s]

Generating train split: 0 examples [00:00, ? examples/s]
Generating train split: 11806 examples [00:00, 335567.06 examples/s]

Casting the dataset:   0%|          | 0/11806 [00:00<?, ? examples/s]
Casting the dataset:   0%|          | 0/11806 [00:00<?, ? examples/s]
Casting the dataset:   0%|          | 0/11806 [00:00<?, ? examples/s]
Casting the dataset:   0%|          | 0/11806 [00:00<?, ? examples/s]
Casting the dataset:   0%|          | 0/11806 [00:00<?, ? examples/s]
Casting the dataset: 100%|██████████| 11806/11806 [00:00<00:00, 1087279.12 examples/s]

Casting the dataset: 100%|██████████| 11806/11806 [00:00<00:00, 1088737.37 examples/s]

Casting the dataset: 100%|██████████| 11806/11806 [00:00<00:00, 1076758.13 examples/s]

Casting the dataset:   0%|          | 0/11806 [00:00<?, ? examples/s]
Casting the dataset: 100%|██████████| 11806/11806 [00:00<00:00, 1055977.50 examples/s]

Casting the dataset:   0%|          | 0/11806 [00:00<?, ? examples/s]
Casting the dataset:   0%|          | 0/11806 [00:00<?, ? examples/s]
Casting the dataset: 100%|██████████| 11806/11806 [00:00<00:00, 1001637.50 examples/s]

Casting the dataset:   0%|          | 0/11806 [00:00<?, ? examples/s]
Casting the dataset:   0%|          | 0/11806 [00:00<?, ? examples/s]
Casting the dataset:   0%|          | 0/11806 [00:00<?, ? examples/s]
Casting the dataset:   0%|          | 0/11806 [00:00<?, ? examples/s]
Casting the dataset:   0%|          | 0/11806 [00:00<?, ? examples/s]
Casting the dataset: 100%|██████████| 11806/11806 [00:00<00:00, 1124411.39 examples/s]

Casting the dataset: 100%|██████████| 11806/11806 [00:00<00:00, 1112188.15 examples/s]

Casting the dataset: 100%|██████████| 11806/11806 [00:00<00:00, 1133626.82 examples/s]

Casting the dataset: 100%|██████████| 11806/11806 [00:00<00:00, 1063598.45 examples/s]

Casting the dataset: 100%|██████████| 11806/11806 [00:00<00:00, 1162939.24 examples/s]

Casting the dataset: 100%|██████████| 11806/11806 [00:00<00:00, 969875.29 examples/s]
Casting the dataset: 100%|██████████| 11806/11806 [00:00<00:00, 1121076.59 examples/s]


Casting the dataset: 100%|██████████| 11806/11806 [00:00<00:00, 1020630.98 examples/s]

Casting the dataset:   0%|          | 0/11806 [00:00<?, ? examples/s]
Casting the dataset: 100%|██████████| 11806/11806 [00:00<00:00, 1064535.92 examples/s]

Casting the dataset:   0%|          | 0/11806 [00:00<?, ? examples/s]
Casting the dataset: 100%|██████████| 11806/11806 [00:00<00:00, 930386.36 examples/s]

Casting the dataset:   0%|          | 0/11806 [00:00<?, ? examples/s]
Casting the dataset: 100%|██████████| 11806/11806 [00:00<00:00, 1060023.83 examples/s]

Generating train split: 0 examples [00:00, ? examples/s]
Generating train split: 45356 examples [00:00, 451146.74 examples/s]
Generating train split: 77348 examples [00:00, 479463.09 examples/s]

Casting the dataset:   0%|          | 0/77348 [00:00<?, ? examples/s]
Casting the dataset:   0%|          | 0/77348 [00:00<?, ? examples/s]
Casting the dataset:   0%|          | 0/77348 [00:00<?, ? examples/s]
Casting the dataset:   0%|          | 0/77348 [00:00<?, ? examples/s]
Casting the dataset:   0%|          | 0/77348 [00:00<?, ? examples/s]
Casting the dataset:   0%|          | 0/77348 [00:00<?, ? examples/s]
Casting the dataset:   0%|          | 0/77348 [00:00<?, ? examples/s]
Casting the dataset:   0%|          | 0/77348 [00:00<?, ? examples/s]
Casting the dataset:   0%|          | 0/77348 [00:00<?, ? examples/s]
Casting the dataset:   0%|          | 0/77348 [00:00<?, ? examples/s]
Casting the dataset:   0%|          | 0/77348 [00:00<?, ? examples/s]
Casting the dataset:   0%|          | 0/77348 [00:00<?, ? examples/s]
Casting the dataset:   0%|          | 0/77348 [00:00<?, ? examples/s]
Casting the dataset:   0%|          | 0/77348 [00:00<?, ? examples/s]
Casting the dataset:   0%|          | 0/77348 [00:00<?, ? examples/s]
Casting the dataset: 100%|██████████| 77348/77348 [00:00<00:00, 1509454.54 examples/s]

Casting the dataset: 100%|██████████| 77348/77348 [00:00<00:00, 1382609.51 examples/s]

Casting the dataset: 100%|██████████| 77348/77348 [00:00<00:00, 1435637.37 examples/s]

Casting the dataset: 100%|██████████| 77348/77348 [00:00<00:00, 1428003.72 examples/s]

Casting the dataset: 100%|██████████| 77348/77348 [00:00<00:00, 1519572.01 examples/s]

Casting the dataset: 100%|██████████| 77348/77348 [00:00<00:00, 1315810.71 examples/s]
Casting the dataset: 100%|██████████| 77348/77348 [00:00<00:00, 1255854.11 examples/s]


Casting the dataset: 100%|██████████| 77348/77348 [00:00<00:00, 1301390.46 examples/s]

Casting the dataset: 100%|██████████| 77348/77348 [00:00<00:00, 1502944.20 examples/s]

Casting the dataset: 100%|██████████| 77348/77348 [00:00<00:00, 1347207.45 examples/s]

Casting the dataset: 100%|██████████| 77348/77348 [00:00<00:00, 1480766.01 examples/s]

Casting the dataset: 100%|██████████| 77348/77348 [00:00<00:00, 1582294.60 examples/s]

Casting the dataset:   0%|          | 0/77348 [00:00<?, ? examples/s]
Casting the dataset: 100%|██████████| 77348/77348 [00:00<00:00, 1521460.52 examples/s]

Casting the dataset: 100%|██████████| 77348/77348 [00:00<00:00, 1445823.14 examples/s]

Casting the dataset: 100%|██████████| 77348/77348 [00:00<00:00, 1396139.89 examples/s]

Casting the dataset: 100%|██████████| 77348/77348 [00:00<00:00, 1325119.37 examples/s]

Generating train split: 0 examples [00:00, ? examples/s]
Generating train split: 40089 examples [00:00, 398129.12 examples/s]
Generating train split: 52908 examples [00:00, 412498.51 examples/s]

Casting the dataset:   0%|          | 0/52908 [00:00<?, ? examples/s]
Casting the dataset:   0%|          | 0/52908 [00:00<?, ? examples/s]
Casting the dataset:   0%|          | 0/52908 [00:00<?, ? examples/s]
Casting the dataset:   0%|          | 0/52908 [00:00<?, ? examples/s]
Casting the dataset:   0%|          | 0/52908 [00:00<?, ? examples/s]
Casting the dataset:   0%|          | 0/52908 [00:00<?, ? examples/s]
Casting the dataset:   0%|          | 0/52908 [00:00<?, ? examples/s]
Casting the dataset:   0%|          | 0/52908 [00:00<?, ? examples/s]
Casting the dataset:   0%|          | 0/52908 [00:00<?, ? examples/s]
Casting the dataset:   0%|          | 0/52908 [00:00<?, ? examples/s]
Casting the dataset:   0%|          | 0/52908 [00:00<?, ? examples/s]
Casting the dataset: 100%|██████████| 52908/52908 [00:00<00:00, 1499690.73 examples/s]

Casting the dataset:   0%|          | 0/52908 [00:00<?, ? examples/s]
Casting the dataset:   0%|          | 0/52908 [00:00<?, ? examples/s]
Casting the dataset: 100%|██████████| 52908/52908 [00:00<00:00, 1387532.50 examples/s]
Casting the dataset:   0%|          | 0/52908 [00:00<?, ? examples/s]

Casting the dataset:   0%|          | 0/52908 [00:00<?, ? examples/s]
Casting the dataset:   0%|          | 0/52908 [00:00<?, ? examples/s]
Casting the dataset: 100%|██████████| 52908/52908 [00:00<00:00, 1292351.36 examples/s]

Casting the dataset: 100%|██████████| 52908/52908 [00:00<00:00, 1457149.66 examples/s]

Casting the dataset: 100%|██████████| 52908/52908 [00:00<00:00, 1485664.60 examples/s]

Casting the dataset: 100%|██████████| 52908/52908 [00:00<00:00, 1513798.31 examples/s]

Casting the dataset: 100%|██████████| 52908/52908 [00:00<00:00, 1349158.18 examples/s]

Casting the dataset: 100%|██████████| 52908/52908 [00:00<00:00, 1478665.72 examples/s]

Casting the dataset: 100%|██████████| 52908/52908 [00:00<00:00, 1350907.57 examples/s]

Casting the dataset: 100%|██████████| 52908/52908 [00:00<00:00, 1280804.78 examples/s]

Casting the dataset: 100%|██████████| 52908/52908 [00:00<00:00, 1344197.59 examples/s]

Casting the dataset: 100%|██████████| 52908/52908 [00:00<00:00, 1314614.80 examples/s]

Casting the dataset: 100%|██████████| 52908/52908 [00:00<00:00, 1321393.82 examples/s]

Casting the dataset: 100%|██████████| 52908/52908 [00:00<00:00, 1463376.30 examples/s]

Casting the dataset: 100%|██████████| 52908/52908 [00:00<00:00, 1471449.46 examples/s]

Casting the dataset: 100%|██████████| 52908/52908 [00:00<00:00, 1252743.50 examples/s]

Generating train split: 0 examples [00:00, ? examples/s]
Generating train split: 5010 examples [00:00, 383338.44 examples/s]

Casting the dataset:   0%|          | 0/5010 [00:00<?, ? examples/s]
Casting the dataset:   0%|          | 0/5010 [00:00<?, ? examples/s]
Casting the dataset:   0%|          | 0/5010 [00:00<?, ? examples/s]
Casting the dataset:   0%|          | 0/5010 [00:00<?, ? examples/s]
Casting the dataset:   0%|     
Casting the dataset:   0%|          
Casting the dataset: 100%|██�
Casting the dataset:   0%|          | 0/107910 [00:00<?, ? examples/s]
Casting the dataset: 100%|██████████| 5010/5010 [00:00<00:00, 769498.43 examples/s]

Casting the dataset:   0%|          
Casting the dataset:   0%|          | 0/107910 [00:00<?, ? examples/s]
Casting the dataset:   0%|          | 0/107910 [00:00<?, ? examples/s]
Casting the dataset:   0%|          | 0/107910 [00:00<?, ? examples/s]
Casting the dataset:   0%|          | 0/107910 [00:00<?, ? examples/s]
Casting the dataset:   0%|          | 0/107910 [00:00<?, ? examples/s]
Casting the dataset:   0%|          | 0/107910 [00:00<?, ? examples/s]
Casting the dataset:   0%|          | 0/107910 [00:00<?, ? examples/s]
Casting the dataset:   0%|          | 0/107910 [00:00<?, ? examples/s]
Casting the dataset:   0%|          | 0/107910 [00:00<?, ? examples/s]
Casting the dataset: 100%|██████████| 107910/107910 [00:00<00:00, 1568378.40 examples/s]

Casting the dataset: 100%|██████████| 107910/107910 [00:00<00:00, 1532039.43 examples/s]

Casting the dataset: 100%|██████████| 107910/107910 [00:00<00:00, 1598336.52 examples/s]

Casting the dataset: 100%|██████████| 107910/107910 [00:00<00:00, 1552007.68 examples/s]
Casting the dataset: 100%|██████████| 107910/107910 [00:00<00:00, 1529693.85 examples/s]
Casting the dataset: 100%|██████████| 107910/107910 [00:00<00:00, 1652002.35 examples/s]



Casting the dataset: 100%|██████████| 107910/107910 [00:00<00:00, 1639103.70 examples/s]

Casting the dataset: 100%|██████████| 107910/107910 [00:00<00:00, 1616899.45 examples/s]

Casting the dataset: 100%|██████████| 107910/107910 [00:00<00:00, 1578717.81 examples/s]

Casting the dataset:   0%|          | 0/107910 [00:00<?, ? examples/s]
Casting the dataset: 100%|██████████| 107910/107910 [00:00<00:00, 1701333.10 examples/s]

Casting the dataset: 100%|██████████| 107910/107910 [00:00<00:00, 1679876.13 examples/s]

Casting the dataset: 100%|██████████| 107910/107910 [00:00<00:00, 1655083.26 examples/s]

Casting the dataset: 100%|██████████| 107910/107910 [00:00<00:00, 1528448.90 examples/s]

Casting the dataset: 100%|████████�
Generating train split: 0 examples [00:00, ? examples/s]
Generating train split: 30078 examples [00:00, 446613.57 examples/s]

Casting the dataset:   0%|          | 0/30078 [00:00<?, ? examples/s]
Casting the dataset:   0%|          | 0/30078 [00:00<?, ? examples/s]
Casting the dataset:   0%|          | 0/30078 [00:00<?, ? examples/s]
Casting the dataset:   0%|          | 0/30078 [00:00<?, ? examples/
Casting the dataset:   0%|          | 0/11806 [00:00<?, ? examples/s]
Casting the dataset:   0%|          | 0/11806 [00:00<?, ? examples/s]
Casting the dataset:   0%|          | 0/11806 [00:00<?, ? examples/s]
Casting the dataset:   0%|          | 0/11806 [00:00<?, ? examples/s]
Casting the dataset: 100%|██████████| 11806/11806 [00:00<00:00, 1133341.41 examples/s]

Casting the dataset:   0%|          | 0/11806 [00:00<?, ? examples/s]
Casting the dataset:   0%|          | 0/11806 [00:00<?, ? examples/s]
Casting the dataset: 100%|██████████| 11806/11806 [00:00<00:00, 1137376.32 examples/s]

Casting the dataset:   0%|          | 0/11806 [00:00<?, ? examples/s]
Casting the dataset:   0%|          | 0/11806 [00:00<?, ? examples/s]
Casting the dataset: 100%|██████████| 11806/11806 [00:00<
Casting the dataset: 100%|██████████| 30078/30078 [00:00<00:00, 1392115.33 examples/s]

Casting the dataset: 100%|�
Casting the dataset: 100%|██████████| 11806/11806 [00:00<00:00, 1150617.00 examples/s]

Casting the dataset:   0%|          | 0/11806 [00:00<?, ? examples/s]
Casting 
Casting the dataset:   0%|          | 0/30078 [00:00<?, ? examples/s]
Casting the dataset: 100%|�
Casting the dataset:   0%|          | 0/11806 [00:00<?, ? examples/s]
Casting 
Casting the dataset:   0%|          | 0/30078 [00:00<?, ? examples/s]
Casting the dataset: 100%|�
Casting the dataset:   0%|          | 0/11806 [00:00<?, ? examples/s]
Casting the dataset: 100%|██████████| 11806/11806 [00:00<00:00, 917236.93 examples/s]

Casting the dataset: 100%|██████████| 11806/11806 [00:00<00:00, 1037590.16 examples/s]

Casting the dataset: 100%|██████████| 11806/11806 [00:00<00:00, 1148109.27 examples/s]

Casting the dataset: 100%|██████████| 11806/11806 [00
Casting the dataset: 100%|██████████| 30078/30078 [00:00<00:00, 1167875.76 examples/s]

Casting the dataset: 100%|██████████| 30078/30078 [00:00<00:00, 1144233.10 examples/s]

Casting the dataset: 100%|██████████| 30078/30078 [00:00<00:00, 1205587.34 examples/s]

Casting the dataset: 100%|██████████| 30078/30078 [00:00<00:00, 1157938.81 examples/s]

Casting the dataset: 100%|██████████| 30078/30078 [00:00<00:00, 994538.99 examples/s]

Casting the dataset: 100%|�
Casting the dataset:   0%|          | 0/11806 [00:00<?, ? examples/s]
Casting [TRAIN rank=3] >>> build_datasets() DONE — train_len=12187406, val_len=None
[TRAIN rank=3] >>> Wan22Trainer.train() START
[TRAIN rank=9] >>> build_datasets() DONE — train_len=12187406, val_len=None
[TRAIN rank=9] >>> Wan22Trainer.train() START
[TRAIN rank=12] >>> build_datasets() DONE — train_len=12187406, val_len=None
[TRAIN rank=12] >>> Wan22Trainer.train() START
[TRAIN rank=11] >>> build_datasets() DONE — train_len=12187406, val_len=None
[TRAIN rank=11] >>> Wan22Trainer.train() START
[TRAIN rank=4] >>> build_datasets() DONE — train_len=12187406, val_len=None
[TRAIN rank=4] >>> Wan22Trainer.train() START
[TRAIN rank=13] >>> build_datasets() DONE — train_len=12187406, val_len=None
[TRAIN rank=13] >>> Wan22Trainer.train() START
[TRAIN rank=10] >>> build_datasets() DONE — train_len=12187406, val_len=None
[TRAIN rank=10] >>> Wan22Trainer.train() START
[TRAIN rank=15] >>> build_datasets() DONE — train_len=12187406, val_len=None
[TRAIN rank=15] >>> Wan22Trainer.train() START
[TRAIN rank=7] >>> build_datasets() DONE — train_len=12187406, val_len=None
[TRAIN rank=7] >>> Wan22Trainer.train() START
[TRAIN rank=14] >>> build_datasets() DONE — train_len=12187406, val_len=None
[TRAIN rank=14] >>> Wan22Trainer.train() START
[TRAIN rank=2] >>> build_datasets() DONE — train_len=12187406, val_len=None
[TRAIN rank=2] >>> Wan22Trainer.train() START
[TRAIN rank=8] >>> build_datasets() DONE — train_len=12187406, val_len=None
[TRAIN rank=8] >>> Wan22Trainer.train() START
[TRAIN rank=6] >>> build_datasets() DONE — train_len=12187406, val_len=None
[TRAIN rank=6] >>> Wan22Trainer.train() START
[TRAIN rank=1] >>> build_datasets() DONE — train_len=12187406, val_len=None
[TRAIN rank=1] >>> Wan22Trainer.train() START
[TRAIN rank=5] >>> build_datasets() DONE — train_len=12187406, val_len=None
[TRAIN rank=5] >>> Wan22Trainer.train() START
[TRAIN rank=0] >>> build_datasets() DONE — train_len=12187406, val_len=None
[TRAIN rank=0] >>> Wan22Trainer.train() START
�█████| 77348/77348 [00:00<00:00, 1558510.12 examples/s]

Casting the dataset: 100%|██████████| 77348/77348 [00:00<00:00, 1592782.01 examples/s]

Casting the dataset: 100%|██████████| 77348/77348 [00:00<00:00, 1543450.87 examples/s]

Casting the dataset: 100%|██████████| 77348/77348 [00:00<00:00, 1615859.83 examples/s]

Casting the dataset:   0%|          | 0/77348 [00:00<?, ? examples/s]
Casting the dataset: 100%|██████████| 77348/77348 [00:00<00:00, 1132185.72 examples/s]

Casting the dataset: 100%|██████████| 77348/77348 [00:00<00:00, 1646740.36 examples/s]

Casting the dataset: 100%|██████████| 77348/77348 [00:00<00:00, 1549081.43 examples/s]

Casting the dataset: 100%|██████████| 77348/77348 [00:00<00:00, 1636985.33 examples/s]

Casting the dataset: 100%|██████████| 77348/77348 [00:00<00:00, 1651123.63 examples/s]

Casting the dataset: 100%|██████████| 77348/77348 [00:00<00:00, 1129092.52 examples/s]

Casting the dataset: 100%|██████████| 77348/77348 [00:00<00:00, 1634091.19 examples/s]

Casting the dataset: 100%|██████████| 77348/77348 [00:00<00:00, 1450036.54 examples/s]

Generating train split: 0 examples [00:00, ? examples/s]
Generating train split: 52908 examples [00:00, 538763.16 examples/s]

Casting the dataset:   0%|          | 0/52908 [00:00<?, ? examples/s]
Casting the dataset:   0%|          | 0/52908 [00:00<?, ? examples/s]
Casting the dataset:   0%|          | 0/52908 [00:00<?, ? examples/s]
Casting the dataset:   0%|          | 0/52908 [00:00<?, ? examples/s]
Casting the dataset:   0%|          | 0/52908 [00:00<?, ? examples/s]
Casting the dataset:   0%|          | 0/52908 [00:00<?, ? examples/s]
Casting the dataset:   0%|          | 0/52908 [00:00<?, ? examples/s]
Casting the dataset:   0%|          | 0/52908 [00:00<?, ? examples/s]
Casting the dataset:   0%|          | 0/52908 [00:00<?, ? examples/s]
Casting the dataset: 100%|██████████| 52908/52908 [00:00<00:00, 1558700.82 examples/s]

Casting the dataset:   0%|          | 0/52908 [00:00<?, ? examples/s]
Casting the dataset: 100%|██████████| 52908/52908 [00:00<00:00, 1435479.66 examples/s]

Casting the dataset:   0%|          | 0/52908 [00:00<?, ? examples/s]
Casting the dataset: 100%|██████████| 52908/52908 [00:00<00:00, 1487317.52 examples/s]

Casting the dataset:   0%|          | 0/52908 [00:00<?, ? examples/s]
Casting the dataset:   0%|          | 0/52908 [00:00<?, ? examples/s]
Casting the dataset:   0%|          | 0/52908 [00:00<?, ? examples/s]
Casting the dataset: 100%|██████████| 52908/52908 [00:00<00:00, 1489054.05 examples/s]

Casting the dataset:   0%|          | 0/52908 [00:00<?, ? examples/s]
Casting the dataset: 100%|██████████| 52908/52908 [00:00<00:00, 1538066.51 examples/s]

Casting the dataset: 100%|██████████| 52908/52908 [00:00<00:00, 1573298.90 examples/s]

Casting the dataset: 100%|██████████| 52908/52908 [00:00<00:00, 1563466.89 examples/s]

Casting the dataset: 100%|██████████| 52908/52908 [00:00<00:00, 1125583.87 examples/s]

Casting the dataset: 100%|██████████| 52908/52908 [00:00<00:00, 1468887.88 examples/s]

Casting the dataset: 100%|██████████| 52908/52908 [00:00<00:00, 1589242.13 examples/s]

Casting the dataset: 100%|██████████| 52908/52908 [00:00<00:00, 1558766.51 examples/s]

Casting the dataset: 100%|██████████| 52908/52908 [00:00<00:00, 1564944.33 examples/s]

Casting the dataset: 100%|██████████| 52908/52908 [00:00<00:00, 1559577.17 examples/s]

Casting the dataset:   0%|          | 0/52908 [00:00<?, ? examples/s]
Casting the dataset: 100%|██████████| 52908/52908 [00:00<00:00, 1552257.16 examples/s]

Casting the dataset: 100%|██████████| 52908/52908 [00:00<00:00, 1101591.17 examples/s]

Casting the dataset: 100%|██████████| 52908/52908 [00:00<00:00, 1648385.40 examples/s]

Generating train split: 0 examples [00:00, ? examples/s]
Generating train split: 5010 examples [00:00, 416867.62 examples/s]

Casting the dataset:   0%|          | 0/5010 [00:00<?, ? examples/s]
Casting the dataset:   0%|          | 0/5010 [00:00<?, ? examples/s]
Casting the dataset:   0%|          | 0/5010 [00:00<?, ? examples/s]
Casting the dataset:   0%|          | 0/5010 [00:00<?, ? examples/s]
Casting the dataset: 100%|██████████| 5010/5010 [00:00<00:00, 763959.25 examples/s]

Casting the dataset:   0%|          | 0/5010 [00:00<?, ? examples/s]
Casting the dataset: 100%|██████████| 5010/5010 [00:00<00:00, 789356.64 examples/s]

Casting the dataset:   0%|          | 0/5010 [00:00<?, ? examples/s]
Casting the dataset: 100%|██████████| 5010/5010 [00:00<00:00, 715961.26 examples/s]

Casting the dataset: 100%|██████████| 5010/5010 [00:00<00:00, 809767.36 examples/s]

Casting the dataset: 100%|██████████| 5010/5010 [00:00<00:00, 795121.20 examples/s]

Casting the dataset: 100%|██████████| 5010/5010 [00:00<00:00, 804004.55 examples/s]

Casting the dataset:   0%|          | 0/5010 [00:00<?, ? examples/s]
Casting the dataset:   0%|          | 0/5010 [00:00<?, ? examples/s]
Casting the dataset:   0%|          | 0/5010 [00:00<?, ? examples/s]
Casting the dataset: 100%|██████████| 5010/5010 [00:00<00:00, 726355.45 examples/s]

Casting the dataset:   0%|          | 0/5010 [00:00<?, ? examples/s]
Casting the dataset: 100%|██████████| 5010/5010 [00:00<00:00, 751688.89 examples/s]

Casting the dataset: 100%|██████████| 5010/5010 [00:00<00:00, 777297.59 examples/s]

Casting the dataset:   0%|          | 0/5010 [00:00<?, ? examples/s]
Casting the dataset: 100%|██████████| 5010/5010 [00:00<00:00, 787404.47 examples/s]

Casting the dataset:   0%|          | 0/5010 [00:00<?, ? examples/s]
Casting the dataset: 100%|██████████| 5010/5010 [00:00<00:00, 794069.57 examples/s]

Casting the dataset:   0%|          | 0/5010 [00:00<?, ? examples/s]
Casting the dataset: 100%|██████████| 5010/5010 [00:00<00:00, 809268.39 examples/s]

Casting the dataset:   0%|          | 0/5010 [00:00<?, ? examples/s]
Casting the dataset: 100%|██████████| 5010/5010 [00:00<00:00, 808272.29 examples/s]

Casting the dataset:   0%|          | 0/5010 [00:00<?, ? examples/s]
Casting the dataset: 100%|██████████| 5010/5010 [00:00<00:00, 807371.69 examples/s]

Casting the dataset: 100%|██████████| 5010/5010 [00:00<00:00, 793200.33 examples/s]

Casting the dataset:   0%|          | 0/5010 [00:00<?, ? examples/s]
Casting the dataset: 100%|██████████| 5010/5010 [00:00<00:00, 744181.86 examples/s]

Generating train split: 0 examples [00:00, ? examples/s]
Generating train split: 30078 examples [00:00, 479705.37 examples/s]

Casting the dataset:   0%|          | 0/30078 [00:00<?, ? examples/s]
Casting the dataset:   0%|          | 0/30078 [00:00<?, ? examples/s]
Casting the dataset:   0%|          | 0/30078 [00:00<?, ? examples/s]
Casting the dataset:   0%|          | 0/30078 [00:00<?, ? examples/s]
Casting the dataset:   0%|          | 0/30078 [00:00<?, ? examples/s]
Casting the dataset: 100%|██████████| 30078/30078 [00:00<00:00, 1493238.75 examples/s]

Casting the dataset:   0%|          | 0/30078 [00:00<?, ? examples/s]
Casting the dataset:   0%|          | 0/30078 [00:00<?, ? examples/s]
Casting the dataset:   0%|          | 0/30078 [00:00<?, ? examples/s]
Casting the dataset:   0%|          | 0/30078 [00:00<?, ? examples/s]
Casting the dataset: 100%|██████████| 30078/30078 [00:00<00:00, 1399916.51 examples/s]

Casting the dataset:   0%|          | 0/30078 [00:00<?, ? examples/s]
Casting the dataset: 100%|██████████| 30078/30078 [00:00<00:00, 1391025.50 examples/s]

Casting the dataset: 100%|██████████| 30078/30078 [00:00<00:00, 1405233.87 examples/s]

Casting the dataset:   0%|          | 0/30078 [00:00<?, ? examples/s]
Casting the dataset:   0%|          | 0/30078 [00:00<?, ? examples/s]
Casting the dataset: 100%|██████████| 30078/30078 [00:00<00:00, 1482639.07 examples/s]

Casting the dataset: 100%|██████████| 30078/30078 [00:00<00:00, 1283732.82 examples/s]

Casting the dataset: 100%|██████████| 30078/30078 [00:00<00:00, 1446729.69 examples/s]

Casting the dataset: 100%|██████████| 30078/30078 [00:00<00:00, 1446016.64 examples/s]

Casting the dataset: 100%|██████████| 30078/30078 [00:00<00:00, 1431836.79 examples/s]

Casting the dataset:   0%|          | 0/30078 [00:00<?, ? examples/s]
Casting the dataset: 100%|██████████| 30078/30078 [00:00<00:00, 1443402.62 examples/s]

Casting the dataset:   0%|          | 0/30078 [00:00<?, ? examples/s]
Casting the dataset:   0%|          | 0/30078 [00:00<?, ? examples/s]
Casting the dataset:   0%|          | 0/30078 [00:00<?, ? examples/s]
Casting the dataset: 100%|██████████| 30078/30078 [00:00<00:00, 1433105.48 examples/s]

Casting the dataset: 100%|██████████| 30078/30078 [00:00<00:00, 1418649.86 examples/s]

Casting the dataset: 100%|██████████| 30078/30078 [00:00<00:00, 1432958.98 examples/s]

Casting the dataset: 100%|██████████| 30078/30078 [00:00<00:00, 1443055.90 examples/s]

Casting the dataset: 100%|██████████| 30078/30078 [00:00<00:00, 1464039.41 examples/s]

Casting the dataset: 100%|██████████| 30078/30078 [00:00<00:00, 1109495.33 examples/s]
[TRAIN rank=6] >>> build_datasets() DONE — train_len=12187406, val_len=None
[TRAIN rank=6] >>> Wan22Trainer.train() START
[TRAIN rank=14] >>> build_datasets() DONE — train_len=12187406, val_len=None
[TRAIN rank=14] >>> Wan22Trainer.train() START
[TRAIN rank=15] >>> build_datasets() DONE — train_len=12187406, val_len=None
[TRAIN rank=15] >>> Wan22Trainer.train() START
[TRAIN rank=7] >>> build_datasets() DONE — train_len=12187406, val_len=None
[TRAIN rank=7] >>> Wan22Trainer.train() START
[TRAIN rank=3] >>> build_datasets() DONE — train_len=12187406, val_len=None
[TRAIN rank=3] >>> Wan22Trainer.train() START
[TRAIN rank=9] >>> build_datasets() DONE — train_len=12187406, val_len=None
[TRAIN rank=9] >>> Wan22Trainer.train() START
[TRAIN rank=0] >>> build_datasets() DONE — train_len=12187406, val_len=None
[TRAIN rank=0] >>> Wan22Trainer.train() START
[TRAIN rank=1] >>> build_datasets() DONE — train_len=12187406, val_len=None
[TRAIN rank=1] >>> Wan22Trainer.train() START
[TRAIN rank=4] >>> build_datasets() DONE — train_len=12187406, val_len=None
[TRAIN rank=4] >>> Wan22Trainer.train() START
[TRAIN rank=8] >>> build_datasets() DONE — train_len=12187406, val_len=None
[TRAIN rank=10] >>> build_datasets() DONE — train_len=12187406, val_len=None
[TRAIN rank=8] >>> Wan22Trainer.train() START
[TRAIN rank=10] >>> Wan22Trainer.train() START
[TRAIN rank=11] >>> build_datasets() DONE — train_len=12187406, val_len=None
[TRAIN rank=11] >>> Wan22Trainer.train() START
[TRAIN rank=5] >>> build_datasets() DONE — train_len=12187406, val_len=None
[TRAIN rank=5] >>> Wan22Trainer.train() START
[TRAIN rank=13] >>> build_datasets() DONE — train_len=12187406, val_len=None
[TRAIN rank=13] >>> Wan22Trainer.train() START
[TRAIN rank=12] >>> build_datasets() DONE — train_len=12187406, val_len=None
[TRAIN rank=12] >>> Wan22Trainer.train() START
[TRAIN rank=2] >>> build_datasets() DONE — train_len=12187406, val_len=None
[TRAIN rank=2] >>> Wan22Trainer.train() START
es [00:00, ? examples/s]| >> [dataset-init] logical index mapper enabled for root=/data/share/1919650160032350208/foundation_model/datasets/astribot_lerobotv3/dry_clothes_bxx_20260605_compressed rows=170264 runs=2
| >> [dataset-init] LeRobotDataset root=/data/share/1919650160032350208/foundation_model/datasets/astribot_lerobotv3/dry_clothes_bxx_20260605_compressed episodes=None len_hf=170264 meta_total_frames=170264 logical_index_map=2 run(s)
| >> [dataset-init] done 102/127 dataset=/data/share/1919650160032350208/foundation_model/datasets/astribot_lerobotv3/dry_clothes_bxx_20260605_compressed rows=170264 frames=170264 took=0.7s elapsed=32.5s avg=0.3s eta=8.0s
| >> [dataset-init] start 103/127 dataset=/data/share/1919650160032350208/foundation_model/datasets/astribot_lerobotv3/dry_clothes_bxx_20260609_compressed elapsed=32.5s avg=0.3s eta=8.0s

Generating train split: 56705 examples [00:00, 551326.89 examples/s]
Generating train split: 60598 examples [00:00, 560449.02 examples/s]

Casting the dataset:   0%|          | 0/60598 [00:00<?, ? examples/s]
Casting the dataset:   0%|          | 0/60598 [00:00<?, ? examples/s]
Casting the dataset:   0%|          | 0/60598 [00:00<?, ? examples/s]
Casting the dataset:   0%|          | 0/60598 [00:00<?, ? examples/s]
Casting the dataset:   0%|          | 0/60598 [00:00<?, ? examples/s]
Casting the dataset:   0%|          | 0/60598 [00:00<?, ? examples/s]
Casting the dataset: 100%|██████████| 60598/60598 [00:00<00:00, 1559772.16 examples/s]

Casting the dataset:   0%|          | 0/60598 [00:00<?, ? examples/s]
Casting the dataset:   0%|          | 0/60598 [00:00<?, ? examples/s]
Casting the dataset:   0%|          | 0/60598 [00:00<?, ? examples/s]
Casting the dataset:   0%|          | 0/60598 [00:00<?, ? examples/s]
Casting the dataset:   0%|          | 0/60598 [00:00<?, ? examples/s]
Casting the dataset:   0%|          | 0/60598 [00:00<?, ? examples/s]
Casting the dataset:   0%|          | 0/60598 [00:00<?, ? examples/s]
Casting the dataset:   0%|          | 0/60598 [00:00<?, ? examples/s]
Casting the dataset:   0%|          | 0/60598 [00:00<?, ? examples/s]
Casting the dataset: 100%|██████████| 60598/60598 [00:00<00:00, 1452811.31 examples/s]

Casting the dataset: 100%|██████████| 60598/60598 [00:00<00:00, 1445745.71 examples/s]

Casting the dataset: 100%|██████████| 60598/60598 [00:00<00:00, 1442832.19 examples/s]

Casting the dataset: 100%|██████████| 60598/60598 [00:00<00:00, 1483949.59 examples/s]

Casting the dataset: 100%|██████████| 60598/60598 [00:00<00:00, 1384054.77 examples/s]

Casting the dataset: 100%|██████████| 60598/60598 [00:00<00:00, 1596823.73 examples/s]

Casting the dataset: 100%|██████████| 60598/60598 [00:00<00:00, 1555191.08 examples/s]
Casting the dataset: 100%|██████████| 60598/60598 [00:00<00:00, 1564004.88 examples/s]


Casting the dataset: 100%|██████████| 60598/60598 [00:00<00:00, 1586834.36 examples/s]

Casting the dataset: 100%|██████████| 60598/60598 [00:00<00:00, 1542918.05 examples/s]
Casting the dataset: 100%|██████████| 60598/60598 [00:00<00:00, 1550409.82 examples/s]


Casting the dataset: 100%|██████████| 60598/60598 [00:00<00:00, 1573815.20 examples/s]

Casting the dataset: 100%|██████████| 60598/60598 [00:00<00:00, 1560979.17 examples/s]
| >> [dataset-init] dataset=/data/share/1919650160032350208/foundation_model/datasets/astribot_lerobotv3/dry_clothes_bxx_20260609_compressed selected 7/13 parquet columns; dropped unused columns=['action.joint', 'action.pose_6d', 'action.pose_quat', 'observation.state.joint', 'observation.state.pose_6d', 'observation.state.pose_quat']

Casting the dataset: 100%|██████████| 60598/60598 [00:00<00:00, 1468440.16 examples/s]
| >> [dataset-init] logical index mapper enabled for root=/data/share/1919650160032350208/foundation_model/datasets/astribot_lerobotv3/dry_clothes_bxx_20260609_compressed rows=60598 runs=1
| >> [dataset-init] LeRobotDataset root=/data/share/1919650160032350208/foundation_model/datasets/astribot_lerobotv3/dry_clothes_bxx_20260609_compressed episodes=None len_hf=60598 meta_total_frames=60598 logical_index_map=1 run(s)
| >> [dataset-init] done 103/127 dataset=/data/share/1919650160032350208/foundation_model/datasets/astribot_lerobotv3/dry_clothes_bxx_20260609_compressed rows=60598 frames=60598 took=0.2s elapsed=32.7s avg=0.3s eta=7.6s
| >> [dataset-init] start 104/127 dataset=/data/share/1919650160032350208/foundation_model/datasets/astribot_lerobotv3/dry_clothes_grasp_whb_20260624_compressed elapsed=32.7s avg=0.3s eta=7.6s

Casting the dataset:   0%|          | 0/60598 [00:00<?, ? examples/s]
Casting the dataset: 100%|██████████| 60598/60598 [00:00<00:00, 1596823.73 examples/s]

Generating train split: 0 examples [00:00, ? examples/s]
Generating train split: 49043 examples [00:00, 482556.41 examples/s]
Generating train split: 50677 examples [00:00, 489542.03 examples/s]

Casting the dataset:   0%|          | 0/50677 [00:00<?, ? examples/s]
Casting the dataset:   0%|          | 0/50677 [00:00<?, ? examples/s]
Casting the dataset:   0%|          | 0/50677 [00:00<?, ? examples/s]
Casting the dataset:   0%|          | 0/50677 [00:00<?, ? examples/s]
Casting the dataset:   0%|          | 0/50677 [00:00<?, ? examples/s]
Casting the dataset:   0%|          | 0/50677 [00:00<?, ? examples/s]
Casting the dataset:   0%|          | 0/50677 [00:00<?, ? examples/s]
Casting the dataset:   0%|          | 0/50677 [00:00<?, ? examples/s]
Casting the dataset:   0%|          | 0/50677 [00:00<?, ? examples/s]
Casting the dataset:   0%|          | 0/50677 [00:00<?, ? examples/s]
Casting the dataset:   0%|          | 0/50677 [00:00<?, ? examples/s]
Casting the dataset:   0%|          | 0/50677 [00:00<?, ? examples/s]
Casting the dataset:   0%|          | 0/50677 [00:00<?, ? examples/s]
Casting the dataset:   0%|          | 0/50677 [00:00<?, ? examples/s]
Casting the dataset: 100%|██████████| 50677/50677 [00:00<00:00, 1481351.93 examples/s]

Casting the dataset:   0%|          | 0/50677 [00:00<?, ? examples/s]
Casting the dataset: 100%|██████████| 50677/50677 [00:00<00:00, 1493215.48 examples/s]

Casting the dataset: 100%|██████████| 50677/50677 [00:00<00:00, 1516991.23 examples/s]

Casting the dataset: 100%|██████████| 50677/50677 [00:00<00:00, 1567200.81 examples/s]

Casting the dataset: 100%|██████████| 50677/50677 [00:00<00:00, 1459854.01 examples/s]
Casting the dataset: 100%|██████████| 50677/50677 [00:00<00:00, 1494401.79 examples/s]


Casting the dataset: 100%|██████████| 50677/50677 [00:00<00:00, 1511693.90 examples/s]
Casting the dataset: 100%|██████████| 50677/50677 [00:00<00:00, 1559233.74 examples/s]


Casting the dataset: 100%|██████████| 50677/50677 [00:00<00:00, 1524597.03 examples/s]
| >> [dataset-init] dataset=/data/share/1919650160032350208/foundation_model/datasets/astribot_lerobotv3/dry_clothes_grasp_whb_20260624_compressed selected 7/13 parquet columns; dropped unused columns=['action.joint', 'action.pose_6d', 'action.pose_quat', 'observation.state.joint', 'observation.state.pose_6d', 'observation.state.pose_quat']

Casting the dataset: 100%|██████████| 50677/50677 [00:00<00:00, 1488822.65 examples/s]

Casting the dataset:   0%|          | 0/50677 [00:00<?, ? examples/s]| >> [dataset-init] logical index mapper enabled for root=/data/share/1919650160032350208/foundation_model/datasets/astribot_lerobotv3/dry_clothes_grasp_whb_20260624_compressed rows=50677 runs=1
| >> [dataset-init] LeRobotDataset root=/data/share/1919650160032350208/foundation_model/datasets/astribot_lerobotv3/dry_clothes_grasp_whb_20260624_compressed episodes=None len_hf=50677 meta_total_frames=50677 logical_index_map=1 run(s)
| >> [dataset-init] done 104/127 dataset=/data/share/1919650160032350208/foundation_model/datasets/astribot_lerobotv3/dry_clothes_grasp_whb_20260624_compressed rows=50677 frames=50677 took=0.2s elapsed=33.0s avg=0.3s eta=7.3s
| >> [dataset-init] start 105/127 dataset=/data/share/1919650160032350208/foundation_model/datasets/astribot_lerobotv3/dry_clothes_openandmove_bxx_20260623_compressed elapsed=33.0s avg=0.3s eta=7.3s

Casting the dataset: 100%|██████████| 50677/50677 [00:00<00:00, 1558113.62 examples/s]

Casting the dataset: 100%|██████████| 50677/50677 [00:00<00:00, 1567917.56 examples/s]

Casting the dataset: 100%|██████████| 50677/50677 [00:00<00:00, 1556584.63 examples/s]

Casting the dataset: 100%|██████████| 50677/50677 [00:00<00:00, 1599033.63 examples/s]

Casting the dataset: 100%|██████████| 50677/50677 [00:00<00:00, 1547529.64 examples/s]

Casting the dataset: 100%|██████████| 50677/50677 [00:00<00:00, 1577857.37 examples/s]

Generating train split: 0 examples [00:00, ? examples/s]
Generating train split: 22020 examples [00:00, 470981.72 examples/s]

Casting the dataset:   0%|          | 0/22020 [00:00<?, ? examples/s]
Casting the dataset:   0%|          | 0/22020 [00:00<?, ? examples/s]
Casting the dataset:   0%|          | 0/22020 [00:00<?, ? examples/s]
Casting the dataset:   0%|          | 0/22020 [00:00<?, ? examples/s]
Casting the dataset:   0%|          | 0/22020 [00:00<?, ? examples/s]
Casting the dataset:   0%|          | 0/22020 [00:00<?, ? examples/s]
Casting the dataset: 100%|██████████| 22020/22020 [00:00<00:00, 1356080.49 examples/s]

Casting the dataset: 100%|██████████| 22020/22020 [00:00<00:00, 1263316.93 examples/s]

Casting the dataset: 100%|██████████| 22020/22020 [00:00<00:00, 1329742.20 examples/s]

Casting the dataset: 100%|██████████| 22020/22020 [00:00<00:00, 1392830.25 examples/s]

Casting the dataset: 100%|██████████| 22020/22020 [00:00<00:00, 1238615.11 examples/s]

Casting the dataset: 100%|██████████| 22020/22020 [00:00<00:00, 1290122.42 examples/s]
Casting the dataset:   0%|          | 0/22020 [00:00<?, ? examples/s]

Casting the dataset:   0%|          | 0/22020 [00:00<?, ? examples/s]
Casting the dataset:   0%|          | 0/22020 [00:00<?, ? examples/s]
Casting the dataset:   0%|          | 0/22020 [00:00<?, ? examples/s]
Casting the dataset:   0%|          | 0/22020 [00:00<?, ? examples/s]
Casting the dataset:   0%|          | 0/22020 [00:00<?, ? examples/s]
Casting the dataset:   0%|          | 0/22020 [00:00<?, ? examples/s]
Casting the dataset: 100%|██████████| 22020/22020 [00:00<00:00, 1374976.91 examples/s]

Casting the dataset: 100%|██████████| 22020/22020 [00:00<00:00, 1368194.09 examples/s]

Casting the dataset: 100%|██████████| 22020/22020 [00:00<00:00, 1370874.76 examples/s]

Casting the dataset: 100%|██████████| 22020/22020 [00:00<00:00, 1392116.45 examples/s]

Casting the dataset: 100%|██████████| 22020/22020 [00:00<00:00, 1326324.03 examples/s]

Casting the dataset: 100%|██████████| 22020/22020 [00:00<00:00, 1367991.44 examples/s]
| >> [dataset-init] dataset=/data/share/1919650160032350208/foundation_model/datasets/astribot_lerobotv3/dry_clothes_openandmove_bxx_20260623_compressed selected 7/13 parquet columns; dropped unused columns=['action.joint', 'action.pose_6d', 'action.pose_quat', 'observation.state.joint', 'observation.state.pose_6d', 'observation.state.pose_quat']

Casting the dataset: 100%|██████████| 22020/22020 [00:00<00:00, 1312732.02 examples/s]
| >> [dataset-init] logical index mapper enabled for root=/data/share/1919650160032350208/foundation_model/datasets/astribot_lerobotv3/dry_clothes_openandmove_bxx_20260623_compressed rows=22020 runs=1
| >> [dataset-init] LeRobotDataset root=/data/share/1919650160032350208/foundation_model/datasets/astribot_lerobotv3/dry_clothes_openandmove_bxx_20260623_compressed episodes=None len_hf=22020 meta_total_frames=22020 logical_index_map=1 run(s)
| >> [dataset-init] done 105/127 dataset=/data/share/1919650160032350208/foundation_model/datasets/astribot_lerobotv3/dry_clothes_openandmove_bxx_20260623_compressed rows=22020 frames=22020 took=0.2s elapsed=33.2s avg=0.3s eta=6.9s
| >> [dataset-init] start 106/127 dataset=/data/share/1919650160032350208/foundation_model/datasets/astribot_lerobotv3/dry_clothes_openandmove_bxx_20260624_compressed elapsed=33.2s avg=0.3s eta=6.9s

Casting the dataset:   0%|          | 0/22020 [00:00<?, ? examples/s]
Casting the dataset: 100%|██████████| 22020/22020 [00:00<00:00, 1385475.59 examples/s]

Generating train split: 0 examples [00:00, ? examples/s]
Casting the dataset:   0%|          | 0/22020 [00:00<?, ? examples/s]
Casting the dataset: 100%|██████████| 22020/22020 [00:00<00:00, 1373933.74 examples/s]

Generating train split: 21228 examples [00:00, 484408.40 examples/s]

Casting the dataset:   0%|          | 0/21228 [00:00<?, ? examples/s]
Casting the dataset:   0%|          | 0/22020 [00:00<?, ? examples/s]
Casting the dataset:   0%|          | 0/21228 [00:00<?, ? examples/s]
Casting the dataset: 100%|██████████| 21228/21228 [00:00<00:00, 1313768.01 examples/s]

Casting the dataset:   0%|          | 0/21228 [00:00<?, ? examples/s]
Casting the dataset: 100%|██████████| 22020/22020 [00:00<00:00, 1384333.44 examples/s]

Casting the dataset:   0%|          | 0/21228 [00:00<?, ? examples/s]
Casting the dataset:   0%|          | 0/21228 [00:00<?, ? examples/s]
Casting the dataset:   0%|          | 0/21228 [00:00<?, ? examples/s]
Casting the dataset:   0%|          | 0/21228 [00:00<?, ? examples/s]
Casting the dataset:   0%|          | 0/21228 [00:00<?, ? examples/s]
Casting the dataset: 100%|██████████| 21228/21228 [00:00<00:00, 1258148.96 examples/s]

Casting the dataset:   0%|          | 0/21228 [00:00<?, ? examples/s]
Casting the dataset: 100%|██████████| 21228/21228 [00:00<00:00, 1291584.74 examples/s]

Casting the dataset: 100%|██████████| 21228/21228 [00:00<00:00, 1331250.34 examples/s]
Casting the dataset: 100%|██████████| 21228/21228 [00:00<00:00, 1294457.72 examples/s]


Casting the dataset: 100%|██████████| 21228/21228 [00:00<00:00, 1381356.05 examples/s]

Casting the dataset:   0%|          | 0/21228 [00:00<?, ? examples/s]
Casting the dataset:   0%|          | 0/21228 [00:00<?, ? examples/s]
Casting the dataset:   0%|          | 0/21228 [00:00<?, ? examples/s]
Casting the dataset: 100%|██████████| 21228/21228 [00:00<00:00, 1366012.36 examples/s]

Casting the dataset: 100%|██████████| 21228/21228 [00:00<00:00, 1248813.91 examples/s]

Casting the dataset:   0%|          | 0/21228 [00:00<?, ? examples/s]| >> [dataset-init] dataset=/data/share/1919650160032350208/foundation_model/datasets/astribot_lerobotv3/dry_clothes_openandmove_bxx_20260624_compressed selected 7/13 parquet columns; dropped unused columns=['action.joint', 'action.pose_6d', 'action.pose_quat', 'observation.state.joint', 'observation.state.pose_6d', 'observation.state.pose_quat']

Casting the dataset:   0%|          | 0/21228 [00:00<?, ? examples/s]
Casting the dataset: 100%|██████████| 21228/21228 [00:00<00:00, 1315029.25 examples/s]
| >> [dataset-init] logical index mapper enabled for root=/data/share/1919650160032350208/foundation_model/datasets/astribot_lerobotv3/dry_clothes_openandmove_bxx_20260624_compressed rows=21228 runs=1
| >> [dataset-init] LeRobotDataset root=/data/share/1919650160032350208/foundation_model/datasets/astribot_lerobotv3/dry_clothes_openandmove_bxx_20260624_compressed episodes=None len_hf=21228 meta_total_frames=21228 logical_index_map=1 run(s)
| >> [dataset-init] done 106/127 dataset=/data/share/1919650160032350208/foundation_model/datasets/astribot_lerobotv3/dry_clothes_openandmove_bxx_20260624_compressed rows=21228 frames=21228 took=0.2s elapsed=33.3s avg=0.3s eta=6.6s
| >> [dataset-init] start 107/127 dataset=/data/share/1919650160032350208/foundation_model/datasets/astribot_lerobotv3/dry_clothes_pickup_bxx_20260612_compressed elapsed=33.3s avg=0.3s eta=6.6s

Casting the dataset: 100%|██████████| 21228/21228 [00:00<00:00, 1331310.06 examples/s]

Casting the dataset: 100%|██████████| 21228/21228 [00:00<00:00, 1353696.58 examples/s]

Casting the dataset: 100%|██████████| 21228/21228 [00:00<00:00, 1359172.70 examples/s]

Casting the dataset: 100%|██████████| 21228/21228 [00:00<00:00, 1293930.99 examples/s]

Casting the dataset: 100%|██████████| 21228/21228 [00:00<00:00, 1337168.25 examples/s]

Casting the dataset:   0%|          | 0/21228 [00:00<?, ? examples/s]
Casting the dataset:   0%|          | 0/21228 [00:00<?, ? examples/s]
Casting the dataset: 100%|██████████| 21228/21228 [00:00<00:00, 1348652.44 examples/s]

Casting the dataset: 100%|██████████| 21228/21228 [00:00<00:00, 1387815.41 examples/s]

Generating train split: 0 examples [00:00, ? examples/s]
Generating train split: 26370 examples [00:00, 454281.01 examples/s]

Casting the dataset:   0%|          | 0/26370 [00:00<?, ? examples/s]
Casting the dataset:   0%|          | 0/26370 [00:00<?, ? examples/s]
Casting the dataset:   0%|          | 0/26370 [00:00<?, ? examples/s]
Casting the dataset:   0%|          | 0/26370 [00:00<?, ? examples/s]
Casting the dataset:   0%|          | 0/26370 [00:00<?, ? examples/s]
Casting the dataset:   0%|          | 0/26370 [00:00<?, ? examples/s]
Casting the dataset:   0%|          | 0/26370 [00:00<?, ? examples/s]
Casting the dataset:   0%|          | 0/26370 [00:00<?, ? examples/s]
Casting the dataset:   0%|          | 0/26370 [00:00<?, ? examples/s]
Casting the dataset: 100%|██████████| 26370/26370 [00:00<00:00, 1346068.99 examples/s]

Casting the dataset: 100%|██████████| 26370/26370 [00:00<00:00, 1326359.55 examples/s]
| >> [dataset-init] dataset=/data/share/1919650160032350208/foundation_model/datasets/astribot_lerobotv3/dry_clothes_pickup_bxx_20260612_compressed selected 7/13 parquet columns; dropped unused columns=['action.joint', 'action.pose_6d', 'action.pose_quat', 'observation.state.joint', 'observation.state.pose_6d', 'observation.state.pose_quat']

Casting the dataset: 100%|██████████| 26370/26370 [00:00<00:00, 1350523.18 examples/s]
Casting the dataset: 100%|██████████| 26370/26370 [00:00<00:00, 1361394.78 examples/s]


Casting the dataset: 100%|██████████| 26370/26370 [00:00<00:00, 1284761.08 examples/s]

Casting the dataset: 100%|██████████| 26370/26370 [00:00<00:00, 1422977.81 examples/s]| >> [dataset-init] logical index mapper enabled for root=/data/share/1919650160032350208/foundation_model/datasets/astribot_lerobotv3/dry_clothes_pickup_bxx_20260612_compressed rows=26370 runs=1

| >> [dataset-init] LeRobotDataset root=/data/share/1919650160032350208/foundation_model/datasets/astribot_lerobotv3/dry_clothes_pickup_bxx_20260612_compressed episodes=None len_hf=26370 meta_total_frames=26370 logical_index_map=1 run(s)
| >> [dataset-init] done 107/127 dataset=/data/share/1919650160032350208/foundation_model/datasets/astribot_lerobotv3/dry_clothes_pickup_bxx_20260612_compressed rows=26370 frames=26370 took=0.2s elapsed=33.5s avg=0.3s eta=6.3s
| >> [dataset-init] start 108/127 dataset=/data/share/1919650160032350208/foundation_model/datasets/astribot_lerobotv3/dry_clothes_pickup_bxx_20260615_compressed elapsed=33.5s avg=0.3s eta=6.3s

Casting the dataset: 100%|██████████| 26370/26370 [00:00<00:00, 1400402.59 examples/s]

Casting the dataset:   0%|          | 0/26370 [00:00<?, ? examples/s]
Casting the dataset: 100%|██████████| 26370/26370 [00:00<00:00, 1396424.42 examples/s]

Casting the dataset: 100%|██████████| 26370/26370 [00:00<00:00, 1418779.54 examples/s]
Casting the dataset:   0%|          | 0/26370 [00:00<?, ? examples/s]

Casting the dataset:   0%|          | 0/26370 [00:00<?, ? examples/s]
Casting the dataset:   0%|          | 0/26370 [00:00<?, ? examples/s]
Casting the dataset:   0%|          | 0/26370 [00:00<?, ? examples/s]
Casting the dataset:   0%|          | 0/26370 [00:00<?, ? examples/s]
Casting the dataset: 100%|██████████| 26370/26370 [00:00<00:00, 1411410.81 examples/s]

Casting the dataset: 100%|██████████| 26370/26370 [00:00<00:00, 1433322.92 examples/s]

Casting the dataset: 100%|██████████| 26370/26370 [00:00<00:00, 1418088.29 examples/s]
Casting the dataset: 100%|██████████| 26370/26370 [00:00<00:00, 1396019.04 examples/s]


Casting the dataset: 100%|██████████| 26370/26370 [00:00<00:00, 1447428.44 examples/s]

Casting the dataset: 100%|██████████| 26370/26370 [00:00<00:00, 1413900.70 examples/s]

Casting the dataset:   0%|          | 0/26370 [00:00<?, ? examples/s]
Casting the dataset: 100%|██████████| 26370/26370 [00:00<00:00, 1453419.84 examples/s]

Generating train split: 0 examples [00:00, ? examples/s]
Generating train split: 4726 examples [00:00, 359177.37 examples/s]

Casting the dataset:   0%|          | 0/4726 [00:00<?, ? examples/s]
Casting the dataset:   0%|          | 0/4726 [00:00<?, ? examples/s]
Casting the dataset:   0%|          | 0/4726 [00:00<?, ? examples/s]
Casting the dataset:   0%|          | 0/4726 [00:00<?, ? examples/s]
Casting the dataset:   0%|          | 0/4726 [00:00<?, ? examples/s]
Casting the dataset: 100%|██████████| 4726/4726 [00:00<00:00, 759328.89 examples/s]

Casting the dataset: 100%|██████████| 4726/4726 [00:00<00:00, 750872.41 examples/s]

Casting the dataset: 100%|██████████| 4726/4726 [00:00<00:00, 759911.09 examples/s]

Casting the dataset:   0%|          | 0/4726 [00:00<?, ? examples/s]
Casting the dataset: 100%|██████████| 4726/4726 [00:00<00:00, 741602.03 examples/s]

Casting the dataset: 100%|██████████| 4726/4726 [00:00<00:00, 781235.20 examples/s]

Casting the dataset: 100%|██████████| 4726/4726 [00:00<00:00, 788883.70 examples/s]

Casting the dataset:   0%|          | 0/4726 [00:00<?, ? examples/s]
Casting the dataset:   0%|          | 0/4726 [00:00<?, ? examples/s]
Casting the dataset:   0%|          | 0/4726 [00:00<?, ? examples/s]
Casting the dataset:   0%|          | 0/4726 [00:00<?, ? examples/s]
Casting the dataset:   0%|          | 0/4726 [00:00<?, ? examples/s]
Casting the dataset: 100%|██████████| 4726/4726 [00:00<00:00, 780097.63 examples/s]

Casting the dataset: 100%|██████████| 4726/4726 [00:00<00:00, 752354.37 examples/s]

Casting the dataset: 100%|██████████| 4726/4726 [00:00<00:00, 538605.02 examples/s]

Casting the dataset:   0%|          | 0/4726 [00:00<?, ? examples/s]| >> [dataset-init] dataset=/data/share/1919650160032350208/foundation_model/datasets/astribot_lerobotv3/dry_clothes_pickup_bxx_20260615_compressed selected 7/13 parquet columns; dropped unused columns=['action.joint', 'action.pose_6d', 'action.pose_quat', 'observation.state.joint', 'observation.state.pose_6d', 'observation.state.pose_quat']

Casting the dataset: 100%|██████████| 4726/4726 [00:00<00:00, 773160.18 examples/s]

Casting the dataset: 100%|██████████| 4726/4726 [00:00<00:00, 766019.27 examples/s]

Casting the dataset:   0%|          | 0/4726 [00:00<?, ? examples/s]
Casting the dataset:   0%|          | 0/4726 [00:00<?, ? examples/s]| >> [dataset-init] logical index mapper enabled for root=/data/share/1919650160032350208/foundation_model/datasets/astribot_lerobotv3/dry_clothes_pickup_bxx_20260615_compressed rows=4726 runs=1
| >> [dataset-init] LeRobotDataset root=/data/share/1919650160032350208/foundation_model/datasets/astribot_lerobotv3/dry_clothes_pickup_bxx_20260615_compressed episodes=None len_hf=4726 meta_total_frames=4726 logical_index_map=1 run(s)
| >> [dataset-init] done 108/127 dataset=/data/share/1919650160032350208/foundation_model/datasets/astribot_lerobotv3/dry_clothes_pickup_bxx_20260615_compressed rows=4726 frames=4726 took=0.1s elapsed=33.7s avg=0.3s eta=5.9s
| >> [dataset-init] start 109/127 dataset=/data/share/1919650160032350208/foundation_model/datasets/astribot_lerobotv3/dry_clothes_pickup_bxx_20260616_compressed elapsed=33.7s avg=0.3s eta=5.9s

Casting the dataset: 100%|██████████| 4726/4726 [00:00<00:00, 561060.87 examples/s]

Casting the dataset: 100%|██████████| 4726/4726 [00:00<00:00, 758921.88 examples/s]

Casting the dataset: 100%|██████████| 4726/4726 [00:00<00:00, 755537.46 examples/s]

Casting the dataset:   0%|          | 0/4726 [00:00<?, ? examples/s]
Casting the dataset: 100%|██████████| 4726/4726 [00:00<00:00, 784792.17 examples/s]

Casting the dataset:   0%|          | 0/4726 [00:00<?, ? examples/s]
Casting the dataset: 100%|██████████| 4726/4726 [00:00<00:00, 748773.49 examples/s]

Generating train split: 0 examples [00:00, ? examples/s]
Generating train split: 18881 examples [00:00, 427952.74 examples/s]

Casting the dataset:   0%|          | 0/18881 [00:00<?, ? examples/s]
Casting the dataset:   0%|          | 0/18881 [00:00<?, ? examples/s]
Casting the dataset:   0%|          | 0/18881 [00:00<?, ? examples/s]
Casting the dataset:   0%|          | 0/18881 [00:00<?, ? examples/s]
Casting the dataset:   0%|          | 0/18881 [00:00<?, ? examples/s]
Casting the dataset: 100%|██████████| 18881/18881 [00:00<00:00, 1296645.99 examples/s]

Casting the dataset:   0%|          | 0/18881 [00:00<?, ? examples/s]
Casting the dataset:   0%|          | 0/18881 [00:00<?, ? examples/s]
Casting the dataset:   0%|          | 0/18881 [00:00<?, ? examples/s]
Casting the dataset: 100%|██████████| 18881/18881 [00:00<00:00, 1282098.40 examples/s]

Casting the dataset: 100%|██████████| 18881/18881 [00:00<00:00, 1226025.33 examples/s]

Casting the dataset: 100%|██████████| 18881/18881 [00:00<00:00, 1294336.00 examples/s]

Casting the dataset: 100%|██████████| 18881/18881 [00:00<00:00, 1137743.75 examples/s]

Casting the dataset:   0%|          | 0/18881 [00:00<?, ? examples/s]
Casting the dataset: 100%|██████████| 18881/18881 [00:00<00:00, 1270354.90 examples/s]

Casting the dataset: 100%|██████████| 18881/18881 [00:00<00:00, 1266960.83 examples/s]

Casting the dataset:   0%|          | 0/18881 [00:00<?, ? examples/s]
Casting the dataset:   0%|          | 0/18881 [00:00<?, ? examples/s]
Casting the dataset:   0%|          | 0/18881 [00:00<?, ? examples/s]
Casting the dataset: 100%|██████████| 18881/18881 [00:00<00:00, 859864.43 examples/s]

Casting the dataset:   0%|          | 0/18881 [00:00<?, ? examples/s]| >> [dataset-init] dataset=/data/share/1919650160032350208/foundation_model/datasets/astribot_lerobotv3/dry_clothes_pickup_bxx_20260616_compressed selected 7/13 parquet columns; dropped unused columns=['action.joint', 'action.pose_6d', 'action.pose_quat', 'observation.state.joint', 'observation.state.pose_6d', 'observation.state.pose_quat']

Casting the dataset: 100%|██████████| 18881/18881 [00:00<00:00, 886587.48 examples/s]

Casting the dataset: 100%|██████████| 18881/18881 [00:00<00:00, 1314509.98 examples/s]
| >> [dataset-init] logical index mapper enabled for root=/data/share/1919650160032350208/foundation_model/datasets/astribot_lerobotv3/dry_clothes_pickup_bxx_20260616_compressed rows=18881 runs=1
| >> [dataset-init] LeRobotDataset root=/data/share/1919650160032350208/foundation_model/datasets/astribot_lerobotv3/dry_clothes_pickup_bxx_20260616_compressed episodes=None len_hf=18881 meta_total_frames=18881 logical_index_map=1 run(s)
| >> [dataset-init] done 109/127 dataset=/data/share/1919650160032350208/foundation_model/datasets/astribot_lerobotv3/dry_clothes_pickup_bxx_20260616_compressed rows=18881 frames=18881 took=0.2s elapsed=33.8s avg=0.3s eta=5.6s
| >> [dataset-init] start 110/127 dataset=/data/share/1919650160032350208/foundation_model/datasets/astribot_lerobotv3/dry_clothes_pickup_bxx_20260617_compressed elapsed=33.8s avg=0.3s eta=5.6s

Casting the dataset: 100%|██████████| 18881/18881 [00:00<00:00, 1311245.20 examples/s]

Casting the dataset: 100%|██████████| 18881/18881 [00:00<00:00, 1273623.79 examples/s]

Casting the dataset: 100%|██████████| 18881/18881 [00:00<00:00, 1329382.65 examples/s]

Casting the dataset:   0%|          | 0/18881 [00:00<?, ? examples/s]
Casting the dataset: 100%|██████████| 18881/18881 [00:00<00:00, 1335390.35 examples/s]

Casting the dataset:   0%|          | 0/18881 [00:00<?, ? examples/s]
Casting the dataset: 100%|██████████| 18881/18881 [00:00<00:00, 1321154.68 examples/s]

Generating train split: 0 examples [00:00, ? examples/s]
Generating train split: 4738 examples [00:00, 393829.02 examples/s]

Casting the dataset:   0%|          | 0/4738 [00:00<?, ? examples/s]
Casting the dataset:   0%|          | 0/4738 [00:00<?, ? examples/s]
Casting the dataset:   0%|          | 0/4738 [00:00<?, ? examples/s]
Casting the dataset:   0%|          | 0/4738 [00:00<?, ? examples/s]
Casting the dataset: 100%|██████████| 4738/4738 [00:00<00:00, 763157.16 examples/s]

Casting the dataset:   0%|          | 0/4738 [00:00<?, ? examples/s]
Casting the dataset:   0%|          | 0/4738 [00:00<?, ? examples/s]
Casting the dataset:   0%|          | 0/18881 [00:00<?, ? examples/s]
Casting the dataset: 100%|██████████| 4738/4738 [00:00<00:00, 769361.69 examples/s]

Casting the dataset:   0%|          | 0/4738 [00:00<?, ? examples/s]
Casting the dataset:   0%|          | 0/4738 [00:00<?, ? examples/s]
Casting the dataset: 100%|██████████| 4738/4738 [00:00<00:00, 747990.53 examples/s]

Casting the dataset: 100%|██████████| 4738/4738 [00:00<00:00, 793666.37 examples/s]

Casting the dataset: 100%|██████████| 4738/4738 [00:00<00:00, 500367.92 examples/s]

Casting the dataset: 100%|██████████| 4738/4738 [00:00<00:00, 797456.35 examples/s]| >> [dataset-init] dataset=/data/share/1919650160032350208/foundation_model/datasets/astribot_lerobotv3/dry_clothes_pickup_bxx_20260617_compressed selected 7/13 parquet columns; dropped unused columns=['action.joint', 'action.pose_6d', 'action.pose_quat', 'observation.state.joint', 'observation.state.pose_6d', 'observation.state.pose_quat']


Casting the dataset: 100%|██████████| 4738/4738 [00:00<00:00, 493263.81 examples/s]

Casting the dataset: 100%|██████████| 4738/4738 [00:00<00:00, 681806.44 examples/s]
| >> [dataset-init] logical index mapper enabled for root=/data/share/1919650160032350208/foundation_model/datasets/astribot_lerobotv3/dry_clothes_pickup_bxx_20260617_compressed rows=4738 runs=1

Casting the dataset:   0%|          | 0/4738 [00:00<?, ? examples/s]| >> [dataset-init] LeRobotDataset root=/data/share/1919650160032350208/foundation_model/datasets/astribot_lerobotv3/dry_clothes_pickup_bxx_20260617_compressed episodes=None len_hf=4738 meta_total_frames=4738 logical_index_map=1 run(s)
| >> [dataset-init] done 110/127 dataset=/data/share/1919650160032350208/foundation_model/datasets/astribot_lerobotv3/dry_clothes_pickup_bxx_20260617_compressed rows=4738 frames=4738 took=0.1s elapsed=33.9s avg=0.3s eta=5.2s
| >> [dataset-init] start 111/127 dataset=/data/share/1919650160032350208/foundation_model/datasets/astribot_lerobotv3/wash_clothes_bxx_20260420_compressed elapsed=33.9s avg=0.3s eta=5.2s

Casting the dataset: 100%|██████████| 18881/18881 [00:00<00:00, 1273357.57 examples/s]

Casting the dataset:   0%|          | 0/4738 [00:00<?, ? examples/s]
Casting the dataset:   0%|          | 0/4738 [00:00<?, ? examples/s]
Casting the dataset: 100%|██████████| 4738/4738 [00:00<00:00, 781647.75 examples/s]

Casting the dataset:   0%|          | 0/4738 [00:00<?, ? examples/s]
Casting the dataset: 100%|██████████| 4738/4738 [00:00<00:00, 775153.58 examples/s]

Casting the dataset: 100%|██████████| 4738/4738 [00:00<00:00, 768142.41 examples/s]

Casting the dataset:   0%|          | 0/4738 [00:00<?, ? examples/s]
Casting the dataset: 100%|██████████| 4738/4738 [00:00<00:00, 767519.40 examples/s]

Casting the dataset:   0%|          | 0/4738 [00:00<?, ? examples/s]
Casting the dataset: 100%|██████████| 4738/4738 [00:00<00:00, 725410.20 examples/s]

Casting the dataset: 100%|██████████| 4738/4738 [00:00<00:00, 768142.41 examples/s]

Casting the dataset:   0%|          | 0/4738 [00:00<?, ? examples/s]
Casting the dataset: 100%|██████████| 4738/4738 [00:00<00:00, 779348.69 examples/s]

Casting the dataset:   0%|          | 0/4738 [00:00<?, ? examples/s]
Casting the dataset: 100%|██████████| 4738/4738 [00:00<00:00, 786442.37 examples/s]

Generating train split: 0 examples [00:00, ? examples/s]
Generating train split: 50928 examples [00:00, 499541.67 examples/s]
Generating train split: 58550 examples [00:00, 524563.50 examples/s]

Casting the dataset:   0%|          | 0/58550 [00:00<?, ? examples/s]
Casting the dataset:   0%|          | 0/58550 [00:00<?, ? examples/s]
Casting the dataset:   0%|          | 0/58550 [00:00<?, ? examples/s]
Casting the dataset:   0%|          | 0/58550 [00:00<?, ? examples/s]
Casting the dataset:   0%|          | 0/58550 [00:00<?, ? examples/s]
Casting the dataset:   0%|          | 0/58550 [00:00<?, ? examples/s]
Casting the dataset:   0%|          | 0/58550 [00:00<?, ? examples/s]
Casting the dataset:   0%|          | 0/58550 [00:00<?, ? examples/s]
Casting the dataset:   0%|          | 0/58550 [00:00<?, ? examples/s]
Casting the dataset:   0%|          | 0/58550 [00:00<?, ? examples/s]
Casting the dataset: 100%|██████████| 58550/58550 [00:00<00:00, 1515380.48 examples/s]
Casting the dataset:   0%|          | 0/58550 [00:00<?, ? examples/s]

Casting the dataset:   0%|          | 0/58550 [00:00<?, ? examples/s]
Casting the dataset:   0%|          | 0/58550 [00:00<?, ? examples/s]
Casting the dataset: 100%|██████████| 58550/58550 [00:00<00:00, 1451097.58 examples/s]

Casting the dataset: 100%|██████████| 58550/58550 [00:00<00:00, 1461625.67 examples/s]

Casting the dataset:   0%|          | 0/58550 [00:00<?, ? examples/s]
Casting the dataset:   0%|          | 0/58550 [00:00<?, ? examples/s]
Casting the dataset: 100%|██████████| 58550/58550 [00:00<00:00, 1503072.53 examples/s]

Casting the dataset: 100%|██████████| 58550/58550 [00:00<00:00, 1538006.03 examples/s]

Casting the dataset: 100%|██████████| 58550/58550 [00:00<00:00, 1543904.26 examples/s]
Casting the dataset: 100%|██████████| 58550/58550 [00:00<00:00, 1534958.65 examples/s]


Casting the dataset: 100%|██████████| 58550/58550 [00:00<00:00, 1570322.79 examples/s]

Casting the dataset: 100%|██████████| 58550/58550 [00:00<00:00, 1570111.95 examples/s]

Casting the dataset: 100%|██████████| 58550/58550 [00:00<00:00, 1575238.29 examples/s]

Casting the dataset: 100%|██████████| 58550/58550 [00:00<00:00, 1611627.00 examples/s]

Casting the dataset: 100%|██████████| 58550/58550 [00:00<00:00, 1604330.66 examples/s]

Casting the dataset: 100%|██████████| 58550/58550 [00:00<00:00, 1603555.45 examples/s]

Casting the dataset: 100%|██████████| 58550/58550 [00:00<00:00, 1565208.38 examples/s]

Casting the dataset: 100%|██████████| 58550/58550 [00:00<00:00, 1529461.77 examples/s]

Casting the dataset:   0%|          | 0/58550 [00:00<?, ? examples/s]
Casting the dataset: 100%|██████████| 58550/58550 [00:00<00:00, 1370144.61 examples/s]
| >> [dataset-init] dataset=/data/share/1919650160032350208/foundation_model/datasets/astribot_lerobotv3/wash_clothes_bxx_20260420_compressed selected 7/13 parquet columns; dropped unused columns=['action.joint', 'action.pose_6d', 'action.pose_quat', 'observation.state.joint', 'observation.state.pose_6d', 'observation.state.pose_quat']
| >> [dataset-init] logical index mapper enabled for root=/data/share/1919650160032350208/foundation_model/datasets/astribot_lerobotv3/wash_clothes_bxx_20260420_compressed rows=58550 runs=1
| >> [dataset-init] LeRobotDataset root=/data/share/1919650160032350208/foundation_model/datasets/astribot_lerobotv3/wash_clothes_bxx_20260420_compressed episodes=None len_hf=58550 meta_total_frames=58550 logical_index_map=1 run(s)
| >> [dataset-init] done 111/127 dataset=/data/share/1919650160032350208/foundation_model/datasets/astribot_lerobotv3/wash_clothes_bxx_20260420_compressed rows=58550 frames=58550 took=0.4s elapsed=34.3s avg=0.3s eta=4.9s
| >> [dataset-init] start 112/127 dataset=/data/share/1919650160032350208/foundation_model/datasets/astribot_lerobotv3/wash_clothes_bxx_20260421_compressed elapsed=34.3s avg=0.3s eta=4.9s

Generating train split: 0 examples [00:00, ? examples/s]
Generating train split: 55901 examples [00:00, 538457.16 examples/s]
Generating train split: 113327 examples [00:00, 543917.82 examples/s]
Generating train split: 116056 examples [00:00, 550982.94 examples/s]

Casting the dataset:   0%|          | 0/116056 [00:00<?, ? examples/s]
Casting the dataset:   0%|          | 0/116056 [00:00<?, ? examples/s]
Casting the dataset:   0%|          | 0/116056 [00:00<?, ? examples/s]
Casting the dataset:   0%|          | 0/116056 [00:00<?, ? examples/s]
Casting the dataset:   0%|          | 0/116056 [00:00<?, ? examples/s]
Casting the dataset:   0%|          | 0/116056 [00:00<?, ? examples/s]
Casting the dataset:   0%|          | 0/116056 [00:00<?, ? examples/s]
Casting the dataset:   0%|          | 0/116056 [00:00<?, ? examples/s]
Casting the dataset:   0%|          | 0/116056 [00:00<?, ? examples/s]
Casting the dataset:   0%|          | 0/116056 [00:00<?, ? examples/s]
Casting the dataset:   0%|          | 0/116056 [00:00<?, ? examples/s]
Casting the dataset:   0%|          | 0/116056 [00:00<?, ? examples/s]
Casting the dataset:   0%|          | 0/116056 [00:00<?, ? examples/s]
Casting the dataset:   0%|          | 0/116056 [00:00<?, ? examples/s]
Casting the dataset:   0%|          | 0/116056 [00:00<?, ? examples/s]
Casting the dataset: 100%|██████████| 116056/116056 [00:00<00:00, 1556979.74 examples/s]

Casting the dataset: 100%|██████████| 116056/116056 [00:00<00:00, 1563009.00 examples/s]
Casting the dataset: 100%|██████████| 116056/116056 [00:00<00:00, 1547564.86 examples/s]


Casting the dataset: 100%|██████████| 116056/116056 [00:00<00:00, 1645964.15 examples/s]

Casting the dataset:   0%|          | 0/116056 [00:00<?, ? examples/s]
Casting the dataset: 100%|██████████| 116056/116056 [00:00<00:00, 1446713.20 examples/s]

Casting the dataset: 100%|██████████| 116056/116056 [00:00<00:00, 1622007.37 examples/s]

Casting the dataset: 100%|██████████| 116056/116056 [00:00<00:00, 1592268.99 examples/s]

Casting the dataset: 100%|██████████| 116056/116056 [00:00<00:00, 1685482.70 examples/s]

Casting the dataset: 100%|██████████| 116056/116056 [00:00<00:00, 1672407.06 examples/s]

Casting the dataset: 100%|██████████| 116056/116056 [00:00<00:00, 1666829.24 examples/s]

Casting the dataset: 100%|██████████| 116056/116056 [00:00<00:00, 1597788.14 examples/s]

Casting the dataset: 100%|██████████| 116056/116056 [00:00<00:00, 1600114.87 examples/s]

Casting the dataset: 100%|██████████| 116056/116056 [00:00<00:00, 1155201.40 examples/s]
Casting the dataset: 100%|██████████| 116056/116056 [00:00<00:00, 1147254.02 examples/s]
Casting the dataset: 100%|██████████| 116056/116056 [00:00<00:00, 1647317.70 examples/s]

Casting the dataset: 100%|██████████| 116056/116056 [00:00<00:00, 1096177.69 examples/s]

Casting the dataset: 100%|██████████| 116056/116056 [00:00<00:00, 1084013.61 examples/s]
| >> [dataset-init] dataset=/data/share/1919650160032350208/foundation_model/datasets/astribot_lerobotv3/wash_clothes_bxx_20260421_compressed selected 7/13 parquet columns; dropped unused columns=['action.joint', 'action.pose_6d', 'action.pose_quat', 'observation.state.joint', 'observation.state.pose_6d', 'observation.state.pose_quat']
| >> [dataset-init] logical index mapper enabled for root=/data/share/1919650160032350208/foundation_model/datasets/astribot_lerobotv3/wash_clothes_bxx_20260421_compressed rows=116056 runs=2
| >> [dataset-init] LeRobotDataset root=/data/share/1919650160032350208/foundation_model/datasets/astribot_lerobotv3/wash_clothes_bxx_20260421_compressed episodes=None len_hf=116056 meta_total_frames=116056 logical_index_map=2 run(s)
| >> [dataset-init] done 112/127 dataset=/data/share/1919650160032350208/foundation_model/datasets/astribot_lerobotv3/wash_clothes_bxx_20260421_compressed rows=116056 frames=116056 took=0.4s elapsed=34.7s avg=0.3s eta=4.6s
| >> [dataset-init] start 113/127 dataset=/data/share/1919650160032350208/foundation_model/datasets/astribot_lerobotv3/wash_clothes_bxx_20260424_compressed elapsed=34.7s avg=0.3s eta=4.6s

Casting the dataset: 100%|██████████| 116056/116056 [00:00<00:00, 1624985.46 examples/s]

Generating train split: 0 examples [00:00, ? examples/s]
Generating train split: 56257 examples [00:00, 553133.39 examples/s]
Generating train split: 80514 examples [00:00, 572534.29 examples/s]

Casting the dataset:   0%|          | 0/80514 [00:00<?, ? examples/s]
Casting the dataset:   0%|          | 0/80514 [00:00<?, ? examples/s]
Casting the dataset:   0%|          | 0/80514 [00:00<?, ? examples/s]
Casting the dataset:   0%|          | 0/80514 [00:00<?, ? examples/s]
Casting the dataset:   0%|          | 0/80514 [00:00<?, ? examples/s]
Casting the dataset:   0%|          | 0/80514 [00:00<?, ? examples/s]
Casting the dataset:   0%|          | 0/80514 [00:00<?, ? examples/s]
Casting the dataset:   0%|          | 0/80514 [00:00<?, ? examples/s]
Casting the dataset:   0%|          | 0/80514 [00:00<?, ? examples/s]
Casting the dataset:   0%|          | 0/80514 [00:00<?, ? examples/s]
Casting the dataset:   0%|          | 0/80514 [00:00<?, ? examples/s]
Casting the dataset:   0%|          | 0/80514 [00:00<?, ? examples/s]
Casting the dataset:   0%|          | 0/80514 [00:00<?, ? examples/s]
Casting the dataset:   0%|          | 0/80514 [00:00<?, ? examples/s]
Casting the dataset:   0%|          | 0/80514 [00:00<?, ? examples/s]
Casting the dataset:   0%|          | 0/80514 [00:00<?, ? examples/s]
Casting the dataset: 100%|██████████| 80514/80514 [00:00<00:00, 1505963.17 examples/s]

Casting the dataset: 100%|██████████| 80514/80514 [00:00<00:00, 1435964.98 examples/s]

Casting the dataset: 100%|██████████| 80514/80514 [00:00<00:00, 1433155.62 examples/s]

Casting the dataset: 100%|██████████| 80514/80514 [00:00<00:00, 1566102.24 examples/s]
Casting the dataset: 100%|██████████| 80514/80514 [00:00<00:00, 1617345.83 examples/s]

Casting the dataset: 100%|██████████| 80514/80514 [00:00<00:00, 1511226.53 examples/s]


Casting the dataset: 100%|██████████| 80514/80514 [00:00<00:00, 1571751.28 examples/s]

Casting the dataset: 100%|██████████| 80514/80514 [00:00<00:00, 1571012.77 examples/s]

Casting the dataset: 100%|██████████| 80514/80514 [00:00<00:00, 1619859.42 examples/s]

Casting the dataset: 100%|██████████| 80514/80514 [00:00<00:00, 1187742.70 examples/s]

Casting the dataset: 100%|██████████| 80514/80514 [00:00<00:00, 1579063.94 examples/s]

Casting the dataset: 100%|██████████| 80514/80514 [00:00<00:00, 1400600.52 examples/s]

Casting the dataset: 100%|██████████| 80514/80514 [00:00<00:00, 1619214.76 examples/s]

Casting the dataset: 100%|██████████| 80514/80514 [00:00<00:00, 1590726.93 examples/s]

Casting the dataset: 100%|██████████| 80514/80514 [00:00<00:00, 1563680.19 examples/s]

Casting the dataset: 100%|██████████| 80514/80514 [00:00<00:00, 1176639.32 examples/s]
| >> [dataset-init] dataset=/data/share/1919650160032350208/foundation_model/datasets/astribot_lerobotv3/wash_clothes_bxx_20260424_compressed selected 7/13 parquet columns; dropped unused columns=['action.joint', 'action.pose_6d', 'action.pose_quat', 'observation.state.joint', 'observation.state.pose_6d', 'observation.state.pose_quat']
| >> [dataset-init] logical index mapper enabled for root=/data/share/1919650160032350208/foundation_model/datasets/astribot_lerobotv3/wash_clothes_bxx_20260424_compressed rows=80514 runs=1
| >> [dataset-init] LeRobotDataset root=/data/share/1919650160032350208/foundation_model/datasets/astribot_lerobotv3/wash_clothes_bxx_20260424_compressed episodes=None len_hf=80514 meta_total_frames=80514 logical_index_map=1 run(s)
| >> [dataset-init] done 113/127 dataset=/data/share/1919650160032350208/foundation_model/datasets/astribot_lerobotv3/wash_clothes_bxx_20260424_compressed rows=80514 frames=80514 took=0.3s elapsed=35.0s avg=0.3s eta=4.3s
| >> [dataset-init] start 114/127 dataset=/data/share/1919650160032350208/foundation_model/datasets/astribot_lerobotv3/wash_clothes_bxx_20260506_compressed elapsed=35.0s avg=0.3s eta=4.3s

Generating train split: 0 examples [00:00, ? examples/s]
Generating train split: 55585 examples [00:00, 538327.27 examples/s]
Generating train split: 110909 examples [00:00, 545208.36 examples/s]
Generating train split: 123613 examples [00:00, 549901.79 examples/s]

Casting the dataset:   0%|          | 0/123613 [00:00<?, ? examples/s]
Casting the dataset:   0%|          | 0/123613 [00:00<?, ? examples/s]
Casting the dataset:   0%|          | 0/123613 [00:00<?, ? examples/s]
Casting the dataset:   0%|          | 0/123613 [00:00<?, ? examples/s]
Casting the dataset:   0%|          | 0/123613 [00:00<?, ? examples/s]
Casting the dataset:   0%|          | 0/123613 [00:00<?, ? examples/s]
Casting the dataset:   0%|          | 0/123613 [00:00<?, ? examples/s]
Casting the dataset:   0%|          | 0/123613 [00:00<?, ? examples/s]
Casting the dataset:   0%|          | 0/123613 [00:00<?, ? examples/s]
Casting the dataset:   0%|          | 0/123613 [00:00<?, ? examples/s]
Casting the dataset:   0%|          | 0/123613 [00:00<?, ? examples/s]
Casting the dataset:   0%|          | 0/123613 [00:00<?, ? examples/s]
Casting the dataset:   0%|          | 0/123613 [00:00<?, ? examples/s]
Casting the dataset:   0%|          | 0/123613 [00:00<?, ? examples/s]
Casting the dataset:   0%|          | 0/123613 [00:00<?, ? examples/s]
Casting the dataset: 100%|██████████| 123613/123613 [00:00<00:00, 1524388.67 examples/s]

Casting the dataset: 100%|██████████| 123613/123613 [00:00<00:00, 1517490.92 examples/s]

Casting the dataset: 100%|██████████| 123613/123613 [00:00<00:00, 1519719.37 examples/s]

Casting the dataset: 100%|██████████| 123613/123613 [00:00<00:00, 1524697.98 examples/s]
Casting the dataset: 100%|██████████| 123613/123613 [00:00<00:00, 1528892.85 examples/s]


Casting the dataset:   0%|          | 0/123613 [00:00<?, ? examples/s]
Casting the dataset: 100%|██████████| 123613/123613 [00:00<00:00, 1618536.02 examples/s]

Casting the dataset: 100%|██████████| 123613/123613 [00:00<00:00, 1605186.74 examples/s]

Casting the dataset: 100%|██████████| 123613/123613 [00:00<00:00, 1632679.70 examples/s]

Casting the dataset: 100%|██████████| 123613/123613 [00:00<00:00, 1505085.94 examples/s]

Casting the dataset: 100%|██████████| 123613/123613 [00:00<00:00, 1210782.77 examples/s]
Casting the dataset: 100%|██████████| 123613/123613 [00:00<00:00, 1141238.82 examples/s]

Casting the dataset: 100%|██████████| 123613/123613 [00:00<00:00, 1651511.29 examples/s]

Casting the dataset: 100%|██████████| 123613/123613 [00:00<00:00, 1561893.36 examples/s]

Casting the dataset: 100%|██████████| 123613/123613 [00:00<00:00, 1624510.04 examples/s]
| >> [dataset-init] dataset=/data/share/1919650160032350208/foundation_model/datasets/astribot_lerobotv3/wash_clothes_bxx_20260506_compressed selected 7/13 parquet columns; dropped unused columns=['action.joint', 'action.pose_6d', 'action.pose_quat', 'observation.state.joint', 'observation.state.pose_6d', 'observation.state.pose_quat']

Casting the dataset: 100%|██████████| 123613/123613 [00:00<00:00, 1571070.36 examples/s]

Casting the dataset: 100%|█████████▉| 123000/123613 [00:00<00:00, 1203303.18 examples/s]| >> [dataset-init] logical index mapper enabled for root=/data/share/1919650160032350208/foundation_model/datasets/astribot_lerobotv3/wash_clothes_bxx_20260506_compressed rows=123613 runs=2
| >> [dataset-init] LeRobotDataset root=/data/share/1919650160032350208/foundation_model/datasets/astribot_lerobotv3/wash_clothes_bxx_20260506_compressed episodes=None len_hf=123613 meta_total_frames=123613 logical_index_map=2 run(s)
| >> [dataset-init] done 114/127 dataset=/data/share/1919650160032350208/foundation_model/datasets/astribot_lerobotv3/wash_clothes_bxx_20260506_compressed rows=123613 frames=123613 took=0.5s elapsed=35.5s avg=0.3s eta=4.0s
| >> [dataset-init] start 115/127 dataset=/data/share/1919650160032350208/foundation_model/datasets/astribot_lerobotv3/wash_clothes_bxx_20260507_compressed elapsed=35.5s avg=0.3s eta=4.0s

Casting the dataset: 100%|██████████| 123613/123613 [00:00<00:00, 1152981.69 examples/s]

Casting the dataset: 100%|██████████| 123613/123613 [00:00<00:00, 1653180.60 examples/s]

Generating train split: 0 examples [00:00, ? examples/s]
Generating train split: 52318 examples [00:00, 517065.90 examples/s]
Generating train split: 108670 examples [00:00, 536918.27 examples/s]
Generating train split: 135438 examples [00:00, 549126.57 examples/s]

Casting the dataset:   0%|          | 0/135438 [00:00<?, ? examples/s]
Casting the dataset:   0%|          | 0/135438 [00:00<?, ? examples/s]
Casting the dataset:   0%|          | 0/135438 [00:00<?, ? examples/s]
Casting the dataset:   0%|          | 0/135438 [00:00<?, ? examples/s]
Casting the dataset:   0%|          | 0/135438 [00:00<?, ? examples/s]
Casting the dataset:   0%|          | 0/135438 [00:00<?, ? examples/s]
Casting the dataset:   0%|          | 0/135438 [00:00<?, ? examples/s]
Casting the dataset:   0%|          | 0/135438 [00:00<?, ? examples/s]
Casting the dataset:   0%|          | 0/135438 [00:00<?, ? examples/s]
Casting the dataset:   0%|          | 0/135438 [00:00<?, ? examples/s]
Casting the dataset:   0%|          | 0/135438 [00:00<?, ? examples/s]
Casting the dataset:   0%|          | 0/135438 [00:00<?, ? examples/s]
Casting the dataset:   0%|          | 0/135438 [00:00<?, ? examples/s]
Casting the dataset:   0%|          | 0/135438 [00:00<?, ? examples/s]
Casting the dataset: 100%|██████████| 135438/135438 [00:00<00:00, 1547793.69 examples/s]

Casting the dataset:   0%|          | 0/135438 [00:00<?, ? examples/s]
Casting the dataset: 100%|██████████| 135438/135438 [00:00<00:00, 1470528.62 examples/s]

Casting the dataset: 100%|██████████| 135438/135438 [00:00<00:00, 1546761.16 examples/s]
Casting the dataset: 100%|██████████| 135438/135438 [00:00<00:00, 1522991.31 examples/s]


Casting the dataset: 100%|██████████| 135438/135438 [00:00<00:00, 1626919.26 examples/s]

Casting the dataset: 100%|██████████| 135438/135438 [00:00<00:00, 1513629.41 examples/s]

Casting the dataset: 100%|██████████| 135438/135438 [00:00<00:00, 1593365.17 examples/s]

Casting the dataset: 100%|██████████| 135438/135438 [00:00<00:00, 1661644.73 examples/s]

Casting the dataset: 100%|██████████| 135438/135438 [00:00<00:00, 1650914.56 examples/s]
Casting the dataset: 100%|██████████| 135438/135438 [00:00<00:00, 1655248.80 examples/s]


Casting the dataset: 100%|██████████| 135438/135438 [00:00<00:00, 1643691.92 examples/s]

Casting the dataset:  89%|████████▉ | 121000/135438 [00:00<00:00, 1193786.29 examples/s]
Casting the dataset: 100%|██████████| 135438/135438 [00:00<00:00, 1638798.35 examples/s]

Casting the dataset:   0%|          | 0/135438 [00:00<?, ? examples/s]
Casting the dataset: 100%|██████████| 135438/135438 [00:00<00:00, 1125150.32 examples/s]

Casting the dataset:  86%|████████▋ | 117000/135438 [00:00<00:00, 1139965.68 examples/s]| >> [dataset-init] dataset=/data/share/1919650160032350208/foundation_model/datasets/astribot_lerobotv3/wash_clothes_bxx_20260507_compressed selected 7/13 parquet columns; dropped unused columns=['action.joint', 'action.pose_6d', 'action.pose_quat', 'observation.state.joint', 'observation.state.pose_6d', 'observation.state.pose_quat']

Casting the dataset: 100%|██████████| 135438/135438 [00:00<00:00, 1123670.29 examples/s]
| >> [dataset-init] logical index mapper enabled for root=/data/share/1919650160032350208/foundation_model/datasets/astribot_lerobotv3/wash_clothes_bxx_20260507_compressed rows=135438 runs=2
| >> [dataset-init] LeRobotDataset root=/data/share/1919650160032350208/foundation_model/datasets/astribot_lerobotv3/wash_clothes_bxx_20260507_compressed episodes=None len_hf=135438 meta_total_frames=135438 logical_index_map=2 run(s)

Casting the dataset: 100%|██████████| 135438/135438 [00:00<00:00, 1661489.21 examples/s]| >> [dataset-init] done 115/127 dataset=/data/share/1919650160032350208/foundation_model/datasets/astribot_lerobotv3/wash_clothes_bxx_20260507_compressed rows=135438 frames=135438 took=0.5s elapsed=36.0s avg=0.3s eta=3.8s

| >> [dataset-init] start 116/127 dataset=/data/share/1919650160032350208/foundation_model/datasets/astribot_lerobotv3/wash_clothes_bxx_20260508_compressed elapsed=36.0s avg=0.3s eta=3.8s

Casting the dataset: 100%|██████████| 135438/135438 [00:00<00:00, 1623678.12 examples/s]

Generating train split: 0 examples [00:00, ? examples/s]
Generating train split: 53472 examples [00:00, 520715.34 examples/s]
Generating train split: 96190 examples [00:00, 541306.17 examples/s]

Casting the dataset:   0%|          | 0/96190 [00:00<?, ? examples/s]
Casting the dataset:   0%|          | 0/96190 [00:00<?, ? examples/s]
Casting the dataset:   0%|          | 0/96190 [00:00<?, ? examples/s]
Casting the dataset:   0%|          | 0/96190 [00:00<?, ? examples/s]
Casting the dataset:   0%|          | 0/96190 [00:00<?, ? examples/s]
Casting the dataset:   0%|          | 0/96190 [00:00<?, ? examples/s]
Casting the dataset:   0%|          | 0/96190 [00:00<?, ? examples/s]
Casting the dataset:   0%|          | 0/96190 [00:00<?, ? examples/s]
Casting the dataset:   0%|          | 0/96190 [00:00<?, ? examples/s]
Casting the dataset:   0%|          | 0/96190 [00:00<?, ? examples/s]
Casting the dataset:   0%|          | 0/96190 [00:00<?, ? examples/s]
Casting the dataset:   0%|          | 0/96190 [00:00<?, ? examples/s]
Casting the dataset:   0%|          | 0/96190 [00:00<?, ? examples/s]
Casting the dataset: 100%|██████████| 96190/96190 [00:00<00:00, 1520341.95 examples/s]

Casting the dataset: 100%|██████████| 96190/96190 [00:00<00:00, 1514918.64 examples/s]
Casting the dataset: 100%|██████████| 96190/96190 [00:00<00:00, 1509257.18 examples/s]


Casting the dataset: 100%|██████████| 96190/96190 [00:00<00:00, 1503548.22 examples/s]

Casting the dataset: 100%|██████████| 96190/96190 [00:00<00:00, 1501377.28 examples/s]

Casting the dataset: 100%|██████████| 96190/96190 [00:00<00:00, 1649704.58 examples/s]

Casting the dataset:   0%|          | 0/96190 [00:00<?, ? examples/s]
Casting the dataset:   0%|          | 0/96190 [00:00<?, ? examples/s]
Casting the dataset:   0%|          | 0/96190 [00:00<?, ? examples/s]
Casting the dataset: 100%|██████████| 96190/96190 [00:00<00:00, 1662861.47 examples/s]

Casting the dataset: 100%|██████████| 96190/96190 [00:00<00:00, 1640607.94 examples/s]

Casting the dataset: 100%|██████████| 96190/96190 [00:00<00:00, 1650514.45 examples/s]

Casting the dataset: 100%|██████████| 96190/96190 [00:00<00:00, 1628877.30 examples/s]
| >> [dataset-init] dataset=/data/share/1919650160032350208/foundation_model/datasets/astribot_lerobotv3/wash_clothes_bxx_20260508_compressed selected 7/13 parquet columns; dropped unused columns=['action.joint', 'action.pose_6d', 'action.pose_quat', 'observation.state.joint', 'observation.state.pose_6d', 'observation.state.pose_quat']

Casting the dataset: 100%|██████████| 96190/96190 [00:00<00:00, 1545833.21 examples/s]

Casting the dataset: 100%|██████████| 96190/96190 [00:00<00:00, 1621349.41 examples/s]
| >> [dataset-init] logical index mapper enabled for root=/data/share/1919650160032350208/foundation_model/datasets/astribot_lerobotv3/wash_clothes_bxx_20260508_compressed rows=96190 runs=2
| >> [dataset-init] LeRobotDataset root=/data/share/1919650160032350208/foundation_model/datasets/astribot_lerobotv3/wash_clothes_bxx_20260508_compressed episodes=None len_hf=96190 meta_total_frames=96190 logical_index_map=2 run(s)
| >> [dataset-init] done 116/127 dataset=/data/share/1919650160032350208/foundation_model/datasets/astribot_lerobotv3/wash_clothes_bxx_20260508_compressed rows=96190 frames=96190 took=0.4s elapsed=36.4s avg=0.3s eta=3.5s
| >> [dataset-init] start 117/127 dataset=/data/share/1919650160032350208/foundation_model/datasets/astribot_lerobotv3/wash_clothes_bxx_20260515_compressed elapsed=36.4s avg=0.3s eta=3.5s

Casting the dataset: 100%|██████████| 96190/96190 [00:00<00:00, 1466685.94 examples/s]

Casting the dataset: 100%|██████████| 96190/96190 [00:00<00:00, 1658241.27 examples/s]

Casting the dataset: 100%|██████████| 96190/96190 [00:00<00:00, 1652339.58 examples/s]

Casting the dataset: 100%|██████████| 96190/96190 [00:00<00:00, 1091036.71 examples/s]

Generating train split: 0 examples [00:00, ? examples/s]
Generating train split: 54470 examples [00:00, 537250.77 examples/s]
Generating train split: 113541 examples [00:00, 560795.07 examples/s]
Generating train split: 143459 examples [00:00, 569516.46 examples/s]

Casting the dataset:   0%|          | 0/143459 [00:00<?, ? examples/s]
Casting the dataset:   0%|          | 0/143459 [00:00<?, ? examples/s]
Casting the dataset:   0%|          | 0/143459 [00:00<?, ? examples/s]
Casting the dataset:   0%|          | 0/143459 [00:00<?, ? examples/s]
Casting the dataset:   0%|          | 0/143459 [00:00<?, ? examples/s]
Casting the dataset:   0%|          | 0/143459 [00:00<?, ? examples/s]
Casting the dataset:   0%|          | 0/143459 [00:00<?, ? examples/s]
Casting the dataset:   0%|          | 0/143459 [00:00<?, ? examples/s]
Casting the dataset:   0%|          | 0/143459 [00:00<?, ? examples/s]
Casting the dataset:   0%|          | 0/143459 [00:00<?, ? examples/s]
Casting the dataset:   0%|          | 0/143459 [00:00<?, ? examples/s]
Casting the dataset:   0%|          | 0/143459 [00:00<?, ? examples/s]
Casting the dataset:   0%|          | 0/143459 [00:00<?, ? examples/s]
Casting the dataset:   0%|          | 0/143459 [00:00<?, ? examples/s]
Casting the dataset:   0%|          | 0/143459 [00:00<?, ? examples/s]
Casting the dataset: 100%|██████████| 143459/143459 [00:00<00:00, 1547629.62 examples/s]

Casting the dataset: 100%|██████████| 143459/143459 [00:00<00:00, 1521238.45 examples/s]
Casting the dataset: 100%|██████████| 143459/143459 [00:00<00:00, 1505341.67 examples/s]


Casting the dataset: 100%|██████████| 143459/143459 [00:00<00:00, 1591755.55 examples/s]

Casting the dataset:   0%|          | 0/143459 [00:00<?, ? examples/s]
Casting the dataset: 100%|██████████| 143459/143459 [00:00<00:00, 1664685.76 examples/s]

Casting the dataset: 100%|██████████| 143459/143459 [00:00<00:00, 1566469.39 examples/s]

Casting the dataset: 100%|██████████| 143459/143459 [00:00<00:00, 1686716.07 examples/s]

Casting the dataset: 100%|██████████| 143459/143459 [00:00<00:00, 1538831.10 examples/s]

Casting the dataset: 100%|██████████| 143459/143459 [00:00<00:00, 1656459.74 examples/s]

Casting the dataset: 100%|██████████| 143459/143459 [00:00<00:00, 1655284.07 examples/s]

Casting the dataset: 100%|██████████| 143459/143459 [00:00<00:00, 1675705.51 examples/s]

Casting the dataset: 100%|██████████| 143459/143459 [00:00<00:00, 1639945.21 examples/s]

Casting the dataset: 100%|██████████| 143459/143459 [00:00<00:00, 1608108.17 examples/s]

Casting the dataset: 100%|██████████| 143459/143459 [00:00<00:00, 1514385.16 examples/s]

Casting the dataset: 100%|██████████| 143459/143459 [00:00<00:00, 1704104.16 examples/s]

Casting the dataset: 100%|██████████| 143459/143459 [00:00<00:00, 1615027.13 examples/s]
| >> [dataset-init] dataset=/data/share/1919650160032350208/foundation_model/datasets/astribot_lerobotv3/wash_clothes_bxx_20260515_compressed selected 7/13 parquet columns; dropped unused columns=['action.joint', 'action.pose_6d', 'action.pose_quat', 'observation.state.joint', 'observation.state.pose_6d', 'observation.state.pose_quat']
| >> [dataset-init] logical index mapper enabled for root=/data/share/1919650160032350208/foundation_model/datasets/astribot_lerobotv3/wash_clothes_bxx_20260515_compressed rows=143459 runs=2
| >> [dataset-init] LeRobotDataset root=/data/share/1919650160032350208/foundation_model/datasets/astribot_lerobotv3/wash_clothes_bxx_20260515_compressed episodes=None len_hf=143459 meta_total_frames=143459 logical_index_map=2 run(s)
| >> [dataset-init] done 117/127 dataset=/data/share/1919650160032350208/foundation_model/datasets/astribot_lerobotv3/wash_clothes_bxx_20260515_compressed rows=143459 frames=143459 took=0.6s elapsed=37.0s avg=0.3s eta=3.2s
| >> [dataset-init] start 118/127 dataset=/data/share/1919650160032350208/foundation_model/datasets/astribot_lerobotv3/wash_clothes_bxx_20260519_compressed elapsed=37.0s avg=0.3s eta=3.2s

Generating train split: 0 examples [00:00, ? examples/s]
Generating train split: 55255 examples [00:00, 543561.79 examples/s]
Generating train split: 112014 examples [00:00, 552545.47 examples/s]
Generating train split: 170753 examples [00:00, 563396.78 examples/s]

Casting the dataset:   0%|          | 0/170753 [00:00<?, ? examples/s]
Casting the dataset:   0%|          | 0/170753 [00:00<?, ? examples/s]
Casting the dataset:   0%|          | 0/170753 [00:00<?, ? examples/s]
Casting the dataset:   0%|          | 0/170753 [00:00<?, ? examples/s]
Casting the dataset:   0%|          | 0/170753 [00:00<?, ? examples/s]
Casting the dataset:   0%|          | 0/170753 [00:00<?, ? examples/s]
Casting the dataset:   0%|          | 0/170753 [00:00<?, ? examples/s]
Casting the dataset:   0%|          | 0/170753 [00:00<?, ? examples/s]
Casting the dataset:   0%|          | 0/170753 [00:00<?, ? examples/s]
Casting the dataset:   0%|          | 0/170753 [00:00<?, ? examples/s]
Casting the dataset:   0%|          | 0/170753 [00:00<?, ? examples/s]
Casting the dataset:   0%|          | 0/170753 [00:00<?, ? examples/s]
Casting the dataset:   0%|          | 0/170753 [00:00<?, ? examples/s]
Casting the dataset:   0%|          | 0/170753 [00:00<?, ? examples/s]
Casting the dataset:   0%|          | 0/170753 [00:00<?, ? examples/s]
Casting the dataset:   0%|          | 0/170753 [00:00<?, ? examples/s]
Casting the dataset:  99%|█████████▉| 169000/170753 [00:00<00:00, 1667428.93 examples/s]
Casting the dataset:  97%|█████████▋| 166000/170753 [00:00<00:00, 1640453.66 examples/s]
Casting the dataset: 100%|██████████| 170753/170753 [00:00<00:00, 1590434.15 examples/s]

Casting the dataset:  97%|█████████▋| 165000/170753 [00:00<00:00, 1617673.56 examples/s]
Casting the dataset: 100%|██████████| 170753/170753 [00:00<00:00, 1685517.78 examples/s]
Casting the dataset: 100%|██████████| 170753/170753 [00:00<00:00, 1698984.65 examples/s]
Casting the dataset:  98%|█████████▊| 167000/170753 [00:00<00:00, 1641898.71 examples/s]
Casting the dataset: 100%|██████████| 170753/170753 [00:00<00:00, 1571201.96 examples/s]

Casting the dataset: 100%|██████████| 170753/170753 [00:00<00:00, 1609618.27 examples/s]

Casting the dataset: 100%|██████████| 170753/170753 [00:00<00:00, 1617780.91 examples/s]

Casting the dataset: 100%|██████████| 170753/170753 [00:00<00:00, 1644753.89 examples/s]

Casting the dataset: 100%|██████████| 170753/170753 [00:00<00:00, 1681201.11 examples/s]

Casting the dataset: 100%|██████████| 170753/170753 [00:00<00:00, 1540949.09 examples/s]

Casting the dataset: 100%|██████████| 170753/170753 [00:00<00:00, 1554528.62 examples/s]

Casting the dataset: 100%|██████████| 170753/170753 [00:00<00:00, 1661851.80 examples/s]

Casting the dataset: 100%|██████████| 170753/170753 [00:00<00:00, 1699496.67 examples/s]

Casting the dataset: 100%|██████████| 170753/170753 [00:00<00:00, 1671435.35 examples/s]

Casting the dataset: 100%|██████████| 170753/170753 [00:00<00:00, 1684526.67 examples/s]

Casting the dataset: 100%|█████████▉| 170000/170753 [00:00<00:00, 1674416.11 examples/s]
Casting the dataset: 100%|██████████| 170753/170753 [00:00<00:00, 1595376.40 examples/s]

Casting the dataset: 100%|██████████| 170753/170753 [00:00<00:00, 1649929.83 examples/s]
| >> [dataset-init] dataset=/data/share/1919650160032350208/foundation_model/datasets/astribot_lerobotv3/wash_clothes_bxx_20260519_compressed selected 7/13 parquet columns; dropped unused columns=['action.joint', 'action.pose_6d', 'action.pose_quat', 'observation.state.joint', 'observation.state.pose_6d', 'observation.state.pose_quat']

Casting the dataset: 100%|██████████| 170753/170753 [00:00<00:00, 1692192.44 examples/s]

Casting the dataset: 100%|██████████| 170753/170753 [00:00<00:00, 1705575.68 examples/s]
Casting the dataset: 100%|██████████| 170753/170753 [00:00<00:00, 1619705.39 examples/s]
| >> [dataset-init] logical index mapper enabled for root=/data/share/1919650160032350208/foundation_model/datasets/astribot_lerobotv3/wash_clothes_bxx_20260519_compressed rows=170753 runs=2
| >> [dataset-init] LeRobotDataset root=/data/share/1919650160032350208/foundation_model/datasets/astribot_lerobotv3/wash_clothes_bxx_20260519_compressed episodes=None len_hf=170753 meta_total_frames=170753 logical_index_map=2 run(s)
| >> [dataset-init] done 118/127 dataset=/data/share/1919650160032350208/foundation_model/datasets/astribot_lerobotv3/wash_clothes_bxx_20260519_compressed rows=170753 frames=170753 took=0.6s elapsed=37.5s avg=0.3s eta=2.9s
| >> [dataset-init] start 119/127 dataset=/data/share/1919650160032350208/foundation_model/datasets/astribot_lerobotv3/wash_clothes_closeandmove_bxx_20260623_compressed elapsed=37.5s avg=0.3s eta=2.9s

Generating train split: 0 examples [00:00, ? examples/s]
Generating train split: 28589 examples [00:00, 525195.04 examples/s]

Casting the dataset:   0%|          | 0/28589 [00:00<?, ? examples/s]
Casting the dataset:   0%|          | 0/28589 [00:00<?, ? examples/s]
Casting the dataset:   0%|          | 0/28589 [00:00<?, ? examples/s]
Casting the dataset:   0%|          | 0/28589 [00:00<?, ? examples/s]
Casting the dataset:   0%|          | 0/28589 [00:00<?, ? examples/s]
Casting the dataset:   0%|          | 0/28589 [00:00<?, ? examples/s]
Casting the dataset:   0%|          | 0/28589 [00:00<?, ? examples/s]
Casting the dataset:   0%|          | 0/28589 [00:00<?, ? examples/s]
Casting the dataset:   0%|          | 0/28589 [00:00<?, ? examples/s]
Casting the dataset: 100%|██████████| 28589/28589 [00:00<00:00, 1402385.32 examples/s]

Casting the dataset: 100%|██████████| 28589/28589 [00:00<00:00, 1391934.22 examples/s]

Casting the dataset: 100%|██████████| 28589/28589 [00:00<00:00, 1395595.45 examples/s]
Casting the dataset: 100%|██████████| 28589/28589 [00:00<00:00, 1306319.19 examples/s]

Casting the dataset:   0%|          | 0/28589 [00:00<?, ? examples/s]

Casting the dataset: 100%|██████████| 28589/28589 [00:00<00:00, 1436024.97 examples/s]

Casting the dataset: 100%|██████████| 28589/28589 [00:00<00:00, 1452146.01 examples/s]
| >> [dataset-init] dataset=/data/share/1919650160032350208/foundation_model/datasets/astribot_lerobotv3/wash_clothes_closeandmove_bxx_20260623_compressed selected 7/13 parquet columns; dropped unused columns=['action.joint', 'action.pose_6d', 'action.pose_quat', 'observation.state.joint', 'observation.state.pose_6d', 'observation.state.pose_quat']

Casting the dataset: 100%|██████████| 28589/28589 [00:00<00:00, 1437591.65 examples/s]

Casting the dataset: 100%|██████████| 28589/28589 [00:00<00:00, 1457759.91 examples/s]
| >> [dataset-init] logical index mapper enabled for root=/data/share/1919650160032350208/foundation_model/datasets/astribot_lerobotv3/wash_clothes_closeandmove_bxx_20260623_compressed rows=28589 runs=1
| >> [dataset-init] LeRobotDataset root=/data/share/1919650160032350208/foundation_model/datasets/astribot_lerobotv3/wash_clothes_closeandmove_bxx_20260623_compressed episodes=None len_hf=28589 meta_total_frames=28589 logical_index_map=1 run(s)
| >> [dataset-init] done 119/127 dataset=/data/share/1919650160032350208/foundation_model/datasets/astribot_lerobotv3/wash_clothes_closeandmove_bxx_20260623_compressed rows=28589 frames=28589 took=0.2s elapsed=37.7s avg=0.3s eta=2.5s

Casting the dataset: 100%|██████████| 28589/28589 [00:00<00:00, 1378397.77 examples/s]| >> [dataset-init] start 120/127 dataset=/data/share/1919650160032350208/foundation_model/datasets/astribot_lerobotv3/wash_clothes_closeandmove_whb_20260623_compressed elapsed=37.7s avg=0.3s eta=2.5s


Casting the dataset: 100%|██████████| 28589/28589 [00:00<00:00, 1285591.30 examples/s]

Casting the dataset:   0%|          | 0/28589 [00:00<?, ? examples/s]
Casting the dataset:   0%|          | 0/28589 [00:00<?, ? examples/s]
Casting the dataset:   0%|          | 0/28589 [00:00<?, ? examples/s]
Casting the dataset:   0%|          | 0/28589 [00:00<?, ? examples/s]
Casting the dataset:   0%|          | 0/28589 [00:00<?, ? examples/s]
Casting the dataset: 100%|██████████| 28589/28589 [00:00<00:00, 1380810.41 examples/s]

Casting the dataset: 100%|██████████| 28589/28589 [00:00<00:00, 1384109.67 examples/s]
Casting the dataset: 100%|██████████| 28589/28589 [00:00<00:00, 1357303.27 examples/s]


Casting the dataset: 100%|██████████| 28589/28589 [00:00<00:00, 1476390.46 examples/s]

Casting the dataset: 100%|██████████| 28589/28589 [00:00<00:00, 1420157.01 examples/s]

Casting the dataset:   0%|          | 0/28589 [00:00<?, ? examples/s]
Casting the dataset: 100%|██████████| 28589/28589 [00:00<00:00, 1473578.26 examples/s]

Generating train split: 0 examples [00:00, ? examples/s]
Generating train split: 46890 examples [00:00, 539051.86 examples/s]

Casting the dataset:   0%|          | 0/46890 [00:00<?, ? examples/s]
Casting the dataset:   0%|          | 0/46890 [00:00<?, ? examples/s]
Casting the dataset:   0%|          | 0/46890 [00:00<?, ? examples/s]
Casting the dataset:   0%|          | 0/46890 [00:00<?, ? examples/s]
Casting the dataset:   0%|          | 0/46890 [00:00<?, ? examples/s]
Casting the dataset:   0%|          | 0/46890 [00:00<?, ? examples/s]
Casting the dataset:   0%|          | 0/46890 [00:00<?, ? examples/s]
Casting the dataset:   0%|          | 0/46890 [00:00<?, ? examples/s]
Casting the dataset:   0%|          | 0/46890 [00:00<?, ? examples/s]
Casting the dataset:   0%|          | 0/46890 [00:00<?, ? examples/s]
Casting the dataset:   0%|          | 0/46890 [00:00<?, ? examples/s]
Casting the dataset:   0%|          | 0/46890 [00:00<?, ? examples/s]
Casting the dataset: 100%|██████████| 46890/46890 [00:00<00:00, 1496404.25 examples/s]

Casting the dataset: 100%|██████████| 46890/46890 [00:00<00:00, 1512213.41 examples/s]

Casting the dataset: 100%|██████████| 46890/46890 [00:00<00:00, 1446460.65 examples/s]
Casting the dataset: 100%|██████████| 46890/46890 [00:00<00:00, 1468197.40 examples/s]


Casting the dataset: 100%|██████████| 46890/46890 [00:00<00:00, 1546349.50 examples/s]
Casting the dataset: 100%|██████████| 46890/46890 [00:00<00:00, 1484532.87 examples/s]


Casting the dataset: 100%|██████████| 46890/46890 [00:00<00:00, 1543037.37 examples/s]

Casting the dataset: 100%|██████████| 46890/46890 [00:00<00:00, 1575131.46 examples/s]

Casting the dataset: 100%|██████████| 46890/46890 [00:00<00:00, 1570753.58 examples/s]
| >> [dataset-init] dataset=/data/share/1919650160032350208/foundation_model/datasets/astribot_lerobotv3/wash_clothes_closeandmove_whb_20260623_compressed selected 7/13 parquet columns; dropped unused columns=['action.joint', 'action.pose_6d', 'action.pose_quat', 'observation.state.joint', 'observation.state.pose_6d', 'observation.state.pose_quat']

Casting the dataset: 100%|██████████| 46890/46890 [00:00<00:00, 1563088.45 examples/s]
| >> [dataset-init] logical index mapper enabled for root=/data/share/1919650160032350208/foundation_model/datasets/astribot_lerobotv3/wash_clothes_closeandmove_whb_20260623_compressed rows=46890 runs=1
| >> [dataset-init] LeRobotDataset root=/data/share/1919650160032350208/foundation_model/datasets/astribot_lerobotv3/wash_clothes_closeandmove_whb_20260623_compressed episodes=None len_hf=46890 meta_total_frames=46890 logical_index_map=1 run(s)
| >> [dataset-init] done 120/127 dataset=/data/share/1919650160032350208/foundation_model/datasets/astribot_lerobotv3/wash_clothes_closeandmove_whb_20260623_compressed rows=46890 frames=46890 took=0.2s elapsed=37.9s avg=0.3s eta=2.2s
| >> [dataset-init] start 121/127 dataset=/data/share/1919650160032350208/foundation_model/datasets/astribot_lerobotv3/wash_clothes_hcc_20260413_compressed elapsed=37.9s avg=0.3s eta=2.2s

Casting the dataset: 100%|██████████| 46890/46890 [00:00<00:00, 1578228.26 examples/s]

Casting the dataset:   0%|          | 0/46890 [00:00<?, ? examples/s]
Casting the dataset:   0%|          | 0/46890 [00:00<?, ? examples/s]
Casting the dataset:   0%|          | 0/46890 [00:00<?, ? examples/s]
Casting the dataset:   0%|          | 0/46890 [00:00<?, ? examples/s]
Casting the dataset: 100%|██████████| 46890/46890 [00:00<00:00, 1462596.14 examples/s]

Casting the dataset: 100%|██████████| 46890/46890 [00:00<00:00, 1548480.14 examples/s]

Casting the dataset: 100%|██████████| 46890/46890 [00:00<00:00, 1615911.02 examples/s]

Casting the dataset: 100%|██████████| 46890/46890 [00:00<00:00, 1560211.61 examples/s]

Casting the dataset: 100%|██████████| 46890/46890 [00:00<00:00, 1621279.36 examples/s]

Generating train split: 0 examples [00:00, ? examples/s]
Generating train split: 57712 examples [00:00, 515613.95 examples/s]
Generating train split: 92063 examples [00:00, 558089.96 examples/s]

Casting the dataset:   0%|          | 0/92063 [00:00<?, ? examples/s]
Casting the dataset:   0%|          | 0/92063 [00:00<?, ? examples/s]
Casting the dataset:   0%|          | 0/92063 [00:00<?, ? examples/s]
Casting the dataset:   0%|          | 0/92063 [00:00<?, ? examples/s]
Casting the dataset:   0%|          | 0/92063 [00:00<?, ? examples/s]
Casting the dataset:   0%|          | 0/92063 [00:00<?, ? examples/s]
Casting the dataset:   0%|          | 0/92063 [00:00<?, ? examples/s]
Casting the dataset:   0%|          | 0/92063 [00:00<?, ? examples/s]
Casting the dataset:   0%|          | 0/92063 [00:00<?, ? examples/s]
Casting the dataset:   0%|          | 0/92063 [00:00<?, ? examples/s]
Casting the dataset:   0%|          | 0/92063 [00:00<?, ? examples/s]
Casting the dataset: 100%|██████████| 92063/92063 [00:00<00:00, 1608066.60 examples/s]

Casting the dataset:   0%|          | 0/92063 [00:00<?, ? examples/s]
Casting the dataset: 100%|██████████| 92063/92063 [00:00<00:00, 1552253.81 examples/s]

Casting the dataset: 100%|██████████| 92063/92063 [00:00<00:00, 1479062.05 examples/s]
Casting the dataset: 100%|██████████| 92063/92063 [00:00<00:00, 1482674.02 examples/s]


Casting the dataset: 100%|██████████| 92063/92063 [00:00<00:00, 1632458.96 examples/s]

Casting the dataset:   0%|          | 0/92063 [00:00<?, ? examples/s]
Casting the dataset: 100%|██████████| 92063/92063 [00:00<00:00, 1688583.50 examples/s]
Casting the dataset: 100%|██████████| 92063/92063 [00:00<00:00, 1680412.07 examples/s]

| >> [dataset-init] dataset=/data/share/1919650160032350208/foundation_model/datasets/astribot_lerobotv3/wash_clothes_hcc_20260413_compressed selected 7/13 parquet columns; dropped unused columns=['action.joint', 'action.pose_6d', 'action.pose_quat', 'observation.state.joint', 'observation.state.pose_6d', 'observation.state.pose_quat']

Casting the dataset: 100%|██████████| 92063/92063 [00:00<00:00, 1531421.24 examples/s]

Casting the dataset: 100%|██████████| 92063/92063 [00:00<00:00, 1635113.42 examples/s]

Casting the dataset: 100%|██████████| 92063/92063 [00:00<00:00, 1714449.02 examples/s]

Casting the dataset: 100%|██████████| 92063/92063 [00:00<00:00, 1687255.40 examples/s]
| >> [dataset-init] logical index mapper enabled for root=/data/share/1919650160032350208/foundation_model/datasets/astribot_lerobotv3/wash_clothes_hcc_20260413_compressed rows=92063 runs=2
| >> [dataset-init] LeRobotDataset root=/data/share/1919650160032350208/foundation_model/datasets/astribot_lerobotv3/wash_clothes_hcc_20260413_compressed episodes=None len_hf=92063 meta_total_frames=92063 logical_index_map=2 run(s)
| >> [dataset-init] done 121/127 dataset=/data/share/1919650160032350208/foundation_model/datasets/astribot_lerobotv3/wash_clothes_hcc_20260413_compressed rows=92063 frames=92063 took=0.4s elapsed=38.3s avg=0.3s eta=1.9s
| >> [dataset-init] start 122/127 dataset=/data/share/1919650160032350208/foundation_model/datasets/astribot_lerobotv3/wash_clothes_hcc_20260414_compressed elapsed=38.3s avg=0.3s eta=1.9s

Casting the dataset: 100%|██████████| 92063/92063 [00:00<00:00, 1644213.32 examples/s]

Casting the dataset:   0%|          | 0/92063 [00:00<?, ? examples/s]
Casting the dataset: 100%|██████████| 92063/92063 [00:00<00:00, 1700818.43 examples/s]

Casting the dataset:   0%|          | 0/92063 [00:00<?, ? examples/s]
Casting the dataset: 100%|██████████| 92063/92063 [00:00<00:00, 1641410.63 examples/s]

Generating train split: 0 examples [00:00, ? examples/s]
Casting the dataset:   0%|          | 0/92063 [00:00<?, ? examples/s]
Casting the dataset: 100%|██████████| 92063/92063 [00:00<00:00, 1707919.97 examples/s]

Casting the dataset: 100%|██████████| 92063/92063 [00:00<00:00, 1644017.31 examples/s]

Generating train split: 59253 examples [00:00, 547790.97 examples/s]
Generating train split: 107910 examples [00:00, 571547.53 examples/s]

Casting the dataset:   0%|          | 0/107910 [00:00<?, ? examples/s]
Casting the dataset:   0%|          | 0/107910 [00:00<?, ? examples/s]
Casting the dataset:   0%|          | 0/107910 [00:00<?, ? examples/s]
Casting the dataset:   0%|          | 0/107910 [00:00<?, ? examples/s]
Casting the dataset:   0%|          | 0/107910 [00:00<?, ? examples/s]
Casting the dataset:   0%|          | 0/107910 [00:00<?, ? examples/s]
Casting the dataset:   0%|          | 0/107910 [00:00<?, ? examples/s]
Casting the dataset:   0%|          | 0/107910 [00:00<?, ? examples/s]
Casting the dataset:   0%|          | 0/107910 [00:00<?, ? examples/s]
Casting the dataset:   0%|          | 0/107910 [00:00<?, ? examples/s]
Casting the dataset:   0%|          | 0/107910 [00:00<?, ? examples/s]
Casting the dataset:   0%|          | 0/107910 [00:00<?, ? examples/s]
Casting the dataset:   0%|          | 0/107910 [00:00<?, ? examples/s]
Casting the dataset:   0%|          | 0/107910 [00:00<?, ? examples/s]
Casting the dataset: 100%|██████████| 107910/107910 [00:00<00:00, 1608041.30 examples/s]

Casting the dataset: 100%|██████████| 107910/107910 [00:00<00:00, 1602354.09 examples/s]

Casting the dataset:   0%|          | 0/107910 [00:00<?, ? examples/s]
Casting the dataset: 100%|██████████| 107910/107910 [00:00<00:00, 1560408.28 examples/s]

Casting the dataset:   0%|          | 0/107910 [00:00<?, ? examples/s]
Casting the dataset: 100%|██████████| 107910/107910 [00:00<00:00, 1537362.97 examples/s]

Casting the dataset: 100%|██████████| 107910/107910 [00:00<00:00, 1582947.20 examples/s]

Casting the dataset: 100%|██████████| 107910/107910 [00:00<00:00, 1615237.61 examples/s]

Casting the dataset: 100%|██████████| 107910/107910 [00:00<00:00, 1644642.81 examples/s]

Casting the dataset: 100%|██████████| 107910/107910 [00:00<00:00, 1644618.90 examples/s]
Casting the dataset: 100%|██████████| 107910/107910 [00:00<00:00, 1624880.97 examples/s]

| >> [dataset-init] dataset=/data/share/1919650160032350208/foundation_model/datasets/astribot_lerobotv3/wash_clothes_hcc_20260414_compressed selected 7/13 parquet columns; dropped unused columns=['action.joint', 'action.pose_6d', 'action.pose_quat', 'observation.state.joint', 'observation.state.pose_6d', 'observation.state.pose_quat']

Casting the dataset: 100%|██████████| 107910/107910 [00:00<00:00, 1585014.90 examples/s]
Casting the dataset: 100%|██████████| 107910/107910 [00:00<00:00, 1579417.46 examples/s]


Casting the dataset: 100%|██████████| 107910/107910 [00:00<00:00, 1636667.65 examples/s]

Casting the dataset: 100%|██████████| 107910/107910 [00:00<00:00, 1630911.67 examples/s]

Casting the dataset: 100%|██████████| 107910/107910 [00:00<00:00, 1582288.67 examples/s]
| >> [dataset-init] logical index mapper enabled for root=/data/share/1919650160032350208/foundation_model/datasets/astribot_lerobotv3/wash_clothes_hcc_20260414_compressed rows=107910 runs=2
| >> [dataset-init] LeRobotDataset root=/data/share/1919650160032350208/foundation_model/datasets/astribot_lerobotv3/wash_clothes_hcc_20260414_compressed episodes=None len_hf=107910 meta_total_frames=107910 logical_index_map=2 run(s)
| >> [dataset-init] done 122/127 dataset=/data/share/1919650160032350208/foundation_model/datasets/astribot_lerobotv3/wash_clothes_hcc_20260414_compressed rows=107910 frames=107910 took=0.4s elapsed=38.7s avg=0.3s eta=1.6s
| >> [dataset-init] start 123/127 dataset=/data/share/1919650160032350208/foundation_model/datasets/astribot_lerobotv3/wash_clothes_opendoor_bxx_20260617_compressed elapsed=38.7s avg=0.3s eta=1.6s

Casting the dataset: 100%|██████████| 107910/107910 [00:00<00:00, 1750093.17 examples/s]

Casting the dataset: 100%|██████████| 107910/107910 [00:00<00:00, 1362442.07 examples/s]

Generating train split: 0 examples [00:00, ? examples/s]
Generating train split: 11806 examples [00:00, 375594.12 examples/s]

Casting the dataset:   0%|          | 0/11806 [00:00<?, ? examples/s]
Casting the dataset:   0%|          | 0/11806 [00:00<?, ? examples/s]
Casting the dataset:   0%|          | 0/11806 [00:00<?, ? examples/s]
Casting the dataset: 100%|██████████| 11806/11806 [00:00<00:00, 1153538.64 examples/s]

Casting the dataset: 100%|██████████| 11806/11806 [00:00<00:00, 1041255.64 examples/s]

Casting the dataset:   0%|          | 0/11806 [00:00<?, ? examples/s]
Casting the dataset:   0%|          | 0/11806 [00:00<?, ? examples/s]
Casting the dataset: 100%|██████████| 11806/11806 [00:00<00:00, 1074142.15 examples/s]

Casting the dataset:   0%|          | 0/11806 [00:00<?, ? examples/s]
Casting the dataset:   0%|          | 0/11806 [00:00<?, ? examples/s]
Casting the dataset:   0%|          | 0/11806 [00:00<?, ? examples/s]
Casting the dataset:   0%|          | 0/11806 [00:00<?, ? examples/s]
Casting the dataset:   0%|          | 0/11806 [00:00<?, ? examples/s]
Casting the dataset:   0%|          | 0/11806 [00:00<?, ? examples/s]
Casting the dataset:   0%|          | 0/11806 [00:00<?, ? examples/s]
Casting the dataset:   0%|          | 0/11806 [00:00<?, ? examples/s]
Casting the dataset: 100%|██████████| 11806/11806 [00:00<00:00, 1127226.96 examples/s]

Casting the dataset: 100%|██████████| 11806/11806 [00:00<00:00, 1001151.47 examples/s]

Casting the dataset: 100%|██████████| 11806/11806 [00:00<00:00, 1119834.30 examples/s]

Casting the dataset: 100%|██████████| 11806/11806 [00:00<00:00, 1121660.66 examples/s]
Casting the dataset:   0%|          | 0/11806 [00:00<?, ? examples/s]
| >> [dataset-init] dataset=/data/share/1919650160032350208/foundation_model/datasets/astribot_lerobotv3/wash_clothes_opendoor_bxx_20260617_compressed selected 7/13 parquet columns; dropped unused columns=['action.joint', 'action.pose_6d', 'action.pose_quat', 'observation.state.joint', 'observation.state.pose_6d', 'observation.state.pose_quat']

Casting the dataset:   0%|          | 0/11806 [00:00<?, ? examples/s]
Casting the dataset: 100%|██████████| 11806/11806 [00:00<00:00, 1129283.52 examples/s]
Casting the dataset:   0%|          | 0/11806 [00:00<?, ? examples/s]

Casting the dataset: 100%|██████████| 11806/11806 [00:00<00:00, 918087.23 examples/s]

Casting the dataset: 100%|██████████| 11806/11806 [00:00<00:00, 1070010.65 examples/s]

Casting the dataset: 100%|██████████| 11806/11806 [00:00<00:00, 1081390.51 examples/s]

Casting the dataset: 100%|██████████| 11806/11806 [00:00<00:00, 906573.53 examples/s]
Casting the dataset: 100%|██████████| 11806/11806 [00:00<00:00, 941781.95 examples/s]

| >> [dataset-init] logical index mapper enabled for root=/data/share/1919650160032350208/foundation_model/datasets/astribot_lerobotv3/wash_clothes_opendoor_bxx_20260617_compressed rows=11806 runs=1
| >> [dataset-init] LeRobotDataset root=/data/share/1919650160032350208/foundation_model/datasets/astribot_lerobotv3/wash_clothes_opendoor_bxx_20260617_compressed episodes=None len_hf=11806 meta_total_frames=11806 logical_index_map=1 run(s)
| >> [dataset-init] done 123/127 dataset=/data/share/1919650160032350208/foundation_model/datasets/astribot_lerobotv3/wash_clothes_opendoor_bxx_20260617_compressed rows=11806 frames=11806 took=0.2s elapsed=38.9s avg=0.3s eta=1.3s
| >> [dataset-init] start 124/127 dataset=/data/share/1919650160032350208/foundation_model/datasets/astribot_lerobotv3/wash_clothes_pickup1_bxx_20260609_compressed elapsed=38.9s avg=0.3s eta=1.3s

Casting the dataset: 100%|██████████| 11806/11806 [00:00<00:00, 1135628.68 examples/s]

Casting the dataset: 100%|██████████| 11806/11806 [00:00<00:00, 1152169.79 examples/s]

Casting the dataset: 100%|██████████| 11806/11806 [00:00<00:00, 1143258.44 examples/s]

Generating train split: 0 examples [00:00, ? examples/s]
Generating train split: 47580 examples [00:00, 471637.66 examples/s]
Generating train split: 77348 examples [00:00, 496664.15 examples/s]

Casting the dataset:   0%|          | 0/77348 [00:00<?, ? examples/s]
Casting the dataset:   0%|          | 0/77348 [00:00<?, ? examples/s]
Casting the dataset:   0%|          | 0/77348 [00:00<?, ? examples/s]
Casting the dataset:   0%|          | 0/77348 [00:00<?, ? examples/s]
Casting the dataset:   0%|          | 0/77348 [00:00<?, ? examples/s]
Casting the dataset:   0%|          | 0/77348 [00:00<?, ? examples/s]
Casting the dataset:   0%|          | 0/77348 [00:00<?, ? examples/s]
Casting the dataset:   0%|          | 0/77348 [00:00<?, ? examples/s]
Casting the dataset:   0%|          | 0/77348 [00:00<?, ? examples/s]
Casting the dataset:   0%|          | 0/77348 [00:00<?, ? examples/s]
Casting the dataset:   0%|          | 0/77348 [00:00<?, ? examples/s]
Casting the dataset:   0%|          | 0/77348 [00:00<?, ? examples/s]
Casting the dataset:   0%|          | 0/77348 [00:00<?, ? examples/s]
Casting the dataset:   0%|          | 0/77348 [00:00<?, ? examples/s]
Casting the dataset: 100%|██████████| 77348/77348 [00:00<00:00, 1558390.34 examples/s]

Casting the dataset: 100%|██████████| 77348/77348 [00:00<00:00, 1527082.43 examples/s]
Casting the dataset: 100%|██████████| 77348/77348 [00:00<00:00, 1500303.03 examples/s]


Casting the dataset: 100%|██████████| 77348/77348 [00:00<00:00, 1545988.39 examples/s]
Casting the dataset:   0%|          | 0/77348 [00:00<?, ? examples/s]

Casting the dataset: 100%|██████████| 77348/77348 [00:00<00:00, 1511839.14 examples/s]
Casting the dataset: 100%|██████████| 77348/77348 [00:00<00:00, 1534173.95 examples/s]


Casting the dataset: 100%|██████████| 77348/77348 [00:00<00:00, 1647810.98 examples/s]

Casting the dataset: 100%|██████████| 77348/77348 [00:00<00:00, 1636522.90 examples/s]

Casting the dataset: 100%|██████████| 77348/77348 [00:00<00:00, 1596300.92 examples/s]

Casting the dataset: 100%|██████████| 77348/77348 [00:00<00:00, 1653623.19 examples/s]

Casting the dataset: 100%|██████████| 77348/77348 [00:00<00:00, 1583568.98 examples/s]
Casting the dataset: 100%|██████████| 77348/77348 [00:00<00:00, 1605528.05 examples/s]


Casting the dataset:   0%|          | 0/77348 [00:00<?, ? examples/s]
Casting the dataset: 100%|██████████| 77348/77348 [00:00<00:00, 1551719.15 examples/s]

Casting the dataset: 100%|██████████| 77348/77348 [00:00<00:00, 1593556.56 examples/s]

Casting the dataset: 100%|██████████| 77348/77348 [00:00<00:00, 1622137.57 examples/s]

Casting the dataset: 100%|██████████| 77348/77348 [00:00<00:00, 1678580.99 examples/s]
| >> [dataset-init] dataset=/data/share/1919650160032350208/foundation_model/datasets/astribot_lerobotv3/wash_clothes_pickup1_bxx_20260609_compressed selected 7/13 parquet columns; dropped unused columns=['action.joint', 'action.pose_6d', 'action.pose_quat', 'observation.state.joint', 'observation.state.pose_6d', 'observation.state.pose_quat']
| >> [dataset-init] logical index mapper enabled for root=/data/share/1919650160032350208/foundation_model/datasets/astribot_lerobotv3/wash_clothes_pickup1_bxx_20260609_compressed rows=77348 runs=1
| >> [dataset-init] LeRobotDataset root=/data/share/1919650160032350208/foundation_model/datasets/astribot_lerobotv3/wash_clothes_pickup1_bxx_20260609_compressed episodes=None len_hf=77348 meta_total_frames=77348 logical_index_map=1 run(s)
| >> [dataset-init] done 124/127 dataset=/data/share/1919650160032350208/foundation_model/datasets/astribot_lerobotv3/wash_clothes_pickup1_bxx_20260609_compressed rows=77348 frames=77348 took=0.5s elapsed=39.4s avg=0.3s eta=1.0s
| >> [dataset-init] start 125/127 dataset=/data/share/1919650160032350208/foundation_model/datasets/astribot_lerobotv3/wash_clothes_pickup_bxx_20260525_compressed elapsed=39.4s avg=0.3s eta=1.0s

Generating train split: 0 examples [00:00, ? examples/s]
Generating train split: 49736 examples [00:00, 494652.70 examples/s]
Generating train split: 52908 examples [00:00, 503188.66 examples/s]

Casting the dataset:   0%|          | 0/52908 [00:00<?, ? examples/s]
Casting the dataset:   0%|          | 0/52908 [00:00<?, ? examples/s]
Casting the dataset:   0%|          | 0/52908 [00:00<?, ? examples/s]
Casting the dataset:   0%|          | 0/52908 [00:00<?, ? examples/s]
Casting the dataset:   0%|          | 0/52908 [00:00<?, ? examples/s]
Casting the dataset:   0%|          | 0/52908 [00:00<?, ? examples/s]
Casting the dataset:   0%|          | 0/52908 [00:00<?, ? examples/s]
Casting the dataset:   0%|          | 0/52908 [00:00<?, ? examples/s]
Casting the dataset:   0%|          | 0/52908 [00:00<?, ? examples/s]
Casting the dataset:   0%|          | 0/52908 [00:00<?, ? examples/s]
Casting the dataset:   0%|          | 0/52908 [00:00<?, ? examples/s]
Casting the dataset:   0%|          | 0/52908 [00:00<?, ? examples/s]
Casting the dataset:   0%|          | 0/52908 [00:00<?, ? examples/s]
Casting the dataset:   0%|          | 0/52908 [00:00<?, ? examples/s]
Casting the dataset:   0%|          | 0/52908 [00:00<?, ? examples/s]
Casting the dataset: 100%|██████████| 52908/52908 [00:00<00:00, 1504479.54 examples/s]
Casting the dataset: 100%|██████████| 52908/52908 [00:00<00:00, 1539293.42 examples/s]

Casting the dataset: 100%|██████████| 52908/52908 [00:00<00:00, 1555641.33 examples/s]


Casting the dataset: 100%|██████████| 52908/52908 [00:00<00:00, 1524070.16 examples/s]

Casting the dataset: 100%|██████████| 52908/52908 [00:00<00:00, 1578536.47 examples/s]

Casting the dataset: 100%|██████████| 52908/52908 [00:00<00:00, 1598215.60 examples/s]

Casting the dataset: 100%|██████████| 52908/52908 [00:00<00:00, 1589139.71 examples/s]

Casting the dataset: 100%|██████████| 52908/52908 [00:00<00:00, 1595480.82 examples/s]

Casting the dataset: 100%|██████████| 52908/52908 [00:00<00:00, 1534217.14 examples/s]

Casting the dataset: 100%|██████████| 52908/52908 [00:00<00:00, 1505745.37 examples/s]

Casting the dataset: 100%|██████████| 52908/52908 [00:00<00:00, 1552268.02 examples/s]
| >> [dataset-init] dataset=/data/share/1919650160032350208/foundation_model/datasets/astribot_lerobotv3/wash_clothes_pickup_bxx_20260525_compressed selected 7/13 parquet columns; dropped unused columns=['action.joint', 'action.pose_6d', 'action.pose_quat', 'observation.state.joint', 'observation.state.pose_6d', 'observation.state.pose_quat']

Casting the dataset: 100%|██████████| 52908/52908 [00:00<00:00, 1540329.82 examples/s]
| >> [dataset-init] logical index mapper enabled for root=/data/share/1919650160032350208/foundation_model/datasets/astribot_lerobotv3/wash_clothes_pickup_bxx_20260525_compressed rows=52908 runs=1
| >> [dataset-init] LeRobotDataset root=/data/share/1919650160032350208/foundation_model/datasets/astribot_lerobotv3/wash_clothes_pickup_bxx_20260525_compressed episodes=None len_hf=52908 meta_total_frames=52908 logical_index_map=1 run(s)
| >> [dataset-init] done 125/127 dataset=/data/share/1919650160032350208/foundation_model/datasets/astribot_lerobotv3/wash_clothes_pickup_bxx_20260525_compressed rows=52908 frames=52908 took=0.2s elapsed=39.6s avg=0.3s eta=0.6s
| >> [dataset-init] start 126/127 dataset=/data/share/1919650160032350208/foundation_model/datasets/astribot_lerobotv3/wash_clothes_pickup_bxx_20260617_compressed elapsed=39.6s avg=0.3s eta=0.6s

Casting the dataset: 100%|██████████| 52908/52908 [00:00<00:00, 1596559.82 examples/s]

Casting the dataset: 100%|██████████| 52908/52908 [00:00<00:00, 1595882.40 examples/s]

Casting the dataset: 100%|██████████| 52908/52908 [00:00<00:00, 1559938.96 examples/s]

Casting the dataset:   0%|          | 0/52908 [00:00<?, ? examples/s]
Casting the dataset: 100%|██████████| 52908/52908 [00:00<00:00, 1652165.31 examples/s]

Generating train split: 0 examples [00:00, ? examples/s]
Generating train split: 5010 examples [00:00, 313708.69 examples/s]

Casting the dataset:   0%|          | 0/5010 [00:00<?, ? examples/s]
Casting the dataset: 100%|██████████| 5010/5010 [00:00<00:00, 769864.92 examples/s]

Casting the dataset:   0%|          | 0/5010 [00:00<?, ? examples/s]
Casting the dataset:   0%|          | 0/5010 [00:00<?, ? examples/s]
Casting the dataset:   0%|          | 0/5010 [00:00<?, ? examples/s]
Casting the dataset: 100%|██████████| 5010/5010 [00:00<00:00, 757296.49 examples/s]
Casting the dataset:   0%|          | 0/5010 [00:00<?, ? examples/s]

Casting the dataset: 100%|██████████| 5010/5010 [00:00<00:00, 773691.57 examples/s]

Casting the dataset:   0%|          | 0/5010 [00:00<?, ? examples/s]
Casting the dataset:   0%|          | 0/5010 [00:00<?, ? examples/s]
Casting the dataset:   0%|          | 0/5010 [00:00<?, ? examples/s]
Casting the dataset: 100%|██████████| 5010/5010 [00:00<00:00, 781983.59 examples/s]

Casting the dataset:   0%|          | 0/5010 [00:00<?, ? examples/s]
Casting the dataset: 100%|██████████| 5010/5010 [00:00<00:00, 796537.77 examples/s]

Casting the dataset:   0%|          | 0/5010 [00:00<?, ? examples/s]
Casting the dataset: 100%|██████████| 5010/5010 [00:00<00:00, 808925.71 examples/s]

Casting the dataset: 100%|██████████| 5010/5010 [00:00<00:00, 799234.10 examples/s]

Casting the dataset: 100%|██████████| 5010/5010 [00:00<00:00, 782595.17 examples/s]

Casting the dataset: 100%|██████████| 5010/5010 [00:00<00:00, 795512.51 examples/s]

Casting the dataset: 100%|██████████| 5010/5010 [00:00<00:00, 794189.62 examples/s]

Casting the dataset:   0%|          | 0/5010 [00:00<?, ? examples/s]
Casting the dataset:   0%|          | 0/5010 [00:00<?, ? examples/s]
Casting the dataset: 100%|██████████| 5010/5010 [00:00<00:00, 798262.54 examples/s]

Casting the dataset: 100%|██████████| 5010/5010 [00:00<00:00, 789653.27 examples/s]

Casting the dataset:   0%|          | 0/5010 [00:00<?, ? examples/s]
Casting the dataset: 100%|██████████| 5010/5010 [00:00<00:00, 804681.90 examples/s]
| >> [dataset-init] dataset=/data/share/1919650160032350208/foundation_model/datasets/astribot_lerobotv3/wash_clothes_pickup_bxx_20260617_compressed selected 7/13 parquet columns; dropped unused columns=['action.joint', 'action.pose_6d', 'action.pose_quat', 'observation.state.joint', 'observation.state.pose_6d', 'observation.state.pose_quat']
| >> [dataset-init] logical index mapper enabled for root=/data/share/1919650160032350208/foundation_model/datasets/astribot_lerobotv3/wash_clothes_pickup_bxx_20260617_compressed rows=5010 runs=1
| >> [dataset-init] LeRobotDataset root=/data/share/1919650160032350208/foundation_model/datasets/astribot_lerobotv3/wash_clothes_pickup_bxx_20260617_compressed episodes=None len_hf=5010 meta_total_frames=5010 logical_index_map=1 run(s)
| >> [dataset-init] done 126/127 dataset=/data/share/1919650160032350208/foundation_model/datasets/astribot_lerobotv3/wash_clothes_pickup_bxx_20260617_compressed rows=5010 frames=5010 took=0.2s elapsed=39.8s avg=0.3s eta=0.3s
| >> [dataset-init] start 127/127 dataset=/data/share/1919650160032350208/foundation_model/datasets/astribot_lerobotv3/wash_clothes_putclothes_bxx_20260617_compressed elapsed=39.8s avg=0.3s eta=0.3s

Casting the dataset:   0%|          | 0/5010 [00:00<?, ? examples/s]
Casting the dataset:   0%|          | 0/5010 [00:00<?, ? examples/s]
Casting the dataset: 100%|██████████| 5010/5010 [00:00<00:00, 802530.67 examples/s]

Casting the dataset: 100%|██████████| 5010/5010 [00:00<00:00, 789475.26 examples/s]

Casting the dataset:   0%|          | 0/5010 [00:00<?, ? examples/s]
Generating train split: 0 examples [00:00, ? examples/s]
Casting the dataset: 100%|██████████| 5010/5010 [00:00<00:00, 787168.50 examples/s]

Generating train split: 30078 examples [00:00, 412439.85 examples/s]

Casting the dataset:   0%|          | 0/30078 [00:00<?, ? examples/s]
Casting the dataset:   0%|          | 0/30078 [00:00<?, ? examples/s]
Casting the dataset:   0%|          | 0/30078 [00:00<?, ? examples/s]
Casting the dataset:   0%|          | 0/30078 [00:00<?, ? examples/s]
Casting the dataset:   0%|          | 0/30078 [00:00<?, ? examples/s]
Casting the dataset: 100%|██████████| 30078/30078 [00:00<00:00, 1424673.64 examples/s]

Casting the dataset: 100%|██████████| 30078/30078 [00:00<00:00, 1348327.64 examples/s]

Casting the dataset:   0%|          | 0/30078 [00:00<?, ? examples/s]
Casting the dataset:   0%|          | 0/30078 [00:00<?, ? examples/s]
Casting the dataset:   0%|          | 0/30078 [00:00<?, ? examples/s]
Casting the dataset:   0%|          | 0/30078 [00:00<?, ? examples/s]
Casting the dataset: 100%|██████████| 30078/30078 [00:00<00:00, 1387491.48 examples/s]

Casting the dataset:   0%|          | 0/30078 [00:00<?, ? examples/s]
Casting the dataset:   0%|          | 0/30078 [00:00<?, ? examples/s]
Casting the dataset:   0%|          | 0/30078 [00:00<?, ? examples/s]
Casting the dataset: 100%|██████████| 30078/30078 [00:00<00:00, 1382473.93 examples/s]

Casting the dataset: 100%|██████████| 30078/30078 [00:00<00:00, 1399963.11 examples/s]

Casting the dataset:   0%|          | 0/30078 [00:00<?, ? examples/s]
Casting the dataset:   0%|          | 0/30078 [00:00<?, ? examples/s]
Casting the dataset: 100%|██████████| 30078/30078 [00:00<00:00, 1457257.92 examples/s]

Casting the dataset: 100%|██████████| 30078/30078 [00:00<00:00, 1452978.09 examples/s]

Casting the dataset: 100%|██████████| 30078/30078 [00:00<00:00, 1415228.24 examples/s]

Casting the dataset: 100%|██████████| 30078/30078 [00:00<00:00, 1363571.54 examples/s]
Casting the dataset: 100%|██████████| 30078/30078 [00:00<00:00, 1438530.82 examples/s]


Casting the dataset: 100%|██████████| 30078/30078 [00:00<00:00, 1455710.92 examples/s]

Casting the dataset: 100%|██████████| 30078/30078 [00:00<00:00, 1449089.42 examples/s]
| >> [dataset-init] dataset=/data/share/1919650160032350208/foundation_model/datasets/astribot_lerobotv3/wash_clothes_putclothes_bxx_20260617_compressed selected 7/13 parquet columns; dropped unused columns=['action.joint', 'action.pose_6d', 'action.pose_quat', 'observation.state.joint', 'observation.state.pose_6d', 'observation.state.pose_quat']
| >> [dataset-init] logical index mapper enabled for root=/data/share/1919650160032350208/foundation_model/datasets/astribot_lerobotv3/wash_clothes_putclothes_bxx_20260617_compressed rows=30078 runs=1
| >> [dataset-init] LeRobotDataset root=/data/share/1919650160032350208/foundation_model/datasets/astribot_lerobotv3/wash_clothes_putclothes_bxx_20260617_compressed episodes=None len_hf=30078 meta_total_frames=30078 logical_index_map=1 run(s)
| >> [dataset-init] done 127/127 dataset=/data/share/1919650160032350208/foundation_model/datasets/astribot_lerobotv3/wash_clothes_putclothes_bxx_20260617_compressed rows=30078 frames=30078 took=0.2s elapsed=39.9s avg=0.3s eta=0.0s
| >> [dataset-init] finished 127/127 dataset(s) in 39.9s

Casting the dataset: 100%|██████████| 30078/30078 [00:00<00:00, 1297930.78 examples/s]

Casting the dataset: 100%|██████████| 30078/30078 [00:00<00:00, 1424400.19 examples/s]

Casting the dataset:   0%|          | 0/30078 [00:00<?, ? examples/s]
Casting the dataset:   0%|          | 0/30078 [00:00<?, ? examples/s]
Casting the dataset: 100%|██████████| 30078/30078 [00:00<00:00, 1446497.46 examples/s]

Casting the dataset: 100%|██████████| 30078/30078 [00:00<00:00, 1463631.76 examples/s]
| >> Using pretrained_norm_stats for normalization: dataset=/data/share/1919650160032350208/foundation_model/datasets/astribot_lerobotv3/oven_new_2_fx_20260513_compressed
| >> Using pretrained_norm_stats for normalization: dataset=/data/share/1919650160032350208/foundation_model/datasets/astribot_lerobotv3/oven_new_2_fx_20260514_compressed
| >> Using pretrained_norm_stats for normalization: dataset=/data/share/1919650160032350208/foundation_model/datasets/astribot_lerobotv3/oven_new_2_fx_20260515_compressed
| >> Using pretrained_norm_stats for normalization: dataset=/data/share/1919650160032350208/foundation_model/datasets/astribot_lerobotv3/oven_new_2_fx_20260518_compressed
| >> Using pretrained_norm_stats for normalization: dataset=/data/share/1919650160032350208/foundation_model/datasets/astribot_lerobotv3/fridge_chicken_golden_zjm_20260324_compressed
| >> Using pretrained_norm_stats for normalization: dataset=/data/share/1919650160032350208/foundation_model/datasets/astribot_lerobotv3/fridge_chicken_golden_zjm_20260325_compressed
| >> Using pretrained_norm_stats for normalization: dataset=/data/share/1919650160032350208/foundation_model/datasets/astribot_lerobotv3/fridge_chicken_golden_zjm_20260327_compressed
| >> Using pretrained_norm_stats for normalization: dataset=/data/share/1919650160032350208/foundation_model/datasets/astribot_lerobotv3/fridge_fruits_fx_20260508_compressed
| >> Using pretrained_norm_stats for normalization: dataset=/data/share/1919650160032350208/foundation_model/datasets/astribot_lerobotv3/fridge_fruits_fx_20260509_compressed
| >> Using pretrained_norm_stats for normalization: dataset=/data/share/1919650160032350208/foundation_model/datasets/astribot_lerobotv3/fridge_fruits_fx_20260511_compressed
| >> Using pretrained_norm_stats for normalization: dataset=/data/share/1919650160032350208/foundation_model/datasets/astribot_lerobotv3/fridge_fruits_fx_20260602_compressed
| >> Using pretrained_norm_stats for normalization: dataset=/data/share/1919650160032350208/foundation_model/datasets/astribot_lerobotv3/fridge_fruits_fx_20260603_compressed
| >> Using pretrained_norm_stats for normalization: dataset=/data/share/1919650160032350208/foundation_model/datasets/astribot_lerobotv3/fridge_meat_fx_20260428_compressed
| >> Using pretrained_norm_stats for normalization: dataset=/data/share/1919650160032350208/foundation_model/datasets/astribot_lerobotv3/fridge_meat_fx_20260429_compressed
| >> Using pretrained_norm_stats for normalization: dataset=/data/share/1919650160032350208/foundation_model/datasets/astribot_lerobotv3/fridge_meat_fx_20260430_compressed
| >> Using pretrained_norm_stats for normalization: dataset=/data/share/1919650160032350208/foundation_model/datasets/astribot_lerobotv3/fridge_salmon_golden_zjm_20260310_compressed
| >> Using pretrained_norm_stats for normalization: dataset=/data/share/1919650160032350208/foundation_model/datasets/astribot_lerobotv3/fridge_salmon_golden_zjm_20260311_compressed
| >> Using pretrained_norm_stats for normalization: dataset=/data/share/1919650160032350208/foundation_model/datasets/astribot_lerobotv3/fridge_salmon_golden_zjm_20260312_compressed
| >> Using pretrained_norm_stats for normalization: dataset=/data/share/1919650160032350208/foundation_model/datasets/astribot_lerobotv3/fridge_salmon_golden_zjm_20260313_compressed
| >> Using pretrained_norm_stats for normalization: dataset=/data/share/1919650160032350208/foundation_model/datasets/astribot_lerobotv3/fridge_salmon_zjm_20260306_compressed
| >> Using pretrained_norm_stats for normalization: dataset=/data/share/1919650160032350208/foundation_model/datasets/astribot_lerobotv3/fridge_salmon_zjm_20260309_compressed
| >> Using pretrained_norm_stats for normalization: dataset=/data/share/1919650160032350208/foundation_model/datasets/astribot_lerobotv3/fridge_shrimp_fx_20260423_compressed
| >> Using pretrained_norm_stats for normalization: dataset=/data/share/1919650160032350208/foundation_model/datasets/astribot_lerobotv3/fridge_shrimp_fx_20260424_1_compressed
| >> Using pretrained_norm_stats for normalization: dataset=/data/share/1919650160032350208/foundation_model/datasets/astribot_lerobotv3/fridge_shrimp_fx_20260424_2_compressed
| >> Using pretrained_norm_stats for normalization: dataset=/data/share/1919650160032350208/foundation_model/datasets/astribot_lerobotv3/fridge_shrimp_fx_20260427_compressed
| >> Using pretrained_norm_stats for normalization: dataset=/data/share/1919650160032350208/foundation_model/datasets/astribot_lerobotv3/fridge_shrimp_fx_20260428_compressed
| >> Using pretrained_norm_stats for normalization: dataset=/data/share/1919650160032350208/foundation_model/datasets/astribot_lerobotv3/fridge_tray_middle_fx_20260610_compressed
| >> Using pretrained_norm_stats for normalization: dataset=/data/share/1919650160032350208/foundation_model/datasets/astribot_lerobotv3/fridge_tray_middle_fx_20260611_compressed
| >> Using pretrained_norm_stats for normalization: dataset=/data/share/1919650160032350208/foundation_model/datasets/astribot_lerobotv3/fridge_tray_middle_fx_20260615_compressed
| >> Using pretrained_norm_stats for normalization: dataset=/data/share/1919650160032350208/foundation_model/datasets/astribot_lerobotv3/fridge_chicken_fx_20260506_compressed
| >> Using pretrained_norm_stats for normalization: dataset=/data/share/1919650160032350208/foundation_model/datasets/astribot_lerobotv3/fridge_chicken_golden_zjm_20260323_compressed
| >> Using pretrained_norm_stats for normalization: dataset=/data/share/1919650160032350208/foundation_model/datasets/astribot_lerobotv3/dishwasher_2_fx_20260407_compressed
| >> Using pretrained_norm_stats for normalization: dataset=/data/share/1919650160032350208/foundation_model/datasets/astribot_lerobotv3/dishwasher_2_fx_20260409_compressed
| >> Using pretrained_norm_stats for normalization: dataset=/data/share/1919650160032350208/foundation_model/datasets/astribot_lerobotv3/dishwasher_2_fx_20260410_compressed
| >> Using pretrained_norm_stats for normalization: dataset=/data/share/1919650160032350208/foundation_model/datasets/astribot_lerobotv3/dishwasher_2_fx_20260529_compressed
| >> Using pretrained_norm_stats for normalization: dataset=/data/share/1919650160032350208/foundation_model/datasets/astribot_lerobotv3/dishwasher_2_fx_20260605_compressed
| >> Using pretrained_norm_stats for normalization: dataset=/data/share/1919650160032350208/foundation_model/datasets/astribot_lerobotv3/dishwasher_2_hcc_20260410_compressed
| >> Using pretrained_norm_stats for normalization: dataset=/data/share/1919650160032350208/foundation_model/datasets/astribot_lerobotv3/dishwasher_2_hcc_20260416_compressed
| >> Using pretrained_norm_stats for normalization: dataset=/data/share/1919650160032350208/foundation_model/datasets/astribot_lerobotv3/dishwasher_2_hcc_20260417_compressed
| >> Using pretrained_norm_stats for normalization: dataset=/data/share/1919650160032350208/foundation_model/datasets/astribot_lerobotv3/dishwasher_2_hcc_20260421_compressed
| >> Using pretrained_norm_stats for normalization: dataset=/data/share/1919650160032350208/foundation_model/datasets/astribot_lerobotv3/dishwasher_2_hcc_20260422_compressed
| >> Using pretrained_norm_stats for normalization: dataset=/data/share/1919650160032350208/foundation_model/datasets/astribot_lerobotv3/dishwasher_2_hcc_20260423_compressed
| >> Using pretrained_norm_stats for normalization: dataset=/data/share/1919650160032350208/foundation_model/datasets/astribot_lerobotv3/dishwasher_2_hcc_20260424_compressed
| >> Using pretrained_norm_stats for normalization: dataset=/data/share/1919650160032350208/foundation_model/datasets/astribot_lerobotv3/dishwasher_2_hcc_20260507_compressed
| >> Using pretrained_norm_stats for normalization: dataset=/data/share/1919650160032350208/foundation_model/datasets/astribot_lerobotv3/dishwasher_2_hcc_20260508_compressed
| >> Using pretrained_norm_stats for normalization: dataset=/data/share/1919650160032350208/foundation_model/datasets/astribot_lerobotv3/dishwasher_2_hcc_20260509_compressed
| >> Using pretrained_norm_stats for normalization: dataset=/data/share/1919650160032350208/foundation_model/datasets/astribot_lerobotv3/dishwasher_2_hcc_20260511_compressed
| >> Using pretrained_norm_stats for normalization: dataset=/data/share/1919650160032350208/foundation_model/datasets/astribot_lerobotv3/dishwasher_2_hcc_20260512_compressed
| >> Using pretrained_norm_stats for normalization: dataset=/data/share/1919650160032350208/foundation_model/datasets/astribot_lerobotv3/dishwasher_2_hcc_20260513_compressed
| >> Using pretrained_norm_stats for normalization: dataset=/data/share/1919650160032350208/foundation_model/datasets/astribot_lerobotv3/dishwasher_2_hcc_20260518_compressed
| >> Using pretrained_norm_stats for normalization: dataset=/data/share/1919650160032350208/foundation_model/datasets/astribot_lerobotv3/dishwasher_2_hcc_20260521_compressed
| >> Using pretrained_norm_stats for normalization: dataset=/data/share/1919650160032350208/foundation_model/datasets/astribot_lerobotv3/dishwasher_2_hcc_20260522_compressed
| >> Using pretrained_norm_stats for normalization: dataset=/data/share/1919650160032350208/foundation_model/datasets/astribot_lerobotv3/dishwasher_2_hcc_20260525_compressed
| >> Using pretrained_norm_stats for normalization: dataset=/data/share/1919650160032350208/foundation_model/datasets/astribot_lerobotv3/dishwasher_2_hcc_20260526_compressed
| >> Using pretrained_norm_stats for normalization: dataset=/data/share/1919650160032350208/foundation_model/datasets/astribot_lerobotv3/dishwasher_2_hcc_20260528_compressed
| >> Using pretrained_norm_stats for normalization: dataset=/data/share/1919650160032350208/foundation_model/datasets/astribot_lerobotv3/dishwasher_2_hcc_20260601_compressed
| >> Using pretrained_norm_stats for normalization: dataset=/data/share/1919650160032350208/foundation_model/datasets/astribot_lerobotv3/oven_takeout_fx_20260525_compressed
| >> Using pretrained_norm_stats for normalization: dataset=/data/share/1919650160032350208/foundation_model/datasets/astribot_lerobotv3/oven_takeout_fx_20260526_compressed
| >> Using pretrained_norm_stats for normalization: dataset=/data/share/1919650160032350208/foundation_model/datasets/astribot_lerobotv3/oven_takeout_fx_20260527_compressed
| >> Using pretrained_norm_stats for normalization: dataset=/data/share/1919650160032350208/foundation_model/datasets/astribot_lerobotv3/oven_takeout_fx_20260528_compressed
| >> Using pretrained_norm_stats for normalization: dataset=/data/share/1919650160032350208/foundation_model/datasets/astribot_lerobotv3/oven_takeout_fx_20260601_compressed
| >> Using pretrained_norm_stats for normalization: dataset=/data/share/1919650160032350208/foundation_model/datasets/astribot_lerobotv3/oven_takeout_fx_20260608_compressed
| >> Using pretrained_norm_stats for normalization: dataset=/data/share/1919650160032350208/foundation_model/datasets/astribot_lerobotv3/oven_takeout_fx_20260609_compressed
| >> Using pretrained_norm_stats for normalization: dataset=/data/share/1919650160032350208/foundation_model/datasets/astribot_lerobotv3/collect_clothes_basket_bxx_20260622_compressed
| >> Using pretrained_norm_stats for normalization: dataset=/data/share/1919650160032350208/foundation_model/datasets/astribot_lerobotv3/collect_clothes_bxx_20260528_compressed
| >> Using pretrained_norm_stats for normalization: dataset=/data/share/1919650160032350208/foundation_model/datasets/astribot_lerobotv3/collect_clothes_bxx_20260529_compressed
| >> Using pretrained_norm_stats for normalization: dataset=/data/share/1919650160032350208/foundation_model/datasets/astribot_lerobotv3/collect_clothes_bxx_20260601_compressed
| >> Using pretrained_norm_stats for normalization: dataset=/data/share/1919650160032350208/foundation_model/datasets/astribot_lerobotv3/collect_clothes_bxx_20260610_compressed
| >> Using pretrained_norm_stats for normalization: dataset=/data/share/1919650160032350208/foundation_model/datasets/astribot_lerobotv3/collect_clothes_bxx_20260611_compressed
| >> Using pretrained_norm_stats for normalization: dataset=/data/share/1919650160032350208/foundation_model/datasets/astribot_lerobotv3/collect_clothes_bxx_20260615_compressed
| >> Using pretrained_norm_stats for normalization: dataset=/data/share/1919650160032350208/foundation_model/datasets/astribot_lerobotv3/collect_clothes_bxx_20260616_compressed
[TRAIN rank=15] >>> build_datasets() DONE — train_len=12187406, val_len=None
[TRAIN rank=15] >>> Wan22Trainer.train() START
| >> Using pretrained_norm_stats for normalization: dataset=/data/share/1919650160032350208/foundation_model/datasets/astribot_lerobotv3/collect_clothes_fx_20260526_compressed
| >> Using pretrained_norm_stats for normalization: dataset=/data/share/1919650160032350208/foundation_model/datasets/astribot_lerobotv3/collect_clothes_fx_20260528_compressed
| >> Using pretrained_norm_stats for normalization: dataset=/data/share/1919650160032350208/foundation_model/datasets/astribot_lerobotv3/collect_clothes_fx_20260601_compressed
[TRAIN rank=12] >>> build_datasets() DONE — train_len=12187406, val_len=None
[TRAIN rank=12] >>> Wan22Trainer.train() START
| >> Using pretrained_norm_stats for normalization: dataset=/data/share/1919650160032350208/foundation_model/datasets/astribot_lerobotv3/collect_clothes_fx_20260604_compressed
[TRAIN rank=2] >>> build_datasets() DONE — train_len=12187406, val_len=None
[TRAIN rank=2] >>> Wan22Trainer.train() START
| >> Using pretrained_norm_stats for normalization: dataset=/data/share/1919650160032350208/foundation_model/datasets/astribot_lerobotv3/collect_clothes_fx_20260611_compressed
| >> Using pretrained_norm_stats for normalization: dataset=/data/share/1919650160032350208/foundation_model/datasets/astribot_lerobotv3/collect_clothes_fx_20260612_compressed
| >> Using pretrained_norm_stats for normalization: dataset=/data/share/1919650160032350208/foundation_model/datasets/astribot_lerobotv3/collect_clothes_fx_20260616_compressed
| >> Using pretrained_norm_stats for normalization: dataset=/data/share/1919650160032350208/foundation_model/datasets/astribot_lerobotv3/collect_clothes_nearsofa_whb_20260622_compressed
| >> Using pretrained_norm_stats for normalization: dataset=/data/share/1919650160032350208/foundation_model/datasets/astribot_lerobotv3/collect_clothes_recover_whb_20260622_compressed
| >> Using pretrained_norm_stats for normalization: dataset=/data/share/1919650160032350208/foundation_model/datasets/astribot_lerobotv3/collect_clothes_recover_whb_20260623_compressed
| >> Using pretrained_norm_stats for normalization: dataset=/data/share/1919650160032350208/foundation_model/datasets/astribot_lerobotv3/collect_clothes_twoclothes_bxx_20260622_compressed
| >> Using pretrained_norm_stats for normalization: dataset=/data/share/1919650160032350208/foundation_model/datasets/astribot_lerobotv3/collect_clothes_twoclothesonthesoft_bxx_20260618_compressed
| >> Using pretrained_norm_stats for normalization: dataset=/data/share/1919650160032350208/foundation_model/datasets/astribot_lerobotv3/collect_clothes_twoclothesonthesoft_whb_20260618_compressed
[TRAIN rank=7] >>> build_datasets() DONE — train_len=12187406, val_len=None
[TRAIN rank=7] >>> Wan22Trainer.train() START
| >> Using pretrained_norm_stats for normalization: dataset=/data/share/1919650160032350208/foundation_model/datasets/astribot_lerobotv3/collect_clothes_whb_20260615_compressed
| >> Using pretrained_norm_stats for normalization: dataset=/data/share/1919650160032350208/foundation_model/datasets/astribot_lerobotv3/collect_clothes_whb_20260616_compressed
| >> Using pretrained_norm_stats for normalization: dataset=/data/share/1919650160032350208/foundation_model/datasets/astribot_lerobotv3/collect_clothes_whb_20260617_compressed
[TRAIN rank=13] >>> build_datasets() DONE — train_len=12187406, val_len=None
[TRAIN rank=13] >>> Wan22Trainer.train() START
| >> Using pretrained_norm_stats for normalization: dataset=/data/share/1919650160032350208/foundation_model/datasets/astribot_lerobotv3/collect_twoclothes_onthefloor_bxx_20260610_compressed
| >> Using pretrained_norm_stats for normalization: dataset=/data/share/1919650160032350208/foundation_model/datasets/astribot_lerobotv3/dry_clothes_bxx_20260508_compressed
| >> Using pretrained_norm_stats for normalization: dataset=/data/share/1919650160032350208/foundation_model/datasets/astribot_lerobotv3/dry_clothes_bxx_20260509_compressed
| >> Using pretrained_norm_stats for normalization: dataset=/data/share/1919650160032350208/foundation_model/datasets/astribot_lerobotv3/dry_clothes_bxx_20260513_compressed
| >> Using pretrained_norm_stats for normalization: dataset=/data/share/1919650160032350208/foundation_model/datasets/astribot_lerobotv3/dry_clothes_bxx_20260514_compressed
| >> Using pretrained_norm_stats for normalization: dataset=/data/share/1919650160032350208/foundation_model/datasets/astribot_lerobotv3/dry_clothes_bxx_20260520_compressed
| >> Using pretrained_norm_stats for normalization: dataset=/data/share/1919650160032350208/foundation_model/datasets/astribot_lerobotv3/dry_clothes_bxx_20260521_compressed
[TRAIN rank=8] >>> build_datasets() DONE — train_len=12187406, val_len=None
| >> Using pretrained_norm_stats for normalization: dataset=/data/share/1919650160032350208/foundation_model/datasets/astribot_lerobotv3/dry_clothes_bxx_20260522_compressed
[TRAIN rank=8] >>> Wan22Trainer.train() START
| >> Using pretrained_norm_stats for normalization: dataset=/data/share/1919650160032350208/foundation_model/datasets/astribot_lerobotv3/dry_clothes_bxx_20260527_compressed
| >> Using pretrained_norm_stats for normalization: dataset=/data/share/1919650160032350208/foundation_model/datasets/astribot_lerobotv3/dry_clothes_bxx_20260528_compressed
| >> Using pretrained_norm_stats for normalization: dataset=/data/share/1919650160032350208/foundation_model/datasets/astribot_lerobotv3/dry_clothes_bxx_20260601_compressed
| >> Using pretrained_norm_stats for normalization: dataset=/data/share/1919650160032350208/foundation_model/datasets/astribot_lerobotv3/dry_clothes_bxx_20260602_compressed
| >> Using pretrained_norm_stats for normalization: dataset=/data/share/1919650160032350208/foundation_model/datasets/astribot_lerobotv3/dry_clothes_bxx_20260603_compressed
[TRAIN rank=14] >>> build_datasets() DONE — train_len=12187406, val_len=None
[TRAIN rank=14] >>> Wan22Trainer.train() START
| >> Using pretrained_norm_stats for normalization: dataset=/data/share/1919650160032350208/foundation_model/datasets/astribot_lerobotv3/dry_clothes_bxx_20260604_compressed
[TRAIN rank=6] >>> build_datasets() DONE — train_len=12187406, val_len=None
| >> Using pretrained_norm_stats for normalization: dataset=/data/share/1919650160032350208/foundation_model/datasets/astribot_lerobotv3/dry_clothes_bxx_20260605_compressed
[TRAIN rank=6] >>> Wan22Trainer.train() START
| >> Using pretrained_norm_stats for normalization: dataset=/data/share/1919650160032350208/foundation_model/datasets/astribot_lerobotv3/dry_clothes_bxx_20260609_compressed
| >> Using pretrained_norm_stats for normalization: dataset=/data/share/1919650160032350208/foundation_model/datasets/astribot_lerobotv3/dry_clothes_grasp_whb_20260624_compressed
| >> Using pretrained_norm_stats for normalization: dataset=/data/share/1919650160032350208/foundation_model/datasets/astribot_lerobotv3/dry_clothes_openandmove_bxx_20260623_compressed
[TRAIN rank=5] >>> build_datasets() DONE — train_len=12187406, val_len=None
| >> Using pretrained_norm_stats for normalization: dataset=/data/share/1919650160032350208/foundation_model/datasets/astribot_lerobotv3/dry_clothes_openandmove_bxx_20260624_compressed
[TRAIN rank=5] >>> Wan22Trainer.train() START
| >> Using pretrained_norm_stats for normalization: dataset=/data/share/1919650160032350208/foundation_model/datasets/astribot_lerobotv3/dry_clothes_pickup_bxx_20260612_compressed
| >> Using pretrained_norm_stats for normalization: dataset=/data/share/1919650160032350208/foundation_model/datasets/astribot_lerobotv3/dry_clothes_pickup_bxx_20260615_compressed
| >> Using pretrained_norm_stats for normalization: dataset=/data/share/1919650160032350208/foundation_model/datasets/astribot_lerobotv3/dry_clothes_pickup_bxx_20260616_compressed
| >> Using pretrained_norm_stats for normalization: dataset=/data/share/1919650160032350208/foundation_model/datasets/astribot_lerobotv3/dry_clothes_pickup_bxx_20260617_compressed
| >> Using pretrained_norm_stats for normalization: dataset=/data/share/1919650160032350208/foundation_model/datasets/astribot_lerobotv3/wash_clothes_bxx_20260420_compressed
| >> Using pretrained_norm_stats for normalization: dataset=/data/share/1919650160032350208/foundation_model/datasets/astribot_lerobotv3/wash_clothes_bxx_20260421_compressed
| >> Using pretrained_norm_stats for normalization: dataset=/data/share/1919650160032350208/foundation_model/datasets/astribot_lerobotv3/wash_clothes_bxx_20260424_compressed
| >> Using pretrained_norm_stats for normalization: dataset=/data/share/1919650160032350208/foundation_model/datasets/astribot_lerobotv3/wash_clothes_bxx_20260506_compressed
| >> Using pretrained_norm_stats for normalization: dataset=/data/share/1919650160032350208/foundation_model/datasets/astribot_lerobotv3/wash_clothes_bxx_20260507_compressed
| >> Using pretrained_norm_stats for normalization: dataset=/data/share/1919650160032350208/foundation_model/datasets/astribot_lerobotv3/wash_clothes_bxx_20260508_compressed
| >> Using pretrained_norm_stats for normalization: dataset=/data/share/1919650160032350208/foundation_model/datasets/astribot_lerobotv3/wash_clothes_bxx_20260515_compressed
| >> Using pretrained_norm_stats for normalization: dataset=/data/share/1919650160032350208/foundation_model/datasets/astribot_lerobotv3/wash_clothes_bxx_20260519_compressed
| >> Using pretrained_norm_stats for normalization: dataset=/data/share/1919650160032350208/foundation_model/datasets/astribot_lerobotv3/wash_clothes_closeandmove_bxx_20260623_compressed
[TRAIN rank=11] >>> build_datasets() DONE — train_len=12187406, val_len=None
[TRAIN rank=11] >>> Wan22Trainer.train() START
| >> Using pretrained_norm_stats for normalization: dataset=/data/share/1919650160032350208/foundation_model/datasets/astribot_lerobotv3/wash_clothes_closeandmove_whb_20260623_compressed
[TRAIN rank=1] >>> build_datasets() DONE — train_len=12187406, val_len=None
[TRAIN rank=1] >>> Wan22Trainer.train() START
| >> Using pretrained_norm_stats for normalization: dataset=/data/share/1919650160032350208/foundation_model/datasets/astribot_lerobotv3/wash_clothes_hcc_20260413_compressed
| >> Using pretrained_norm_stats for normalization: dataset=/data/share/1919650160032350208/foundation_model/datasets/astribot_lerobotv3/wash_clothes_hcc_20260414_compressed
| >> Using pretrained_norm_stats for normalization: dataset=/data/share/1919650160032350208/foundation_model/datasets/astribot_lerobotv3/wash_clothes_opendoor_bxx_20260617_compressed
| >> Using pretrained_norm_stats for normalization: dataset=/data/share/1919650160032350208/foundation_model/datasets/astribot_lerobotv3/wash_clothes_pickup1_bxx_20260609_compressed
| >> Using pretrained_norm_stats for normalization: dataset=/data/share/1919650160032350208/foundation_model/datasets/astribot_lerobotv3/wash_clothes_pickup_bxx_20260525_compressed
| >> Using pretrained_norm_stats for normalization: dataset=/data/share/1919650160032350208/foundation_model/datasets/astribot_lerobotv3/wash_clothes_pickup_bxx_20260617_compressed
| >> Using pretrained_norm_stats for normalization: dataset=/data/share/1919650160032350208/foundation_model/datasets/astribot_lerobotv3/wash_clothes_putclothes_bxx_20260617_compressed
| >> Validation dataset disabled; ignoring data.val_mode=reuse_train and using full train dataset.
[TRAIN rank=0] >>> build_datasets() DONE — train_len=12187406, val_len=None
[TRAIN rank=0] >>> Wan22Trainer.train() START
[TRAIN rank=9] >>> build_datasets() DONE — train_len=12187406, val_len=None
[TRAIN rank=9] >>> Wan22Trainer.train() START
[TRAIN rank=10] >>> build_datasets() DONE — train_len=12187406, val_len=None
[TRAIN rank=10] >>> Wan22Trainer.train() START
[TRAIN rank=3] >>> build_datasets() DONE — train_len=12187406, val_len=None
[TRAIN rank=3] >>> Wan22Trainer.train() START
[TRAIN rank=4] >>> build_datasets() DONE — train_len=12187406, val_len=None
[TRAIN rank=4] >>> Wan22Trainer.train() START
| >> Accelerate training: distributed_type=DistributedType.DEEPSPEED zero_stage=1 world_size=64 process_index=0 cfg_mixed_precision=bf16 accelerator_mixed_precision=bf16 grad_accum=1 grad_clip=1.0000
| >> using accelerator.device=cuda:0
/usr/local/lib/python3.12/site-packages/torchvision/io/_video_deprecation_warning.py:5: UserWarning: The video decoding and encoding capabilities of torchvision are deprecated from version 0.22 and will be removed in version 0.24. We recommend that you migrate to TorchCodec, where we'll consolidate the future decoding/encoding capabilities of PyTorch: https://github.com/pytorch/torchcodec
  warnings.warn(
/usr/local/lib/python3.12/site-packages/torchvision/io/_video_deprecation_warning.py:5: UserWarning: The video decoding and encoding capabilities of torchvision are deprecated from version 0.22 and will be removed in version 0.24. We recommend that you migrate to TorchCodec, where we'll consolidate the future decoding/encoding capabilities of PyTorch: https://github.com/pytorch/torchcodec
  warnings.warn(
/usr/local/lib/python3.12/site-packages/torchvision/io/_video_deprecation_warning.py:5: UserWarning: The video decoding and encoding capabilities of torchvision are deprecated from version 0.22 and will be removed in version 0.24. We recommend that you migrate to TorchCodec, where we'll consolidate the future decoding/encoding capabilities of PyTorch: https://github.com/pytorch/torchcodec
  warnings.warn(
/usr/local/lib/python3.12/site-packages/torchvision/io/_video_deprecation_warning.py:5: UserWarning: The video decoding and encoding capabilities of torchvision are deprecated from version 0.22 and will be removed in version 0.24. We recommend that you migrate to TorchCodec, where we'll consolidate the future decoding/encoding capabilities of PyTorch: https://github.com/pytorch/torchcodec
  warnings.warn(
/usr/local/lib/python3.12/site-packages/torchvision/io/_video_deprecation_warning.py:5: UserWarning: The video decoding and encoding capabilities of torchvision are deprecated from version 0.22 and will be removed in version 0.24. We recommend that you migrate to TorchCodec, where we'll consolidate the future decoding/encoding capabilities of PyTorch: https://github.com/pytorch/torchcodec
  warnings.warn(
/usr/local/lib/python3.12/site-packages/torchvision/io/_video_deprecation_warning.py:5: UserWarning: The video decoding and encoding capabilities of torchvision are deprecated from version 0.22 and will be removed in version 0.24. We recommend that you migrate to TorchCodec, where we'll consolidate the future decoding/encoding capabilities of PyTorch: https://github.com/pytorch/torchcodec
  warnings.warn(
/usr/local/lib/python3.12/site-packages/torchvision/io/_video_deprecation_warning.py:5: UserWarning: The video decoding and encoding capabilities of torchvision are deprecated from version 0.22 and will be removed in version 0.24. We recommend that you migrate to TorchCodec, where we'll consolidate the future decoding/encoding capabilities of PyTorch: https://github.com/pytorch/torchcodec
  warnings.warn(
/usr/local/lib/python3.12/site-packages/torchvision/io/_video_deprecation_warning.py:5: UserWarning: The video decoding and encoding capabilities of torchvision are deprecated from version 0.22 and will be removed in version 0.24. We recommend that you migrate to TorchCodec, where we'll consolidate the future decoding/encoding capabilities of PyTorch: https://github.com/pytorch/torchcodec
  warnings.warn(
/usr/local/lib/python3.12/site-packages/torchvision/io/_video_deprecation_warning.py:5: UserWarning: The video decoding and encoding capabilities of torchvision are deprecated from version 0.22 and will be removed in version 0.24. We recommend that you migrate to TorchCodec, where we'll consolidate the future decoding/encoding capabilities of PyTorch: https://github.com/pytorch/torchcodec
  warnings.warn(
/usr/local/lib/python3.12/site-packages/torchvision/io/_video_deprecation_warning.py:5: UserWarning: The video decoding and encoding capabilities of torchvision are deprecated from version 0.22 and will be removed in version 0.24. We recommend that you migrate to TorchCodec, where we'll consolidate the future decoding/encoding capabilities of PyTorch: https://github.com/pytorch/torchcodec
  warnings.warn(
/usr/local/lib/python3.12/site-packages/torchvision/io/_video_deprecation_warning.py:5: UserWarning: The video decoding and encoding capabilities of torchvision are deprecated from version 0.22 and will be removed in version 0.24. We recommend that you migrate to TorchCodec, where we'll consolidate the future decoding/encoding capabilities of PyTorch: https://github.com/pytorch/torchcodec
  warnings.warn(
/usr/local/lib/python3.12/site-packages/torchvision/io/_video_deprecation_warning.py:5: UserWarning: The video decoding and encoding capabilities of torchvision are deprecated from version 0.22 and will be removed in version 0.24. We recommend that you migrate to TorchCodec, where we'll consolidate the future decoding/encoding capabilities of PyTorch: https://github.com/pytorch/torchcodec
  warnings.warn(
/usr/local/lib/python3.12/site-packages/torchvision/io/_video_deprecation_warning.py:5: UserWarning: The video decoding and encoding capabilities of torchvision are deprecated from version 0.22 and will be removed in version 0.24. We recommend that you migrate to TorchCodec, where we'll consolidate the future decoding/encoding capabilities of PyTorch: https://github.com/pytorch/torchcodec
  warnings.warn(
/usr/local/lib/python3.12/site-packages/torchvision/io/_video_deprecation_warning.py:5: UserWarning: The video decoding and encoding capabilities of torchvision are deprecated from version 0.22 and will be removed in version 0.24. We recommend that you migrate to TorchCodec, where we'll consolidate the future decoding/encoding capabilities of PyTorch: https://github.com/pytorch/torchcodec
  warnings.warn(
/usr/local/lib/python3.12/site-packages/torchvision/io/_video_deprecation_warning.py:5: UserWarning: The video decoding and encoding capabilities of torchvision are deprecated from version 0.22 and will be removed in version 0.24. We recommend that you migrate to TorchCodec, where we'll consolidate the future decoding/encoding capabilities of PyTorch: https://github.com/pytorch/torchcodec
  warnings.warn(
/usr/local/lib/python3.12/site-packages/torchvision/io/_video_deprecation_warning.py:5: UserWarning: The video decoding and encoding capabilities of torchvision are deprecated from version 0.22 and will be removed in version 0.24. We recommend that you migrate to TorchCodec, where we'll consolidate the future decoding/encoding capabilities of PyTorch: https://github.com/pytorch/torchcodec
  warnings.warn(
/usr/local/lib/python3.12/site-packages/torchvision/io/_video_deprecation_warning.py:5: UserWarning: The video decoding and encoding capabilities of torchvision are deprecated from version 0.22 and will be removed in version 0.24. We recommend that you migrate to TorchCodec, where we'll consolidate the future decoding/encoding capabilities of PyTorch: https://github.com/pytorch/torchcodec
  warnings.warn(
/usr/local/lib/python3.12/site-packages/torchvision/io/_video_deprecation_warning.py:5: UserWarning: The video decoding and encoding capabilities of torchvision are deprecated from version 0.22 and will be removed in version 0.24. We recommend that you migrate to TorchCodec, where we'll consolidate the future decoding/encoding capabilities of PyTorch: https://github.com/pytorch/torchcodec
  warnings.warn(
/usr/local/lib/python3.12/site-packages/torchvision/io/_video_deprecation_warning.py:5: UserWarning: The video decoding and encoding capabilities of torchvision are deprecated from version 0.22 and will be removed in version 0.24. We recommend that you migrate to TorchCodec, where we'll consolidate the future decoding/encoding capabilities of PyTorch: https://github.com/pytorch/torchcodec
  warnings.warn(
/usr/local/lib/python3.12/site-packages/torchvision/io/_video_deprecation_warning.py:5: UserWarning: The video decoding and encoding capabilities of torchvision are deprecated from version 0.22 and will be removed in version 0.24. We recommend that you migrate to TorchCodec, where we'll consolidate the future decoding/encoding capabilities of PyTorch: https://github.com/pytorch/torchcodec
  warnings.warn(
/usr/local/lib/python3.12/site-packages/torchvision/io/_video_deprecation_warning.py:5: UserWarning: The video decoding and encoding capabilities of torchvision are deprecated from version 0.22 and will be removed in version 0.24. We recommend that you migrate to TorchCodec, where we'll consolidate the future decoding/encoding capabilities of PyTorch: https://github.com/pytorch/torchcodec
  warnings.warn(
/usr/local/lib/python3.12/site-packages/torchvision/io/_video_deprecation_warning.py:5: UserWarning: The video decoding and encoding capabilities of torchvision are deprecated from version 0.22 and will be removed in version 0.24. We recommend that you migrate to TorchCodec, where we'll consolidate the future decoding/encoding capabilities of PyTorch: https://github.com/pytorch/torchcodec
  warnings.warn(
/usr/local/lib/python3.12/site-packages/torchvision/io/_video_deprecation_warning.py:5: UserWarning: The video decoding and encoding capabilities of torchvision are deprecated from version 0.22 and will be removed in version 0.24. We recommend that you migrate to TorchCodec, where we'll consolidate the future decoding/encoding capabilities of PyTorch: https://github.com/pytorch/torchcodec
  warnings.warn(
/usr/local/lib/python3.12/site-packages/torchvision/io/_video_deprecation_warning.py:5: UserWarning: The video decoding and encoding capabilities of torchvision are deprecated from version 0.22 and will be removed in version 0.24. We recommend that you migrate to TorchCodec, where we'll consolidate the future decoding/encoding capabilities of PyTorch: https://github.com/pytorch/torchcodec
  warnings.warn(
/usr/local/lib/python3.12/site-packages/torchvision/io/_video_deprecation_warning.py:5: UserWarning: The video decoding and encoding capabilities of torchvision are deprecated from version 0.22 and will be removed in version 0.24. We recommend that you migrate to TorchCodec, where we'll consolidate the future decoding/encoding capabilities of PyTorch: https://github.com/pytorch/torchcodec
  warnings.warn(
/usr/local/lib/python3.12/site-packages/torchvision/io/_video_deprecation_warning.py:5: UserWarning: The video decoding and encoding capabilities of torchvision are deprecated from version 0.22 and will be removed in version 0.24. We recommend that you migrate to TorchCodec, where we'll consolidate the future decoding/encoding capabilities of PyTorch: https://github.com/pytorch/torchcodec
  warnings.warn(
/usr/local/lib/python3.12/site-packages/torchvision/io/_video_deprecation_warning.py:5: UserWarning: The video decoding and encoding capabilities of torchvision are deprecated from version 0.22 and will be removed in version 0.24. We recommend that you migrate to TorchCodec, where we'll consolidate the future decoding/encoding capabilities of PyTorch: https://github.com/pytorch/torchcodec
  warnings.warn(
/usr/local/lib/python3.12/site-packages/torchvision/io/_video_deprecation_warning.py:5: UserWarning: The video decoding and encoding capabilities of torchvision are deprecated from version 0.22 and will be removed in version 0.24. We recommend that you migrate to TorchCodec, where we'll consolidate the future decoding/encoding capabilities of PyTorch: https://github.com/pytorch/torchcodec
  warnings.warn(
/usr/local/lib/python3.12/site-packages/torchvision/io/_video_deprecation_warning.py:5: UserWarning: The video decoding and encoding capabilities of torchvision are deprecated from version 0.22 and will be removed in version 0.24. We recommend that you migrate to TorchCodec, where we'll consolidate the future decoding/encoding capabilities of PyTorch: https://github.com/pytorch/torchcodec
  warnings.warn(
/usr/local/lib/python3.12/site-packages/torchvision/io/_video_deprecation_warning.py:5: UserWarning: The video decoding and encoding capabilities of torchvision are deprecated from version 0.22 and will be removed in version 0.24. We recommend that you migrate to TorchCodec, where we'll consolidate the future decoding/encoding capabilities of PyTorch: https://github.com/pytorch/torchcodec
  warnings.warn(
/usr/local/lib/python3.12/site-packages/torchvision/io/_video_deprecation_warning.py:5: UserWarning: The video decoding and encoding capabilities of torchvision are deprecated from version 0.22 and will be removed in version 0.24. We recommend that you migrate to TorchCodec, where we'll consolidate the future decoding/encoding capabilities of PyTorch: https://github.com/pytorch/torchcodec
  warnings.warn(
/usr/local/lib/python3.12/site-packages/torchvision/io/_video_deprecation_warning.py:5: UserWarning: The video decoding and encoding capabilities of torchvision are deprecated from version 0.22 and will be removed in version 0.24. We recommend that you migrate to TorchCodec, where we'll consolidate the future decoding/encoding capabilities of PyTorch: https://github.com/pytorch/torchcodec
  warnings.warn(
/usr/local/lib/python3.12/site-packages/torchvision/io/_video_deprecation_warning.py:5: UserWarning: The video decoding and encoding capabilities of torchvision are deprecated from version 0.22 and will be removed in version 0.24. We recommend that you migrate to TorchCodec, where we'll consolidate the future decoding/encoding capabilities of PyTorch: https://github.com/pytorch/torchcodec
  warnings.warn(
/usr/local/lib/python3.12/site-packages/torchvision/io/_video_deprecation_warning.py:5: UserWarning: The video decoding and encoding capabilities of torchvision are deprecated from version 0.22 and will be removed in version 0.24. We recommend that you migrate to TorchCodec, where we'll consolidate the future decoding/encoding capabilities of PyTorch: https://github.com/pytorch/torchcodec
  warnings.warn(
/usr/local/lib/python3.12/site-packages/torchvision/io/_video_deprecation_warning.py:5: UserWarning: The video decoding and encoding capabilities of torchvision are deprecated from version 0.22 and will be removed in version 0.24. We recommend that you migrate to TorchCodec, where we'll consolidate the future decoding/encoding capabilities of PyTorch: https://github.com/pytorch/torchcodec
  warnings.warn(
/usr/local/lib/python3.12/site-packages/torchvision/io/_video_deprecation_warning.py:5: UserWarning: The video decoding and encoding capabilities of torchvision are deprecated from version 0.22 and will be removed in version 0.24. We recommend that you migrate to TorchCodec, where we'll consolidate the future decoding/encoding capabilities of PyTorch: https://github.com/pytorch/torchcodec
  warnings.warn(
/usr/local/lib/python3.12/site-packages/torchvision/io/_video_deprecation_warning.py:5: UserWarning: The video decoding and encoding capabilities of torchvision are deprecated from version 0.22 and will be removed in version 0.24. We recommend that you migrate to TorchCodec, where we'll consolidate the future decoding/encoding capabilities of PyTorch: https://github.com/pytorch/torchcodec
  warnings.warn(
/usr/local/lib/python3.12/site-packages/torchvision/io/_video_deprecation_warning.py:5: UserWarning: The video decoding and encoding capabilities of torchvision are deprecated from version 0.22 and will be removed in version 0.24. We recommend that you migrate to TorchCodec, where we'll consolidate the future decoding/encoding capabilities of PyTorch: https://github.com/pytorch/torchcodec
  warnings.warn(
/usr/local/lib/python3.12/site-packages/torchvision/io/_video_deprecation_warning.py:5: UserWarning: The video decoding and encoding capabilities of torchvision are deprecated from version 0.22 and will be removed in version 0.24. We recommend that you migrate to TorchCodec, where we'll consolidate the future decoding/encoding capabilities of PyTorch: https://github.com/pytorch/torchcodec
  warnings.warn(
/usr/local/lib/python3.12/site-packages/torchvision/io/_video_deprecation_warning.py:5: UserWarning: The video decoding and encoding capabilities of torchvision are deprecated from version 0.22 and will be removed in version 0.24. We recommend that you migrate to TorchCodec, where we'll consolidate the future decoding/encoding capabilities of PyTorch: https://github.com/pytorch/torchcodec
  warnings.warn(
/usr/local/lib/python3.12/site-packages/torchvision/io/_video_deprecation_warning.py:5: UserWarning: The video decoding and encoding capabilities of torchvision are deprecated from version 0.22 and will be removed in version 0.24. We recommend that you migrate to TorchCodec, where we'll consolidate the future decoding/encoding capabilities of PyTorch: https://github.com/pytorch/torchcodec
  warnings.warn(
/usr/local/lib/python3.12/site-packages/to| >> [train] epoch=0 step=30/158700 loss=2.4503 loss_action=1.9956 loss_video=0.4547 lr=7.81e-07 speed=0.13 step/s, 99.71 samples/s eta=339:27:55
| >> [train] epoch=0 step=40/158700 loss=2.2986 loss_action=1.8850 loss_video=0.4136 lr=1.03e-06 speed=0.13 step/s, 100.45 samples/s eta=336:58:29
| >> [train] epoch=0 step=50/158700 loss=2.1639 loss_action=1.7880 loss_video=0.3759 lr=1.29e-06 speed=0.14 step/s, 105.41 samples/s eta=321:05:2| >> [train] epoch=0 step=60/158700 loss=2.0482 loss_action=1.6991 loss_video=0.3490 lr=1.54e-06 speed=0.14 step/s, 105.46 samples/s eta=320:55:01
| >> [train] epoch=0 step=70/158700 loss=1.9019 loss_action=1.5516 loss_video=0.3503 lr=1.79e-06 speed=0.14 step/s, 108.42 samples/s eta=312:08:36
| >> [train] epoch=0 step=80/158700 loss=1.6497 loss_action=1.3167 loss_video=0.3330 lr=2.04e-06 speed=0.14 step/s, 108.29 samples/s eta=312:28:40
| >> [train] epoch=0 step=90/158700 loss=1.4993 loss_action=1.1740 loss_video=0.3253 lr=2.29e-06 speed=0.14 step/s, 110.49 samples/s eta=306:14:56
| >> [train] epoch=0 step=100/158700 loss=1.4241 loss_action=1.0926 loss_video=0.3315 lr=2.55e-06 speed=0.14 step/s, 110.17 samples/s eta=307:06:19
| >> [train] epoch=0 step=110/158700 loss=1.1819 loss_action=0.8642 loss_video=0.3177 lr=2.80e-06 speed=0.15 step/s, 111.94 samples/s eta=302:13:41
| >> [train] epoch=0 step=120/158700 loss=1.0096 loss_action=0.6825 loss_video=0.3270 lr=3.05e-06 speed=0.15 step/s, 111.42 samples/s eta=303:37:39
| >> [train] epoch=0 step=130/158700 loss=0.8929 loss_action=0.5779 loss_video=0.3150 lr=3.30e-06 speed=0.15 step/s, 112.88 samples/s eta=299:40:14
| >> [train] epoch=0 step=140/158700 loss=0.7875 loss_action=0.4711 loss_video=0.3164 lr=3.55e-06 speed=0.15 step/s, 112.48 samples/s eta=300:43:35
| >> [train] epoch=0 step=150/158700 loss=0.7599 loss_action=0.4361 loss_video=0.3238 lr=3.81e-06 speed=0.15 step/s, 113.58 samples/s eta=297:47:59
| >> [train] epoch=0 step=160/158700 loss=0.6848 loss_action=0.3809 loss_video=0.3040 lr=4.06e-06 speed=0.15 step/s, 113.21 samples/s eta=298:45:37
| >> [train] epoch=0 step=170/158700 loss=0.6731 loss_action=0.3556 loss_video=0.3175 lr=4.31e-06 speed=0.15 step/s, 113.89 samples/s eta=296:57:07
d will be removed in version 0.24. We recommend that you migrate to TorchCodec, where we'll consolidate the future decoding/encoding capabilities of PyTorch: https://github.com/pytorch/torchcodec
  warnings.warn(
/usr/local/lib/python3.12/site-packages/torchvision/io/_video_deprecation_warning.py:5: UserWarning: The video decoding and encoding capabilities of torchvision are deprecated from version 0.22 and will be removed in version 0.24. We recommend that you migrate to TorchCodec, where we'll consolidate the future decoding/encoding capabilities of PyTorch: https://github.com/pytorch/torchcodec
  warnings.warn(
/usr/local/lib/python3.12/site-packages/torchvision/io/_video_deprecation_warning.py:5: UserWarning: The video decoding and encoding capabilities of torchvision are deprecated from version 0.22 and will be removed in version 0.24. We recommend that you migrate to TorchCodec, where we'll consolidate the future decoding/encoding capabilities of PyTorch: https://github.com/pytorch/torchcodec
  warnings.warn(
/usr/local/lib/python3.12/site-packages/torchvision/io/_video_deprecation_warning.py:5: UserWarning: The video decoding and encoding capabilities of torchvision are deprecated from version 0.22 and will be removed in version 0.24. We recommend that you migrate to TorchCodec, where we'll consolidate the future decoding/encoding capabilities of PyTorch: https://github.com/pytorch/torchcodec
  warnings.warn(
/usr/local/lib/python3.12/site-packages/torchvision/io/_video_deprecation_warning.py:5: UserWarning: The video decoding and encoding capabilities of torchvision are deprecated from version 0.22 and will be removed in version 0.24. We recommend that you migrate to TorchCodec, where we'll consolidate the future decoding/encoding capabilities of PyTorch: https://github.com/pytorch/torchcodec
  warnings.warn(
/usr/local/lib/python3.12/site-packages/torchvision/io/_video_deprecation_warning.py:5: UserWarning: The video decoding and encoding capabilities of torchvision are deprecated from version 0.22 and will be removed in version 0.24. We recommend that you migrate to TorchCodec, where we'll consolidate the future decoding/encoding capabilities of PyTorch: https://github.com/pytorch/torchcodec
  warnings.warn(
/usr/local/lib/python3.12/site-packages/torchvision/io/_video_deprecation_warning.py:5: UserWarning: The video decoding and encoding capabilities of torchvision are deprecated from version 0.22 and will be removed in version 0.24. We recommend that you migrate to TorchCodec, where we'll consolidate the future decoding/encoding capabilities of PyTorch: https://github.com/pytorch/torchcodec
  warnings.warn(
/usr/local/lib/python3.12/site-packages/torchvision/io/_video_deprecation_warning.py:5: UserWarning: The video decoding and encoding capabilities of torchvision are deprecated from version 0.22 and will be removed in version 0.24. We recommend that you migrate to TorchCodec, where we'll consolidate the future decoding/encoding capabilities of PyTorch: https://github.com/pytorch/torchcodec
  warnings.warn(
/usr/local/lib/python3.12/site-packages/torchvision/io/_video_deprecation_warning.py:5: UserWarning: The video decoding and encoding capabilities of torchvision are deprecated from version 0.22 and will be removed in version 0.24. We recommend that you migrate to TorchCodec, where we'll consolidate the future decoding/encoding capabilities of PyTorch: https://github.com/pytorch/torchcodec
  warnings.warn(
/usr/local/lib/python3.12/site-packages/torchvision/io/_video_deprecation_warning.py:5: UserWarning: The video decoding and encoding capabilities of torchvision are deprecated from version 0.22 and will be removed in version 0.24. We recommend that you migrate to TorchCodec, where we'll consolidate the future decoding/encoding capabilities of PyTorch: https://github.com/pytorch/torchcodec
  warnings.warn(
/usr/local/lib/python3.12/site-packages/torchvision/io/_video_deprecation_warning.py:5: UserWarning: The video decoding and encoding capabilities of torchvision are deprecated from version 0.22 and will be removed in version 0.24. We recommend that you migrate to TorchCodec, where we'll consolidate the future decoding/encoding capabilities of PyTorch: https://github.com/pytorch/torchcodec
  warnings.warn(
/usr/local/lib/python3.12/site-packages/torchvision/io/_video_deprecation_warning.py:5: UserWarning: The video decoding and encoding capabilities of torchvision are deprecated from version 0.22 and will be removed in version 0.24. We recommend that you migrate to TorchCodec, where we'll consolidate the future decoding/encoding capabilities of PyTorch: https://github.com/pytorch/torchcodec
  warnings.warn(
/usr/local/lib/python3.12/site-packages/torchvision/io/_video_deprecation_warning.py:5: UserWarning: The video decoding and encoding capabilities of torchvision are deprecated from version 0.22 and will be removed in version 0.24. We recommend that you migrate to TorchCodec, where we'll consolidate the future decoding/encoding capabilities of PyTorch: https://github.com/pytorch/torchcodec
  warnings.warn(
/usr/local/lib/python3.12/site-packages/torchvision/io/_video_deprecation_warning.py:5: UserWarning: The video decoding and encoding capabilities of torchvision are deprecated from version 0.22 and will be removed in version 0.24. We recommend that you migrate to TorchCodec, where we'll consolidate the future decoding/encoding capabilities of PyTorch: https://github.com/pytorch/torchcodec
  warnings.warn(
/usr/local/lib/python3.12/site-packages/torchvision/io/_video_deprecation_warning.py:5: UserWarning: The video decoding and encoding capabilities of torchvision are deprecated from version 0.22 and will be removed in version 0.24. We recommend that you migrate to TorchCodec, where we'll consolidate the future decoding/encoding capabilities of PyTorch: https://github.com/pytorch/torchcodec
  warnings.warn(
/usr/local/lib/python3.12/site-packages/torchvision/io/_video_deprecation_warning.py:5: UserWarning: The video decoding and encoding capabilities of torchvision are deprecated from version 0.22 and will be removed in version 0.24. We recommend that you migrate to TorchCodec, where we'll consolidate the future decoding/encoding capabilities of PyTorch: https://github.com/pytorch/torchcodec
  warnings.warn(
/usr/local/lib/python3.12/site-packages/torchvision/io/_video_deprecation_warning.py:5: UserWarning: The video decoding and encoding capabilities of torchvision are deprecated from version 0.22 and will be removed in version 0.24. We recommend that you migrate to TorchCodec, where we'll consolidate the future decoding/encoding capabilities of PyTorch: https://github.com/pytorch/torchcodec
  warnings.warn(
/usr/local/lib/python3.12/site-packages/torchvision/io/_video_deprecation_warning.py:5: UserWarning: The video decoding and encoding capabilities of torchvision are deprecated from version 0.22 and will be removed in version 0.24. We recommend that you migrate to TorchCodec, where we'll consolidate the future decoding/encoding capabilities of PyTorch: https://github.com/pytorch/torchcodec
  warnings.warn(
/usr/local/lib/python3.12/site-packages/torchvision/io/_video_deprecation_warning.py:5: UserWarning: The video decoding and encoding capabilities of torchvision are deprecated from version 0.22 and will be removed in version 0.24. We recommend that you migrate to TorchCodec, where we'll consolidate the future decoding/encoding capabilities of PyTorch: https://github.com/pytorch/torchcodec
  warnings.warn(
/usr/local/lib/python3.12/site-packages/torchvision/io/_video_deprecation_warning.py:5: UserWarning: The video decoding and encoding capabilities of torchvision are deprecated from version 0.22 and will be removed in version 0.24. We recommend that you migra| >> [train] epoch=0 step=10/158700 loss=2.6118 loss_action=2.0217 loss_video=0.5901 lr=2.77e-07 speed=0.11 step/s, 81.50 samples/s eta=415:22:59
| >> [train] epoch=0 step=20/158700 loss=2.4813 loss_action=1.9306 loss_video=0.5507 lr=5.29e-07 speed=0.12 step/s, 90.13 samples/s eta=375:36:24
ties of torchvision are deprecated from version 0.22 and will be removed in version 0.24. We recommend that you migrate to TorchCodec, where we'll consolidate the future decoding/encoding capabilities of PyTorch: https://github.com/pytorch/torchcodec
  warnings.warn(
/usr/local/lib/python3.12/site-packages/torchvision/io/_video_deprecation_warning.py:5: UserWarning: The video decoding and encoding capabilities of torchvision are deprecated from version 0.22 and will be removed in version 0.24. We recommend that you migrate to TorchCodec, where we'll consolidate the future decoding/encoding capabilities of PyTorch: https://github.com/pytorch/torchcodec
  warnings.warn(
/usr/local/lib/python3.12/site-packages/torchvision/io/_video_deprecation_warning.py:5: UserWarning: The video decoding and encoding capabilities of torchvision are deprecated from version 0.22 and will be removed in version 0.24. We recommend that you migrate to TorchCodec, where we'll consolidate the future decoding/encoding capabilities of PyTorch: https://github.com/pytorch/torchcodec
  warnings.warn(
/usr/local/lib/python3.12/site-packages/torchvision/io/_video_deprecation_warning.py:5: UserWarning: The video decoding and encoding capabilities of torchvision are deprecated from version 0.22 and will be removed in version 0.24. We recommend that you migrate to TorchCodec, where we'll consolidate the future decoding/encoding capabilities of PyTorch: https://github.com/pytorch/torchcodec
  warnings.warn(
/usr/local/lib/python3.12/site-packages/torchvision/io/_video_deprecation_warning.py:5: UserWarning: The video decoding and encoding capabilities of torchvision are deprecated from version 0.22 and will be removed in version 0.24. We recommend that you migrate to TorchCodec, where we'll consolidate the future decoding/encoding capabilities of PyTorch: https://github.com/pytorch/torchcodec
  warnings.warn(
/usr/local/lib/python3.12/site-packages/torchvision/io/_video_deprecation_warning.py:5: UserWarning: The video decoding and encoding capabilities of torchvision are deprecated from version 0.22 and will be removed in version 0.24. We recommend that you migrate to TorchCodec, where we'll consolidate the future decoding/encoding capabilities of PyTorch: https://github.com/pytorch/torchcodec
  warnings.warn(
/usr/local/lib/python3.12/site-packages/torchvision/io/_video_deprecation_warning.py:5: UserWarning: The video decoding and encoding capabilities of torchvision are deprecated from version 0.22 and will be removed in version 0.24. We recommend that you migrate to TorchCodec, where we'll consolidate the future decoding/encoding capabilities of PyTorch: https://github.com/pytorch/torchcodec
  warnings.warn(
/usr/local/lib/python3.12/site-packages/torchvision/io/_video_deprecation_warning.py:5: UserWarning: The video decoding and encoding capabilities of torchvision are deprecated from version 0.22 and will be removed in version 0.24. We recommend that you migrate to TorchCodec, where we'll consolidate the future decoding/encoding capabilities of PyTorch: https://github.com/pytorch/torchcodec
  warnings.warn(
/usr/local/lib/python3.12/site-packages/torchvision/io/_video_deprecation_warning.py:5: UserWarning: The video decoding and encoding capabilities of torchvision are deprecated from version 0.22 and will be removed in version 0.24. We recommend that you migrate to TorchCodec, where we'll consolidate the future decoding/encoding capabilities of PyTorch: https://github.com/pytorch/torchcodec
  warnings.warn(
/usr/local/lib/python3.12/site-packages/torchvision/io/_video_deprecation_warning.py:5: UserWarning: The video decoding and encoding capabilities of torchvision are deprecated from version 0.22 and will be removed in version 0.24. We recommend that you migrate to TorchCodec, where we'll consolidate the future decoding/encoding capabilities of PyTorch: https://github.com/pytorch/torchcodec
  warnings.warn(
/usr/local/lib/python3.12/site-packages/torchvision/io/_video_deprecation_warning.py:5: UserWarning: The video decoding and encoding capabilities of torchvision are deprecated from version 0.22 and will be removed in version 0.24. We recommend that you migrate to TorchCodec, where we'll consolidate the future decoding/encoding capabilities of PyTorch: https://github.com/pytorch/torchcodec
  warnings.warn(
/usr/local/lib/python3.12/site-packages/torchvision/io/_video_deprecation_warning.py:5: UserWarning: The video decoding and encoding capabilities of torchvision are deprecated from version 0.22 and will be removed in version 0.24. We recommend that you migrate to TorchCodec, where we'll consolidate the future decoding/encoding capabilities of PyTorch: https://github.com/pytorch/torchcodec
  warnings.warn(
/usr/local/lib/python3.12/site-packages/torchvision/io/_video_deprecation_warning.py:5: UserWarning: The video decoding and encoding capabilities of torchvision are deprecated from version 0.22 and will be removed in version 0.24. We recommend that you migrate to TorchCodec, where we'll consolidate the future decoding/encoding capabilities of PyTorch: https://github.com/pytorch/torchcodec
  warnings.warn(
/usr/local/lib/python3.12/site-packages/torchvision/io/_video_deprecation_warning.py:5: UserWarning: The video decoding and encoding capabilities of torchvision are deprecated from version 0.22 and will be removed in version 0.24. We recommend that you migrate to TorchCodec, where we'll consolidate the future decoding/encoding capabilities of PyTorch: https://github.com/pytorch/torchcodec
  warnings.warn(
/usr/local/lib/python3.12/site-packages/torchvision/io/_video_deprecation_warning.py:5: UserWarning: The video decoding and encoding capabilities of torchvision are deprecated from version 0.22 and will be removed in version 0.24. We recommend that you migrate to TorchCodec, where we'll consolidate the future decoding/encoding capabilities of PyTorch: https://github.com/pytorch/torchcodec
  warnings.warn(
/usr/local/lib/python3.12/site-packages/torchvision/io/_video_deprecation_warning.py:5: UserWarning: The video decoding and encoding capabilities of torchvision are deprecated from version 0.22 and will be removed in version 0.24. We recommend that you migrate to TorchCodec, where we'll consolidate the future decoding/encoding capabilities of PyTorch: https://github.com/pytorch/torchcodec
  warnings.warn(
/usr/local/lib/python3.12/site-packages/torchvision/io/_video_deprecation_warning.py:5: UserWarning: The video decoding and encoding capabilities of torchvision are deprecated from version 0.22 and will be removed in version 0.24. We recommend that you migrate to TorchCodec, where we'll consolidate the future decoding/encoding capabilities of PyTorch: https://github.com/pytorch/torchcodec
  warnings.warn(
/usr/local/lib/python3.12/site-packages/torchvision/io/_video_deprecation_warning.py:5: UserWarning: The video decoding and encoding capabilities of torchvision are deprecated from version 0.22 and will be removed in version 0.24. We recommend that you migrate to TorchCodec, where we'll consolidate the future decoding/encoding capabilities of PyTorch: https://github.com/pytorch/torchcodec
  warnings.warn(
/usr/local/lib/python3.12/site-packages/torchvision/io/_video_deprecation_warning.py:5: UserWarning: The video decoding and encoding capabilities of torchvision are deprecated from version 0.22 and will be removed in version 0.24. We recommend that you migrate to TorchCodec, where we'll consolidate the future decoding/encoding capabilities of PyTorch: https://github.com/pytorch/torchcodec
  warnings.warn(
/usr/local/lib/python3.12/site-packages/torchvision/io/_video_deprecation_warning.py:5: UserWarning: The video decoding and encoding capabilities of torchvision are deprecated from version 0.22 and will be removed in version 0.24. We recommend that you migrate to TorchCodec, where we'll consolidate the future decoding/encoding capabilities of PyTorch: https://github.com/pytorch/torchcodec
  warnings.warn(
/usr/local/lib/python3.12/site-packages/torchvision/io/_video_deprecation_warning.py:5: UserWarning: The video decoding and encoding capabilities of torchvision are deprecated from version 0.22 and will be removed in version 0.24. We recommend that you migrate to TorchCodec, where we'll consolidate the future decoding/encoding capabilities of PyTorch: https://github.com/pytorch/torchcodec
  warnings.warn(
/usr/local/lib/python3.12/site-packages/torchvision/io/_video_deprecation_warning.py:5: UserWarning: The video decoding and encoding capabilities of torchvision are deprecated from version 0.22 and will be removed in version 0.24. We recommend that you migrate to TorchCodec, where we'll consolidate the future decoding/encoding capabilities of PyTorch: https://github.com/pytorch/torchcodec
  warnings.warn(
/usr/local/lib/python3.12/site-packages/torchvision/io/_video_deprecation_warning.py:5: UserWarning: The video decoding and encoding capabilities of torchvision are deprecated from version 0.22 and will be removed in version 0.24. We recommend that you migrate to TorchCodec, where we'll consolidate the future decoding/encoding capabilities of PyTorch: https://github.com/pytorch/torchcodec
  warnings.warn(
/usr/local/lib/python3.12/site-packages/torchvision/io/_video_deprecation_warning.py:5: UserWarning: The video decoding and encoding capabilities of torchvision are deprecated from version 0.22 and will be removed in version 0.24. We recommend that you migrate to TorchCodec, where we'll consolidate the future decoding/encoding capabilities of PyTorch: https://github.com/pytorch/torchcodec
  warnings.warn(
/usr/local/lib/python3.12/site-packages/torchvision/io/_video_deprecation_warning.py:5: UserWarning: The video decoding and encoding capabilities of torchvision are deprecated from version 0.22 and will be removed in version 0.24. We recommend that you migrate to TorchCodec, where we'll consolidate the future decoding/encoding capabilities of PyTorch: https://github.com/pytorch/torchcodec
  warnings.warn(
/usr/local/lib/python3.12/site-packages/torchvision/io/_video_deprecation_warning.py:5: UserWarning: The video decoding and encoding capabilities of torchvision are deprecated from version 0.22 and will be removed in version 0.24. We recommend that you migrate to TorchCodec, where we'll consolidate the future decoding/encoding capabilities of PyTorch: https://github.com/pytorch/torchcodec
  warnings.warn(
/usr/local/lib/python3.12/site-packages/torchvision/io/_video_deprecation_warning.py:5: UserWarning: The video decoding and encoding capabilities of torchvision are deprecated from version 0.22 and will be removed in version 0.24. We recommend that you migrate to TorchCodec, where we'll consolidate the future decoding/encoding capabilities of PyTorch: https://github.com/pytorch/torchcodec
  warnings.warn(
/usr/local/lib/python3.12/site-packages/torchvision/io/_video_deprecation_warning.py:5: UserWarning: The video decoding and encoding capabilities of torchvision are deprecated from version 0.22 and will be removed in version 0.24. We recommend that you migrate to TorchCodec, where we'll consolidate the future decoding/encoding capabilities of PyTorch: https://github.com/pytorch/torchcodec
  warnings.warn(
/usr/local/lib/python3.12/site-packages/torchvision/io/_video_deprecation_warning.py:5: UserWarning: The video decoding and encoding capabilities of torchvision are deprecated from version 0.22 and will be removed in version 0.24. We recommend that you migrate to TorchCodec, where we'll consolidate the future decoding/encoding capabilities of PyTorch: https://github.com/pytorch/torchcodec
  warnings.warn(
/usr/local/lib/python3.12/site-packages/torchvision/io/_video_deprecation_warning.py:5: UserWarning: The video decoding and encoding capabilities of torchvision are deprecated from version 0.22 and will be removed in version 0.24. We recommend that you migrate to TorchCodec, where we'll consolidate the future decoding/encoding capabilities of PyTorch: https://github.com/pytorch/torchcodec
  warnings.warn(
/usr/local/lib/python3.12/site-packages/torchvision/io/_video_deprecation_warning.py:5: UserWarning: The video decoding and encoding capabilities of torchvision are deprecated from version 0.22 and will be removed in version 0.24. We recommend that you migrate to TorchCodec, where we'll consolidate the future decoding/encoding capabilities of PyTorch: https://github.com/pytorch/torchcodec
  warnings.warn(
/usr/local/lib/python3.12/site-packages/torchvision/io/_video_deprecation_warning.py:5: UserWarning: The video decoding and encoding capabilities of torchvision are deprecated from version 0.22 and will be removed in version 0.24. We recommend that you migrate to TorchCodec, where we'll consolidate the future decoding/encoding capabilities of PyTorch: https://github.com/pytorch/torchcodec
  warnings.warn(
/usr/local/lib/python3.12/site-packages/torchvision/io/_video_deprecation_warning.py:5: UserWarning: The video decoding and encoding capabilities of torchvision are deprecated from version 0.22 and will be removed in version 0.24. We recommend that you migrate to TorchCodec, where we'll consolidate the future decoding/encoding capabilities of PyTorch: https://github.com/pytorch/torchcodec
  warnings.warn(
/usr/local/lib/python3.12/site-packages/torchvision/io/_video_deprecation_warning.py:5: UserWarning: The video decoding and encoding capabilities of torchvision are deprecated from version 0.22 and will be removed in version 0.24. We recommend that you migrate to TorchCodec, where we'll consolidate the future decoding/encoding capabilities of PyTorch: https://github.com/pytorch/torchcodec
  warnings.warn(
/usr/local/lib/python3.12/site-packages/torchvision/io/_video_deprecation_warning.py:5: UserWarning: The video decoding and encoding capabilities of torchvision are deprecated from version 0.22 and will be removed in version 0.24. We recommend that you migrate to TorchCodec, where we'll consolidate the future decoding/encoding capabilities of PyTorch: https://github.com/pytorch/torchcodec
  warnings.warn(
/usr/local/lib/python3.12/site-packages/torchvision/io/_video_deprecation_warning.py:5: UserWarning: The video decoding and encoding capabilities of torchvision are deprecated from version 0.22 and will be removed in version 0.24. We recommend that you migrate to TorchCodec, where we'll consolidate the future decoding/encoding capabilities of PyTorch: https://github.com/pytorch/torchcodec
  warnings.warn(
/usr/local/lib/python3.12/site-packages/torchvision/io/_video_deprecation_warning.py:5: UserWarning: The video decoding and encoding capabilities of torchvision are deprecated from version 0.22 and will be removed in version 0.24. We recommend that you migrate to TorchCodec, where we'll consolidate the future decoding/encoding capabilities of PyTorch: https://github.com/pytorch/torchcodec
  warnings.warn(
/usr/local/lib/python3.12/site-packages/torchvision/io/_video_deprecation_warning.py:5: UserWarning: The video decoding and encoding capabilities of torchvision are deprecated from version 0.22 and will be removed in version 0.24. We recommend that you migrate to TorchCodec, where we'll consolidate the future decoding/encoding capabilities of PyTorch: https://github.com/pytorch/torchcodec
  warnings.warn(
rchvision are deprecated from version 0.22 and will be removed in version 0.24. We recommend that you migrate to TorchCodec, where we'll consolidate the future decoding/encoding capabilities of PyTorch: https://github.com/pytorch/torchcodec
  warnings.warn(
/usr/local/lib/python3.12/site-packages/torchvision/io/_video_deprecation_warning.py:5: UserWarning: The video decoding and encoding capabilities of torchvision are deprecated from version 0.22 and will be removed in version 0.24. We recommend that you migrate to TorchCodec, where we'll consolidate the future decoding/encoding capabilities of PyTorch: https://github.com/pytorch/torchcodec
  warnings.warn(
/usr/local/lib/python3.12/site-packages/torchvision/io/_video_deprecation_warning.py:5: UserWarning: The video decoding and encoding capabilities of torchvision are deprecated from version 0.22 and will be removed in version 0.24. We recommend that you migrate to TorchCodec, where we'll consolidate the future decoding/encoding capabilities of PyTorch: https://github.com/pytorch/torchcodec
  warnings.warn(
/usr/local/lib/python3.12/site-packages/torchvision/io/_video_deprecation_warning.py:5: UserWarning: The video decoding and encoding capabilities of torchvision are deprecated from version 0.22 and will be removed in version 0.24. We recommend that you migrate to TorchCodec, where we'll consolidate the future decoding/encoding capabilities of PyTorch: https://github.com/pytorch/torchcodec
  warnings.warn(
/usr/local/lib/python3.12/site-packages/torchvision/io/_video_deprecation_warning.py:5: UserWarning: The video decoding and encoding capabilities of torchvision are deprecated from version 0.22 and will be removed in version 0.24. We recommend that you migrate to TorchCodec, where we'll consolidate the future decoding/encoding capabilities of PyTorch: https://github.com/pytorch/torchcodec
  warnings.warn(
/usr/local/lib/python3.12/site-packages/torchvision/io/_video_deprecation_warning.py:5: UserWarning: The video decoding and encoding capabilities of torchvision are deprecated from version 0.22 and will be removed in version 0.24. We recommend that you migrate to TorchCodec, where we'll consolidate the future decoding/encoding capabilities of PyTorch: https://github.com/pytorch/torchcodec
  warnings.warn(
/usr/local/lib/python3.12/site-packages/torchvision/io/_video_deprecation_warning.py:5: UserWarning: The video decoding and encoding capabilities of torchvision are deprecated from version 0.22 and will be removed in version 0.24. We recommend that you migrate to TorchCodec, where we'll consolidate the future decoding/encoding capabilities of PyTorch: https://github.com/pytorch/torchcodec
  warnings.warn(
/usr/local/lib/python3.12/site-packages/torchvision/io/_video_deprecation_warning.py:5: UserWarning: The video decoding and encoding capabilities of torchvision are deprecated from version 0.22 and will be removed in version 0.24. We recommend that you migrate to TorchCodec, where we'll consolidate the future decoding/encoding capabilities of PyTorch: https://github.com/pytorch/torchcodec
  warnings.warn(
/usr/local/lib/python3.12/site-packages/torchvision/io/_video_deprecation_warning.py:5: UserWarning: The video decoding and encoding capabilities of torchvision are deprecated from version 0.22 and will be removed in version 0.24. We recommend that you migrate to TorchCodec, where we'll consolidate the future decoding/encoding capabilities of PyTorch: https://github.com/pytorch/torchcodec
  warnings.warn(
/usr/local/lib/python3.12/site-packages/torchvision/io/_video_deprecation_warning.py:5: UserWarning: The video decoding and encoding capabilities of torchvision are deprecated from version 0.22 and will be removed in version 0.24. We recommend that you migrate to TorchCodec, where we'll consolidate the future decoding/encoding capabilities of PyTorch: https://github.com/pytorch/torchcodec
  warnings.warn(
/usr/local/lib/python3.12/site-packages/torchvision/io/_video_deprecation_warning.py:5: UserWarning: The video decoding and encoding capabilities of torchvision are deprecated from version 0.22 and will be removed in version 0.24. We recommend that you migrate to TorchCodec, where we'll consolidate the future decoding/encoding capabilities of PyTorch: https://github.com/pytorch/torchcodec
  warnings.warn(
/usr/local/lib/python3.12/site-packages/torchvision/io/_video_deprecation_warning.py:5: UserWarning: The video decoding and encoding capabilities of torchvision are deprecated from version 0.22 and will be removed in version 0.24. We recommend that you migrate to TorchCodec, where we'll consolidate the future decoding/encoding capabilities of PyTorch: https://github.com/pytorch/torchcodec
  warnings.warn(
/usr/local/lib/python3.12/site-packages/torchvision/io/_video_deprecation_warning.py:5: UserWarning: The video decoding and encoding capabilities of torchvision are deprecated from version 0.22 and will be removed in version 0.24. We recommend that you migrate to TorchCodec, where we'll consolidate the future decoding/encoding capabilities of PyTorch: https://github.com/pytorch/torchcodec
  warnings.warn(
/usr/local/lib/python3.12/site-packages/torchvision/io/_video_deprecation_warning.py:5: UserWarning: The video decoding and encoding capabilities of torchvision are deprecated from version 0.22 and will be removed in version 0.24. We recommend that you migrate to TorchCodec, where we'll consolidate the future decoding/encoding capabilities of PyTorch: https://github.com/pytorch/torchcodec
  warnings.warn(
/usr/local/lib/python3.12/site-packages/torchvision/io/_video_deprecation_warning.py:5: UserWarning: The video decoding and encoding capabilities of torchvision are deprecated from version 0.22 and will be removed in version 0.24. We recommend that you migrate to TorchCodec, where we'll consolidate the future decoding/encoding capabilities of PyTorch: https://github.com/pytorch/torchcodec
  warnings.warn(
/usr/local/lib/python3.12/site-packages/torchvision/io/_video_deprecation_warning.py:5: UserWarning: The video decoding and encoding capabilities of torchvision are deprecated from version 0.22 and will be removed in version 0.24. We recommend that you migrate to TorchCodec, where we'll consolidate the future decoding/encoding capabilities of PyTorch: https://github.com/pytorch/torchcodec
  warnings.warn(
/usr/local/lib/python3.12/site-packages/torchvision/io/_video_deprecation_warning.py:5: UserWarning: The video decoding and encoding capabilities of torchvision are deprecated from version 0.22 and will be removed in version 0.24. We recommend that you migrate to TorchCodec, where we'll consolidate the future decoding/encoding capabilities of PyTorch: https://github.com/pytorch/torchcodec
  warnings.warn(
/usr/local/lib/python3.12/site-packages/torchvision/io/_video_deprecation_warning.py:5: UserWarning: The video decoding and encoding capabilities of torchvision are deprecated from version 0.22 and will be removed in version 0.24. We recommend that you migrate to TorchCodec, where we'll consolidate the future decoding/encoding capabilities of PyTorch: https://github.com/pytorch/torchcodec
  warnings.warn(
/usr/local/lib/python3.12/site-packages/torchvision/io/_video_deprecation_warning.py:5: UserWarning: The video decoding and encoding capabilities of torchvision are deprecated from version 0.22 and will be removed in version 0.24. We recommend that you migrate to TorchCodec, where we'll consolidate the future decoding/encoding capabilities of PyTorch: https://github.com/pytorch/torchcodec
  warnings.warn(
/usr/local/lib/python3.12/site-packages/torchvision/io/_video_deprecation_warning.py:5: UserWarning: The video decoding and encoding capabilities of torchvision are deprecated from version 0.22 and will be removed in version 0.24. We recommend that you migrate to TorchCodec, where we'll consolidate the future decoding/encoding capabilities of PyTorch: https://github.com/pytorch/torchcodec
  warnings.warn(
/usr/local/lib/python3.12/site-packages/torchvision/io/_video_deprecation_warning.py:5: UserWarning: The video decoding and encoding capabilities of torchvision are deprecated from version 0.22 and will be removed in version 0.24. We recommend that you migrate to TorchCodec, where we'll consolidate the future decoding/encoding capabilities of PyTorch: https://github.com/pytorch/torchcodec
  warnings.warn(
/usr/local/lib/python3.12/site-packages/torchvision/io/_video_deprecation_warning.py:5: UserWarning: The video decoding and encoding capabilities of torchvision are deprecated from version 0.22 and will be removed in version 0.24. We recommend that you migrate to TorchCodec, where we'll consolidate the future decoding/encoding capabilities of PyTorch: https://github.com/pytorch/torchcodec
  warnings.warn(
